owner_kind	owner_id	class_count
clojure-namespace	clojure.core.async	345
clojure-namespace	clojure.core.async.impl.buffers	21
clojure-namespace	clojure.core.async.impl.channels	33
clojure-namespace	clojure.core.async.impl.concurrent	7
clojure-namespace	clojure.core.async.impl.dispatch	10
clojure-namespace	clojure.core.async.impl.exec.threadpool	6
clojure-namespace	clojure.core.async.impl.ioc_macros	319
clojure-namespace	clojure.core.async.impl.mutex	5
clojure-namespace	clojure.core.async.impl.protocols	57
clojure-namespace	clojure.core.async.impl.timers	12
clojure-namespace	clojure.core.cache	85
clojure-namespace	clojure.core.memoize	58
clojure-namespace	clojure.data.csv	21
clojure-namespace	clojure.data.json	69
clojure-namespace	clojure.data.priority_map	56
clojure-namespace	clojure.java.jmx	62
clojure-namespace	clojure.tools.analyzer	61
clojure-namespace	clojure.tools.analyzer.ast	24
clojure-namespace	clojure.tools.analyzer.env	6
clojure-namespace	clojure.tools.analyzer.jvm	51
clojure-namespace	clojure.tools.analyzer.jvm.utils	52
clojure-namespace	clojure.tools.analyzer.passes	39
clojure-namespace	clojure.tools.analyzer.passes.add_binding_atom	5
clojure-namespace	clojure.tools.analyzer.passes.cleanup	6
clojure-namespace	clojure.tools.analyzer.passes.constant_lifter	8
clojure-namespace	clojure.tools.analyzer.passes.elide_meta	9
clojure-namespace	clojure.tools.analyzer.passes.emit_form	51
clojure-namespace	clojure.tools.analyzer.passes.jvm.analyze_host_expr	11
clojure-namespace	clojure.tools.analyzer.passes.jvm.annotate_host_info	19
clojure-namespace	clojure.tools.analyzer.passes.jvm.annotate_loops	24
clojure-namespace	clojure.tools.analyzer.passes.jvm.annotate_tag	13
clojure-namespace	clojure.tools.analyzer.passes.jvm.box	31
clojure-namespace	clojure.tools.analyzer.passes.jvm.classify_invoke	6
clojure-namespace	clojure.tools.analyzer.passes.jvm.constant_lifter	5
clojure-namespace	clojure.tools.analyzer.passes.jvm.emit_form	40
clojure-namespace	clojure.tools.analyzer.passes.jvm.fix_case_test	4
clojure-namespace	clojure.tools.analyzer.passes.jvm.infer_tag	38
clojure-namespace	clojure.tools.analyzer.passes.jvm.validate	29
clojure-namespace	clojure.tools.analyzer.passes.jvm.validate_loop_locals	27
clojure-namespace	clojure.tools.analyzer.passes.jvm.validate_recur	12
clojure-namespace	clojure.tools.analyzer.passes.jvm.warn_on_reflection	10
clojure-namespace	clojure.tools.analyzer.passes.source_info	6
clojure-namespace	clojure.tools.analyzer.passes.trim	10
clojure-namespace	clojure.tools.analyzer.passes.uniquify	19
clojure-namespace	clojure.tools.analyzer.passes.warn_earmuff	5
clojure-namespace	clojure.tools.analyzer.utils	41
clojure-namespace	clojure.tools.cli	83
clojure-namespace	clojure.tools.reader	73
clojure-namespace	clojure.tools.reader.default_data_readers	36
clojure-namespace	clojure.tools.reader.impl.commons	14
clojure-namespace	clojure.tools.reader.impl.errors	40
clojure-namespace	clojure.tools.reader.impl.inspect	20
clojure-namespace	clojure.tools.reader.impl.utils	17
clojure-namespace	clojure.tools.reader.reader_types	85
clojure-namespace	cognitect.anomalies	6
clojure-namespace	cognitect.hmac_authn	51
clojure-namespace	cognitect.http_client	38
clojure-namespace	cognitect.http_client.specs	22
clojure-namespace	cognitect.nano_impl	83
clojure-namespace	cognitect.nano_impl.aws_detect	15
clojure-namespace	cognitect.nano_impl.marshaling	42
clojure-namespace	cognitect.nano_impl.registration	139
clojure-namespace	cognitect.nano_impl.server	62
clojure-namespace	cognitect.transit	70
clojure-namespace	datomic.adopter	4
clojure-namespace	datomic.aggregation	20
clojure-namespace	datomic.api	67
clojure-namespace	datomic.artemis_client	92
clojure-namespace	datomic.artemis_server	12
clojure-namespace	datomic.assert	10
clojure-namespace	datomic.async	9
clojure-namespace	datomic.aws	15
clojure-namespace	datomic.aws_detect	8
clojure-namespace	datomic.aws_monitor	26
clojure-namespace	datomic.backup	136
clojure-namespace	datomic.backup_cli	11
clojure-namespace	datomic.btset	53
clojure-namespace	datomic.builtins	11
clojure-namespace	datomic.cache	32
clojure-namespace	datomic.cache.caffeine	29
clojure-namespace	datomic.cache.impl	30
clojure-namespace	datomic.callback	8
clojure-namespace	datomic.cassandra	18
clojure-namespace	datomic.cassandra_v4	17
clojure-namespace	datomic.cassandra_values	22
clojure-namespace	datomic.cassandra_values_v4	23
clojure-namespace	datomic.cast2slf4j	11
clojure-namespace	datomic.cast2slf4j.peer_server	11
clojure-namespace	datomic.catalog	43
clojure-namespace	datomic.cleanup	13
clojure-namespace	datomic.cli	17
clojure-namespace	datomic.client_server.auth	10
clojure-namespace	datomic.client_server.marshaling	9
clojure-namespace	datomic.client_server.spi_support	17
clojure-namespace	datomic.cloudformation	45
clojure-namespace	datomic.cloudwatch	33
clojure-namespace	datomic.cluster	88
clojure-namespace	datomic.cluster_stack	50
clojure-namespace	datomic.clusterfs	37
clojure-namespace	datomic.codec	8
clojure-namespace	datomic.combined_cluster	7
clojure-namespace	datomic.common	101
clojure-namespace	datomic.config	76
clojure-namespace	datomic.config_ext	3
clojure-namespace	datomic.connector	85
clojure-namespace	datomic.coordination	27
clojure-namespace	datomic.coordination_ext	15
clojure-namespace	datomic.crypto	31
clojure-namespace	datomic.data	3
clojure-namespace	datomic.datafy	77
clojure-namespace	datomic.datalog	218
clojure-namespace	datomic.db	579
clojure-namespace	datomic.db.specs	9
clojure-namespace	datomic.db_io	12
clojure-namespace	datomic.ddb	69
clojure-namespace	datomic.ddb_cluster	5
clojure-namespace	datomic.ddb_s3_cluster	25
clojure-namespace	datomic.ddb_values	27
clojure-namespace	datomic.domain	32
clojure-namespace	datomic.ec2	58
clojure-namespace	datomic.error	30
clojure-namespace	datomic.excise	44
clojure-namespace	datomic.extension_resolver	23
clojure-namespace	datomic.extensions	22
clojure-namespace	datomic.external_sort	41
clojure-namespace	datomic.external_sort_datoms	10
clojure-namespace	datomic.fressian	39
clojure-namespace	datomic.fsbackup	17
clojure-namespace	datomic.fulltext	58
clojure-namespace	datomic.fulltext_index	15
clojure-namespace	datomic.function	24
clojure-namespace	datomic.future	28
clojure-namespace	datomic.garbage	54
clojure-namespace	datomic.garbage.fressian	24
clojure-namespace	datomic.garbage.pod	12
clojure-namespace	datomic.h2	20
clojure-namespace	datomic.iam	100
clojure-namespace	datomic.index	248
clojure-namespace	datomic.indexer	51
clojure-namespace	datomic.integrity	189
clojure-namespace	datomic.io	62
clojure-namespace	datomic.iter	42
clojure-namespace	datomic.janino	4
clojure-namespace	datomic.jar	9
clojure-namespace	datomic.jetty	12
clojure-namespace	datomic.kv_cache	9
clojure-namespace	datomic.kv_cassandra	9
clojure-namespace	datomic.kv_cassandra2	9
clojure-namespace	datomic.kv_cassandra3	9
clojure-namespace	datomic.kv_cluster	58
clojure-namespace	datomic.kv_dynamo	13
clojure-namespace	datomic.kv_dynamo_skv	9
clojure-namespace	datomic.kv_hotrod	11
clojure-namespace	datomic.kv_mem	8
clojure-namespace	datomic.kv_sql	10
clojure-namespace	datomic.kv_sql_ext	16
clojure-namespace	datomic.kv_store	24
clojure-namespace	datomic.launcher	8
clojure-namespace	datomic.lifecycle	10
clojure-namespace	datomic.lifecycle_ext	6
clojure-namespace	datomic.log	231
clojure-namespace	datomic.log.specs	4
clojure-namespace	datomic.log_gc	8
clojure-namespace	datomic.logrotate	17
clojure-namespace	datomic.lucene	41
clojure-namespace	datomic.math	14
clojure-namespace	datomic.memcached	44
clojure-namespace	datomic.memory	9
clojure-namespace	datomic.memory_size	42
clojure-namespace	datomic.monitor	30
clojure-namespace	datomic.peer	127
clojure-namespace	datomic.peer_client	52
clojure-namespace	datomic.peer_server	39
clojure-namespace	datomic.process	32
clojure-namespace	datomic.process.events	7
clojure-namespace	datomic.process_monitor	19
clojure-namespace	datomic.promise	11
clojure-namespace	datomic.provisioning.aws	87
clojure-namespace	datomic.pull	59
clojure-namespace	datomic.qtune	19
clojure-namespace	datomic.query	115
clojure-namespace	datomic.query.support	32
clojure-namespace	datomic.queue	56
clojure-namespace	datomic.reconnector2	17
clojure-namespace	datomic.require	8
clojure-namespace	datomic.rest	182
clojure-namespace	datomic.s3	47
clojure-namespace	datomic.s3_api	41
clojure-namespace	datomic.s3_kv	9
clojure-namespace	datomic.s3backup	16
clojure-namespace	datomic.simple_kv	17
clojure-namespace	datomic.slf4j	32
clojure-namespace	datomic.slf4j.bridge	5
clojure-namespace	datomic.spec	4
clojure-namespace	datomic.specs	4
clojure-namespace	datomic.sql	19
clojure-namespace	datomic.stats	59
clojure-namespace	datomic.summary	12
clojure-namespace	datomic.tools	81
clojure-namespace	datomic.tools.detect_865	27
clojure-namespace	datomic.tools.filter_index	10
clojure-namespace	datomic.tools.gc_db	5
clojure-namespace	datomic.tools.index_checks	22
clojure-namespace	datomic.tools.index_stats	16
clojure-namespace	datomic.tools.locate_transactor	7
clojure-namespace	datomic.tools.log_tools	25
clojure-namespace	datomic.tools.postdiag_865	15
clojure-namespace	datomic.tools.read_segment	8
clojure-namespace	datomic.tools.rebuild_index	9
clojure-namespace	datomic.tools.rebuild_log_leaf	31
clojure-namespace	datomic.tools.rebuild_log_root	6
clojure-namespace	datomic.tools.repair_1455	6
clojure-namespace	datomic.tools.repair_865	49
clojure-namespace	datomic.tools.restore_log_root	7
clojure-namespace	datomic.transaction	17
clojure-namespace	datomic.transactor	27
clojure-namespace	datomic.transactor_ext	14
clojure-namespace	datomic.treewalk	44
clojure-namespace	datomic.update	163
clojure-namespace	datomic.uri	63
clojure-namespace	datomic.val_cluster	18
clojure-namespace	datomic.valcache	65
clojure-namespace	datomic.valcache.puts_pool	14
clojure-namespace	datomic.valcache.puts_pool_impl	12
clojure-namespace	datomic.valcache_direct	11
clojure-namespace	datomic.validators	5
clojure-namespace	hiccup.compiler	45
clojure-namespace	hiccup.core	4
clojure-namespace	hiccup.def	13
clojure-namespace	hiccup.form	26
clojure-namespace	hiccup.page	16
clojure-namespace	hiccup.util	36
clojure-namespace	liberator.conneg	36
clojure-namespace	liberator.core	160
clojure-namespace	liberator.representation	83
clojure-namespace	liberator.util	22
clojure-namespace	net.cgrand.moustache	40
clojure-namespace	ring.core.protocols	16
clojure-namespace	ring.middleware.keyword_params	12
clojure-namespace	ring.middleware.params	10
clojure-namespace	ring.util.codec	39
clojure-namespace	ring.util.io	8
clojure-namespace	ring.util.parsing	4
clojure-namespace	ring.util.request	17
clojure-namespace	ring.util.response	50
clojure-namespace	ring.util.servlet	26
clojure-namespace	ring.util.time	8
java-source	com/datomic/impl/peer/ActiveMQInputStream.java	1
java-source	com/datomic/lucene/store/DatomicThunk.java	1
java-source	datomic/Attribute.java	1
java-source	datomic/Connection.java	1
java-source	datomic/Database.java	2
java-source	datomic/Datom.java	1
java-source	datomic/Entity.java	1
java-source	datomic/ListenableFuture.java	1
java-source	datomic/Log.java	1
java-source	datomic/Peer.java	1
java-source	datomic/QueryRequest.java	1
java-source	datomic/Util.java	1
java-source	datomic/functions/Fn.java	1
java-source	datomic/functions/Fn0.java	1
java-source	datomic/functions/Fn1.java	1
java-source	datomic/functions/Fn10.java	1
java-source	datomic/functions/Fn2.java	1
java-source	datomic/functions/Fn3.java	1
java-source	datomic/functions/Fn4.java	1
java-source	datomic/functions/Fn5.java	1
java-source	datomic/functions/Fn6.java	1
java-source	datomic/functions/Fn7.java	1
java-source	datomic/functions/Fn8.java	1
java-source	datomic/functions/Fn9.java	1
java-source	datomic/impl/Circular.java	1
java-source	datomic/impl/Config.java	1
java-source	datomic/impl/Exceptions.java	3
java-source	datomic/impl/FnCacheLoader.java	1
java-source	datomic/impl/JavaByteUtil.java	1
java-source	datomic/impl/LoggedOutputStream.java	1
java-source	datomic/impl/MersenneTwisterFast.java	1
java-source	datomic/impl/ModifiedFNVHash.java	1
java-source	datomic/impl/MurmurHash.java	1
java-source	datomic/impl/PriorityExecutor.java	2
java-source	datomic/impl/Shell.java	1
java-source	datomic/impl/clusterfs/Closed.java	1
java-source	datomic/impl/clusterfs/IClusterFS.java	1
java-source	datomic/impl/db/IDatum.java	1
java-source	datomic/impl/lucene/ClusterDirectory.java	1
java-source	datomic/impl/lucene/ClusterIndexInput.java	1
java-source	datomic/impl/lucene/DirectoryRef.java	1
java-source	datomic/impl/lucene/EmptyIndexInput.java	1
java-source	datomic/impl/lucene/HybridDirectory.java	1
java-source	datomic_jetty/impl/ProxyHandler.java	1
java-source	org/eclipse/jetty/servlets/EventSource.java	2
java-source	org/eclipse/jetty/servlets/EventSourceServlet.java	2
