position	role	root	relative_path	kind	expected_sha256
1	retained-distribution-dependency	distribution	lib/HdrHistogram-2.1.12.jar	jar	9b47fbae444feaac4b7e04f0ea294569e4bc282bc69d8c2ce2ac3f23577281e2
2	retained-distribution-dependency	distribution	lib/activemq-artemis-native-2.0.0.jar	jar	b4022172b60397e0205644afde431446d86959182f2ed71246fcdff86cb6c78e
3	retained-distribution-dependency	distribution	lib/annotations-2.15.66.jar	jar	451a6d3682d5f79a8535031e70d635c2a5b035ec2cb514ae2bdedfe96a252d69
4	retained-distribution-dependency	distribution	lib/anomalies-0.1.12.jar	jar	6f8b82602ae84352c61a9e632895089f1c51e43e8af71769371f38feeaec7fc1
5	retained-distribution-dependency	distribution	lib/api-0.8.686.jar	jar	3127804f4b6c44fe3320cf623c4813169ca2bec16ee111c70e69bfb04e017d9b
6	retained-distribution-dependency	distribution	lib/artemis-commons-2.31.2.jar	jar	1d1b161ceab050a830b318acd3d2058f2bafcf9cd0ef75764f760d6a51fa2526
7	retained-distribution-dependency	distribution	lib/artemis-core-client-2.31.2.jar	jar	cdf8ce7ea9b1deb4137926ce3882b9e60208a15bdb52d8837b27e73b0bf96186
8	retained-distribution-dependency	distribution	lib/artemis-jdbc-store-2.31.2.jar	jar	e382737d4fca23b57c3ef5952ed5354e91a048ca27a9efd18ad43b46e215b6b0
9	retained-distribution-dependency	distribution	lib/artemis-journal-2.31.2.jar	jar	c07f44885f43743e2c75a4d411220b7db9bacd694d33c8b3e513f574d7434aa0
10	retained-distribution-dependency	distribution	lib/artemis-quorum-api-2.31.2.jar	jar	c6e912dabb38abeb205348f67dafda8eb54d81a036a6b1e7e6bb65083d581664
11	retained-distribution-dependency	distribution	lib/artemis-selector-2.31.2.jar	jar	04fe9f984809f81c2f67ad7958846e74c3c100c8f5dc4635a5f7374372cd35e3
12	retained-distribution-dependency	distribution	lib/artemis-server-2.31.2.jar	jar	a43afc3adf1fda02d0ea7453df5db3016c509c8f1578ff371b965288fe4757db
13	retained-distribution-dependency	distribution	lib/asm-9.2.jar	jar	b9d4fe4d71938df38839f0eca42aaaa64cf8b313d678da036f0cb3ca199b47f5
14	retained-distribution-dependency	distribution	lib/asm-analysis-5.0.3.jar	jar	e8fa2a63462c96557dcd36c25525e1264b77366ff851cf0b94eb7592b290849d
15	retained-distribution-dependency	distribution	lib/asm-commons-5.0.3.jar	jar	18c1e092230233c9d29e46f21943d769bdb48130cc279e4b0e663f423948c2da
16	retained-distribution-dependency	distribution	lib/asm-tree-5.0.3.jar	jar	347a7a9400f9964e87c91d3980e48eebdc8d024bc3b36f7f22189c662853a51c
17	retained-distribution-dependency	distribution	lib/asm-util-5.0.3.jar	jar	2768edbfa2681b5077f08151de586a6d66b916703cda3ab297e58b41ae8f2362
18	retained-distribution-dependency	distribution	lib/auth-2.15.66.jar	jar	8062c905b3c4954ffc9942c4e83a6d8942a56127609e7de0d8b956176207ff12
19	retained-distribution-dependency	distribution	lib/aws-java-sdk-1.12.564.jar	jar	d0c7f231e82580c59d84b5a0a4d601c07b7cb2e7af4ef5af50f90347e3f1cd1e
20	retained-distribution-dependency	distribution	lib/aws-java-sdk-accessanalyzer-1.12.564.jar	jar	7fc91567e8d742844c19d0132258d2a4eec61bb8098a41382fab0287573b968b
21	retained-distribution-dependency	distribution	lib/aws-java-sdk-account-1.12.564.jar	jar	7b05315904fed7db90321d4b86e3221f5e6311f6c7e3a0ece3f8871559ff132f
22	retained-distribution-dependency	distribution	lib/aws-java-sdk-acm-1.12.564.jar	jar	f1295606e3feb79882ca0cf159fe091455b62a3e7af1b300c15766d7f3bfc30f
23	retained-distribution-dependency	distribution	lib/aws-java-sdk-acmpca-1.12.564.jar	jar	cf3d819738c0cd3bd77e54b4ee706092884afcbc63c222acbece086f5c2a073d
24	retained-distribution-dependency	distribution	lib/aws-java-sdk-alexaforbusiness-1.12.564.jar	jar	bbe613c1b0b7d0a2bdf14c75c757303036a4e498e6a21eaa0facea552d6c1f90
25	retained-distribution-dependency	distribution	lib/aws-java-sdk-amplify-1.12.564.jar	jar	6bee4a6efa03e5d877fcb413d30fa7efe1aac9eb054d5fa90d752ada445896ec
26	retained-distribution-dependency	distribution	lib/aws-java-sdk-amplifybackend-1.12.564.jar	jar	9cd06f363d447615728ccc2f2f65ac1b62d814682dc15164220131341300a3c5
27	retained-distribution-dependency	distribution	lib/aws-java-sdk-amplifyuibuilder-1.12.564.jar	jar	b425761465518c569a1199e87a8fd0b399359b2be69c73e2dbf707343cc87f7d
28	retained-distribution-dependency	distribution	lib/aws-java-sdk-api-gateway-1.12.564.jar	jar	ad22e0653a5ea893d8effcf30a91fcb53747748d6890536335fa12c73136ff3d
29	retained-distribution-dependency	distribution	lib/aws-java-sdk-apigatewaymanagementapi-1.12.564.jar	jar	798856cbe9d93b6dd3b5d24cf8f033049f3ce2ecb51e880bab3e9023f268b9cc
30	retained-distribution-dependency	distribution	lib/aws-java-sdk-apigatewayv2-1.12.564.jar	jar	cd749e486471d85c3b7bef6480a24b280d48189235c765af4d92a504be7a145c
31	retained-distribution-dependency	distribution	lib/aws-java-sdk-appconfig-1.12.564.jar	jar	e1c92346f292afd883b9c302ee0dd53078863b7a4e45a21fad7fc3cc87c105a9
32	retained-distribution-dependency	distribution	lib/aws-java-sdk-appconfigdata-1.12.564.jar	jar	c12b18841f86181f5c1d77354d2b51d3484bd42ceb973c48cf534386c00fa20f
33	retained-distribution-dependency	distribution	lib/aws-java-sdk-appfabric-1.12.564.jar	jar	13e14f5b64b7ea8b767b95f9009437bc41a1c485f90f4af117a471f43c68cd27
34	retained-distribution-dependency	distribution	lib/aws-java-sdk-appflow-1.12.564.jar	jar	b3b728c539b7b2d3639acd527ae5fee4f8bb075f2ed9aba6ae0bf59c98bbba47
35	retained-distribution-dependency	distribution	lib/aws-java-sdk-appintegrations-1.12.564.jar	jar	cd729e5f3211bec5dcce904ea07bf81bdb8fcc9268f1d8168427f9b8b4fe7c89
36	retained-distribution-dependency	distribution	lib/aws-java-sdk-applicationautoscaling-1.12.564.jar	jar	4ca8fc4b9235365e755fea7772a053884d16a747573de878b4fbfa590d4b4fc0
37	retained-distribution-dependency	distribution	lib/aws-java-sdk-applicationcostprofiler-1.12.564.jar	jar	2f14e7a4f0d6ac933a060bc79412b84458d28f88ba4f7d8bf3da0bfe1c85803f
38	retained-distribution-dependency	distribution	lib/aws-java-sdk-applicationinsights-1.12.564.jar	jar	fc8a0636b6739d0b922e131f7ebe9dea007769e77509ec987424bb961188feba
39	retained-distribution-dependency	distribution	lib/aws-java-sdk-appmesh-1.12.564.jar	jar	adf69407e5837e8730e8e42661defe14b8c21cc54ca9d3850642e2c6c71b1188
40	retained-distribution-dependency	distribution	lib/aws-java-sdk-appregistry-1.12.564.jar	jar	54b608d8e2f8683d3d33da68a701be5d80e5498a34bc1487680465a5a00df436
41	retained-distribution-dependency	distribution	lib/aws-java-sdk-apprunner-1.12.564.jar	jar	941340c2c981c3e28619282a0ceab4cdce044a6a3aeebb0f852b21e97bf46323
42	retained-distribution-dependency	distribution	lib/aws-java-sdk-appstream-1.12.564.jar	jar	ede9fe2c92506aedc4bfed657ec575ffe335c9e59a10555b23d6f9b7f95ae38b
43	retained-distribution-dependency	distribution	lib/aws-java-sdk-appsync-1.12.564.jar	jar	2952fdc4affde9bf3ccddffa40d3a8381134a7e9aff30a22a21519dcf199949b
44	retained-distribution-dependency	distribution	lib/aws-java-sdk-arczonalshift-1.12.564.jar	jar	7df4531dd70e16b025df55fd778a575eee0ec66f71c2c9eb8d9e442511ed5eb8
45	retained-distribution-dependency	distribution	lib/aws-java-sdk-athena-1.12.564.jar	jar	0e41b18edca45a070e42bf18e4b19b24ece0d2015778fea4fa75f44d15336bc0
46	retained-distribution-dependency	distribution	lib/aws-java-sdk-auditmanager-1.12.564.jar	jar	88145b58a2470dbb7c07f98405cf5e8c7b63e95e416a270865db6e79a1a2f387
47	retained-distribution-dependency	distribution	lib/aws-java-sdk-augmentedairuntime-1.12.564.jar	jar	d267b2e57cf158a6eb00e6fc631b716a3c2fd9f0b2cddee803cc87852d2425f8
48	retained-distribution-dependency	distribution	lib/aws-java-sdk-autoscaling-1.12.564.jar	jar	c52704ef1c0f271daa1dabbc616e55b945d2ab100b03cc1b7bb757bba499cee3
49	retained-distribution-dependency	distribution	lib/aws-java-sdk-autoscalingplans-1.12.564.jar	jar	da757bdb9c3cc60d35a0bf3cfb482a191d6ef8d53c560b3a5bc13bd3411a64e2
50	retained-distribution-dependency	distribution	lib/aws-java-sdk-backup-1.12.564.jar	jar	176eca93b26ade2aa23ccaedd65ea6fb8522aebf95fc22f13740cc742241e83f
51	retained-distribution-dependency	distribution	lib/aws-java-sdk-backupgateway-1.12.564.jar	jar	497fd000cc3a55b0e6451c4388f2127023cef737f324c88f8829d3a4ddd01309
52	retained-distribution-dependency	distribution	lib/aws-java-sdk-backupstorage-1.12.564.jar	jar	3cb72a51371750fcd53c3d8b6210ce2684cb63eb7e5df88269b3a23456264b87
53	retained-distribution-dependency	distribution	lib/aws-java-sdk-batch-1.12.564.jar	jar	9616fe297c56ace567d89133847ea0a151cadb62f911c43d9e242975f9a34412
54	retained-distribution-dependency	distribution	lib/aws-java-sdk-bedrock-1.12.564.jar	jar	564f3e0d7e5ea402d3ae3768a47fae6a673bdff6a5273d02fd1fa0d3e5722fd2
55	retained-distribution-dependency	distribution	lib/aws-java-sdk-bedrockruntime-1.12.564.jar	jar	c3bbce5b9c92993bc47b86a6e1306efac5ed8e974b3226a2301f0f7a3c259a98
56	retained-distribution-dependency	distribution	lib/aws-java-sdk-billingconductor-1.12.564.jar	jar	ca3b6fb564248ad7afb5a59897ced91d134adb890b1754dae825c42a2da89403
57	retained-distribution-dependency	distribution	lib/aws-java-sdk-braket-1.12.564.jar	jar	f980f2f4740608ca306663e5cff0939f98afcb0db5777f535e67ada0685e3bc7
58	retained-distribution-dependency	distribution	lib/aws-java-sdk-budgets-1.12.564.jar	jar	5a64e123ba788f0b48beb01ba7b91af4c738f9d2e36a6957bd72a3b8227698b8
59	retained-distribution-dependency	distribution	lib/aws-java-sdk-chime-1.12.564.jar	jar	6893e68186e2a5e64124238022c3c9543b3d744d8ffabe370da63a078bcb8305
60	retained-distribution-dependency	distribution	lib/aws-java-sdk-chimesdkidentity-1.12.564.jar	jar	776301ab5a864f5651748c99877b3c4a3e68097ab1bd3e0a13ce5b2eb821200a
61	retained-distribution-dependency	distribution	lib/aws-java-sdk-chimesdkmediapipelines-1.12.564.jar	jar	dddfdd8e0e0ef7e998ef378c56d17bca075376e2a75849d3b40bcbdba2ca92df
62	retained-distribution-dependency	distribution	lib/aws-java-sdk-chimesdkmeetings-1.12.564.jar	jar	1a54be6a1daf60922113ac2aa750fa6897527067d9f1d8446d3c139205311db8
63	retained-distribution-dependency	distribution	lib/aws-java-sdk-chimesdkmessaging-1.12.564.jar	jar	e81f0b55fa8b6ddd07765e8c558e8f7e73a9c08c050721b550ccba480625dfd7
64	retained-distribution-dependency	distribution	lib/aws-java-sdk-chimesdkvoice-1.12.564.jar	jar	e7e94d3af887c2257f7b2b3adbd5fba69d2ad06ca6a3ee325e7229a88bd84cd1
65	retained-distribution-dependency	distribution	lib/aws-java-sdk-cleanrooms-1.12.564.jar	jar	382757186d8ab17d61f4bd84ad53b0774a41d3f5736a8fe131d04d661b5a650a
66	retained-distribution-dependency	distribution	lib/aws-java-sdk-cloud9-1.12.564.jar	jar	ebe612cf45ca7dee9300b33b7ecdcfb72fb5cbede4f215c808b1f592f3bd4f27
67	retained-distribution-dependency	distribution	lib/aws-java-sdk-cloudcontrolapi-1.12.564.jar	jar	85e564eb7aa66bb04140bebdb039908f91091cee0555bc4a63053aec218f7f1f
68	retained-distribution-dependency	distribution	lib/aws-java-sdk-clouddirectory-1.12.564.jar	jar	0059ac5cda58b5e862910691e3bcc1d550c4cbd3f20689b5423eb3e426e86f9e
69	retained-distribution-dependency	distribution	lib/aws-java-sdk-cloudformation-1.12.564.jar	jar	b42d2db985e6ed1f9630ed2f0567d06c094e5a08898bbce8bfd329baf49348b2
70	retained-distribution-dependency	distribution	lib/aws-java-sdk-cloudfront-1.12.564.jar	jar	b04fafc44ec194b5f996950478d72c93f17ce4e7b53352a3defd31d9d63612a1
71	retained-distribution-dependency	distribution	lib/aws-java-sdk-cloudhsm-1.12.564.jar	jar	00071d60af6500d3de0ec8b48b7c6eed7a501afefc56dcec9726ac68d3f77cc0
72	retained-distribution-dependency	distribution	lib/aws-java-sdk-cloudhsmv2-1.12.564.jar	jar	aa902be0769e3fae4cd1bef510b237795694ce56bbcc3a8ae802118cd32aa046
73	retained-distribution-dependency	distribution	lib/aws-java-sdk-cloudsearch-1.12.564.jar	jar	b2e8984250a04c02e43197e468e3696e562d01a22ffc7ce8370f600694f4d6a5
74	retained-distribution-dependency	distribution	lib/aws-java-sdk-cloudtrail-1.12.564.jar	jar	2d88e960b257c62af037d514c4a2a573c1936f9c2098c0d48994b21f9c8c3cdc
75	retained-distribution-dependency	distribution	lib/aws-java-sdk-cloudtraildata-1.12.564.jar	jar	182b57124110009350a7a919b3813c62891e7f0a4f24306c842f5e67d496ca8f
76	retained-distribution-dependency	distribution	lib/aws-java-sdk-cloudwatch-1.12.564.jar	jar	3ecbf9dd97f6e61e43e5e8e458dfbd8c9c7a3b5f1c1923e84de3245363f2193c
77	retained-distribution-dependency	distribution	lib/aws-java-sdk-cloudwatchevidently-1.12.564.jar	jar	2e0e7012487dd3f97ce0d1cf96c8b5fa4c19fe62ae47cb93efd2827eec78dab5
78	retained-distribution-dependency	distribution	lib/aws-java-sdk-cloudwatchmetrics-1.12.564.jar	jar	6acea6d36f9310afbf9bec8c497e2e1ac9c02420f80aef46ba176ae7b7ff6ec5
79	retained-distribution-dependency	distribution	lib/aws-java-sdk-cloudwatchrum-1.12.564.jar	jar	3fd98a8a58c233de8d1e2b428804907ad36cb8c4c8a4a66d3dd4512b0f212fc5
80	retained-distribution-dependency	distribution	lib/aws-java-sdk-codeartifact-1.12.564.jar	jar	ada0f143f8ac491ce3802139dfa205da556986060a19b3b544caa079855c83b9
81	retained-distribution-dependency	distribution	lib/aws-java-sdk-codebuild-1.12.564.jar	jar	cb64be3cd56955b739e27b9457ff307a5fa8263fd2fdbff080f2068f4df8296d
82	retained-distribution-dependency	distribution	lib/aws-java-sdk-codecommit-1.12.564.jar	jar	dc6b1e819b8a6f1de941d03cf85ef04872b464dd5f179b31ae463a0f4034d139
83	retained-distribution-dependency	distribution	lib/aws-java-sdk-codedeploy-1.12.564.jar	jar	53a3f742f9570b5a32b7ed2ac9701514b790c93ecab3e42d4e14fe0856565e0e
84	retained-distribution-dependency	distribution	lib/aws-java-sdk-codeguruprofiler-1.12.564.jar	jar	3fac3779f18153cc6392ca177cc4cbc4a4f62e37818383ea369877545746d9d8
85	retained-distribution-dependency	distribution	lib/aws-java-sdk-codegurureviewer-1.12.564.jar	jar	24b737cad1c416bf1056ed3e586a0a568497eae480cad1d6bbf65123547d6da3
86	retained-distribution-dependency	distribution	lib/aws-java-sdk-codegurusecurity-1.12.564.jar	jar	17fc2acc58e93ea6e67b2ba4743386101a83502aba597036095557536bdb6755
87	retained-distribution-dependency	distribution	lib/aws-java-sdk-codepipeline-1.12.564.jar	jar	77237d72da529431c7120c08833e3f349e768c0f51d31c1c151b5946b8d59a05
88	retained-distribution-dependency	distribution	lib/aws-java-sdk-codestar-1.12.564.jar	jar	55859c19d16c0e0887255b1c24ae307d5e8f00b2f772af43da2862a81aab0c92
89	retained-distribution-dependency	distribution	lib/aws-java-sdk-codestarconnections-1.12.564.jar	jar	5600122a367943b8834de1fda3e0e1ebf1729cd8e3440665690eabf1af8152d9
90	retained-distribution-dependency	distribution	lib/aws-java-sdk-codestarnotifications-1.12.564.jar	jar	5858ce13b823b2f4df6022889a133b40908b2ff592d4124aec75b3ca9eb49fe6
91	retained-distribution-dependency	distribution	lib/aws-java-sdk-cognitoidentity-1.12.564.jar	jar	4a6ca5964b13f1407d542aa66b5c2b57492f619fed1d518f7a476a0a749f7bb4
92	retained-distribution-dependency	distribution	lib/aws-java-sdk-cognitoidp-1.12.564.jar	jar	85fd8ca6c4f468563e29a477540baada42207748898545bed603617541033829
93	retained-distribution-dependency	distribution	lib/aws-java-sdk-cognitosync-1.12.564.jar	jar	7360552947e7094aaa8920687dcd5d3091b5f1048d89102e727387b750e7f7dd
94	retained-distribution-dependency	distribution	lib/aws-java-sdk-comprehend-1.12.564.jar	jar	896541d13705f15abb07f7f49fd3ee617660e003c7f401f181b1dfc7eb0dc488
95	retained-distribution-dependency	distribution	lib/aws-java-sdk-comprehendmedical-1.12.564.jar	jar	1d1cfcbb12d65212a0b2268c94dae6146dc4953779ae28b3caaebe57b4b940b2
96	retained-distribution-dependency	distribution	lib/aws-java-sdk-computeoptimizer-1.12.564.jar	jar	d46d7cf67ae20191eda80cc377fb958465ace44b4caaa9a296afeb10a7a01d27
97	retained-distribution-dependency	distribution	lib/aws-java-sdk-config-1.12.564.jar	jar	98a01e0d163b4bfcfef18cc4876971747f82433ddf9dfbaacdd1d8b82de8f344
98	retained-distribution-dependency	distribution	lib/aws-java-sdk-connect-1.12.564.jar	jar	6f4aba55fb0cc98dafd6333d5a28872233a9c97993d78873ebc32b2cecf39e5f
99	retained-distribution-dependency	distribution	lib/aws-java-sdk-connectcampaign-1.12.564.jar	jar	30be3f5cf1ef0a043b6d029c76e3471c7066b8e90bc8ac7a41ed7ac7a9b609af
100	retained-distribution-dependency	distribution	lib/aws-java-sdk-connectcases-1.12.564.jar	jar	b6325e95a5ea10c531400a3593f1431045c4c2393c6cac328df9a5a4a4f15f53
101	retained-distribution-dependency	distribution	lib/aws-java-sdk-connectcontactlens-1.12.564.jar	jar	36ca318191a7d2432b1236f7212fe1cef16d94c39f8c6ed8b88f04672dcc5def
102	retained-distribution-dependency	distribution	lib/aws-java-sdk-connectparticipant-1.12.564.jar	jar	8939d7362c51a080373e94e45eb4b15f1e934367830f4c70fbd88432e976b5a3
103	retained-distribution-dependency	distribution	lib/aws-java-sdk-connectwisdom-1.12.564.jar	jar	fd2c0b67162eee13edcc61b4163d791795ebac2abcad7d190d986381a93cf9a1
104	retained-distribution-dependency	distribution	lib/aws-java-sdk-controltower-1.12.564.jar	jar	74d18f7d5c37c79531089231970672e6cde7f10febf848029dd7b9a5b1a09a3d
105	retained-distribution-dependency	distribution	lib/aws-java-sdk-core-1.12.564.jar	jar	b8b902e53299ed74a9c0cf2faaf61e7abeddda488ed5330d9ed5e3c537dd7ff8
106	retained-distribution-dependency	distribution	lib/aws-java-sdk-costandusagereport-1.12.564.jar	jar	3470ffc84f173c4c8aeb8cc764ab2c713cfaec998e3046ff707adeaa87a7b881
107	retained-distribution-dependency	distribution	lib/aws-java-sdk-costexplorer-1.12.564.jar	jar	e77a8eb6530426319fd86236758276737aa42694ea89ac0a6de00f22d0a82ee3
108	retained-distribution-dependency	distribution	lib/aws-java-sdk-customerprofiles-1.12.564.jar	jar	c2f9374a8e2a340ad3bb66a736630840366845a84b76794a0d55d72eebabd3e2
109	retained-distribution-dependency	distribution	lib/aws-java-sdk-dataexchange-1.12.564.jar	jar	ba2b943430df2bdf69222d6f944aca5c211c4a5ad91cbd73e399f0c555e811d1
110	retained-distribution-dependency	distribution	lib/aws-java-sdk-datapipeline-1.12.564.jar	jar	d63eecb683376a723c4b23e9e0df681335d31c62aaf99edbc70df00bde6475fb
111	retained-distribution-dependency	distribution	lib/aws-java-sdk-datasync-1.12.564.jar	jar	1bd2349122241113436ff841ff74f4f8d0d68cd1daff6daf6dd216cd529cfe6d
112	retained-distribution-dependency	distribution	lib/aws-java-sdk-datazoneexternal-1.12.564.jar	jar	ba5f098fb564ee9bc4ee7b8f2abf89c68318a02d6e689a2a275670f8ac2a175a
113	retained-distribution-dependency	distribution	lib/aws-java-sdk-dax-1.12.564.jar	jar	126a59c6ccabc9fbd162d486f4fc016a921479b545e4a407ae69e416961376e2
114	retained-distribution-dependency	distribution	lib/aws-java-sdk-detective-1.12.564.jar	jar	b7f29d7e936d7b24b23d405e7b7f413d408b658310800dc0b601f15d0fe1de0e
115	retained-distribution-dependency	distribution	lib/aws-java-sdk-devicefarm-1.12.564.jar	jar	c1fcd2458795b32f8d0392fd8be7613e71916cae3a15cd7735da9a55954bf8ea
116	retained-distribution-dependency	distribution	lib/aws-java-sdk-devopsguru-1.12.564.jar	jar	482342b5f6576949f7a19f0002f90e13d15346a2b4a638ce9ae60ef3a54dc2eb
117	retained-distribution-dependency	distribution	lib/aws-java-sdk-directconnect-1.12.564.jar	jar	0f202769fd3192e1af7c89a7b3baf794956f463b972a9922c1d31073711d61d9
118	retained-distribution-dependency	distribution	lib/aws-java-sdk-directory-1.12.564.jar	jar	6fe5c75256266325c9a8f082557dd842e8487238442b12e5379383a9569d7eec
119	retained-distribution-dependency	distribution	lib/aws-java-sdk-discovery-1.12.564.jar	jar	941cbb1b30c0a24b38eba026318b42c249251344c5e2ef48a9cc496e1aa3c9d1
120	retained-distribution-dependency	distribution	lib/aws-java-sdk-dlm-1.12.564.jar	jar	01947441a84232f616338a9c50d085ea6d64da5aa00f8c5d7f4d0fe97a73d8c8
121	retained-distribution-dependency	distribution	lib/aws-java-sdk-dms-1.12.564.jar	jar	b65d7cd460b483840c7c882606f05d86b0e1c60d974727d4cca415962bb06d35
122	retained-distribution-dependency	distribution	lib/aws-java-sdk-docdb-1.12.564.jar	jar	9276b728ab664fd7680a80ab98051311ac7c030d61e5b0870829de49b07804cf
123	retained-distribution-dependency	distribution	lib/aws-java-sdk-docdbelastic-1.12.564.jar	jar	879a24ad6a9773d267d3c59fd9e961f702649cf754c3b1e8593d13c62a3464fa
124	retained-distribution-dependency	distribution	lib/aws-java-sdk-drs-1.12.564.jar	jar	6748de806a9a323d71c591457adc8473fd291a4422d2e6af7703aa1f950b6cda
125	retained-distribution-dependency	distribution	lib/aws-java-sdk-dynamodb-1.12.564.jar	jar	a37997b433e42fd61de928252bc929cdc52b8008f4b7c53ce622618b2d1a805f
126	retained-distribution-dependency	distribution	lib/aws-java-sdk-ebs-1.12.564.jar	jar	66c7a324ea051a1dcb89ad004a184d97d6184bd02492b0574449f132e673a814
127	retained-distribution-dependency	distribution	lib/aws-java-sdk-ec2-1.11.22.jar	jar	84c6d5e3a4bf4950071d125b513e768644023244384ea717615eac34696dcae1
128	retained-distribution-dependency	distribution	lib/aws-java-sdk-ec2instanceconnect-1.12.564.jar	jar	0c159524c4296b42ac58f6ea4898aba5f31904ee78b63ac82bc475678455e513
129	retained-distribution-dependency	distribution	lib/aws-java-sdk-ecr-1.12.564.jar	jar	9511c2a5cb5b034be520a92b26f14ed8e505172dae35c1880c0ae0b973a2eca3
130	retained-distribution-dependency	distribution	lib/aws-java-sdk-ecrpublic-1.12.564.jar	jar	ff9f1bf95b1f564136c86ad2becf131c112a4362c82a14b3b0a0c9a2a7d550be
131	retained-distribution-dependency	distribution	lib/aws-java-sdk-ecs-1.12.564.jar	jar	62bda6aabef4b8cd1751be8343ce28b690045417c7b2cbe530f7c505deb652ee
132	retained-distribution-dependency	distribution	lib/aws-java-sdk-efs-1.12.564.jar	jar	8bf4341a48fdefbd0d5218fc577914c4f3b713bd945d0564eea3f7ecc0905db1
133	retained-distribution-dependency	distribution	lib/aws-java-sdk-eks-1.12.564.jar	jar	366b46196b8ecdd982804ff9284027f3bfaf94a75fcf9f2d0b24450d4fc085ab
134	retained-distribution-dependency	distribution	lib/aws-java-sdk-elasticache-1.12.564.jar	jar	749bd665ee43ded6eb5a7432aeaf7163cafb04b6cca2e8880fc252867522083e
135	retained-distribution-dependency	distribution	lib/aws-java-sdk-elasticbeanstalk-1.12.564.jar	jar	b44c8c66d33aee8f21f518f56df12a3c33dcbca6708062e2c1af487ac847328e
136	retained-distribution-dependency	distribution	lib/aws-java-sdk-elasticinference-1.12.564.jar	jar	3b3506b53e5a90f54e4b720ae9bd06e616b1cb341057f78426fce3bfde0f9ba4
137	retained-distribution-dependency	distribution	lib/aws-java-sdk-elasticloadbalancing-1.12.564.jar	jar	15c88e51642001be0d926bc2ce690671dc0dfd6c47dfdf25f35ae4a16ee47ae9
138	retained-distribution-dependency	distribution	lib/aws-java-sdk-elasticloadbalancingv2-1.12.564.jar	jar	d1f589385cafb664a683d9efb8190c5db71e57f3daf37f8863c78b67292bb020
139	retained-distribution-dependency	distribution	lib/aws-java-sdk-elasticsearch-1.12.564.jar	jar	a3c0c609763ccb8a491636fb9dae46e53f38f66646a662f7a9daa6d7edc90914
140	retained-distribution-dependency	distribution	lib/aws-java-sdk-elastictranscoder-1.12.564.jar	jar	27fc3ac457ef1e136ba066499d1f6912a39871241d5e42eb4fa0829ee69d295a
141	retained-distribution-dependency	distribution	lib/aws-java-sdk-emr-1.12.564.jar	jar	58007500c08bf43a76c3ddd7503d427178b4c170d574236e1ad249e615149a3f
142	retained-distribution-dependency	distribution	lib/aws-java-sdk-emrcontainers-1.12.564.jar	jar	239bdcb76a90d53985b6da14e5cd249055a1fdb676fad1c3df107f0109650a12
143	retained-distribution-dependency	distribution	lib/aws-java-sdk-emrserverless-1.12.564.jar	jar	4b5c1f7f488c5129e5f21009d08ffbfeb2a0eb6935ea98ce04fbd819ed20fb0a
144	retained-distribution-dependency	distribution	lib/aws-java-sdk-entityresolution-1.12.564.jar	jar	6852b5c20cba5cda94e78758b2541e582e2d96b4f72ccdc8dffec58889c6775f
145	retained-distribution-dependency	distribution	lib/aws-java-sdk-eventbridge-1.12.564.jar	jar	1cd4b50fd522b11c323d2c223cddc56e36ba4ba4870e7630657ef0c55d2e2306
146	retained-distribution-dependency	distribution	lib/aws-java-sdk-events-1.12.564.jar	jar	c0d9a47e25f7b16c2293d3ceedde713b35b2d50d3d52c6deff33c15583153211
147	retained-distribution-dependency	distribution	lib/aws-java-sdk-finspace-1.12.564.jar	jar	7f5b4d32948e9058a33e7ae7e1e7053eb0e190f60868c0c8bf1b3099c1644985
148	retained-distribution-dependency	distribution	lib/aws-java-sdk-finspacedata-1.12.564.jar	jar	0f5aeb9e06779fbc505b6f963a1e387dc3fbd1ed9cece063c68fbfa5fb28199e
149	retained-distribution-dependency	distribution	lib/aws-java-sdk-fis-1.12.564.jar	jar	2ea3d41d5c036c549d1b14cf2658bebc9e573c288da7f9c558c332252e625e40
150	retained-distribution-dependency	distribution	lib/aws-java-sdk-fms-1.12.564.jar	jar	7b2c74e6574e27013c0ab5da88e52f9b3a2904407cdef6648a29443f73b18bae
151	retained-distribution-dependency	distribution	lib/aws-java-sdk-forecast-1.12.564.jar	jar	03d373eccda9bd0c943303e4c0f046b12e719af70981b5d36641ceee11124a60
152	retained-distribution-dependency	distribution	lib/aws-java-sdk-forecastquery-1.12.564.jar	jar	bdf484cc453a86fcd33fdf7c72ff1da88b2f7758006eeca1f72977074be8a02e
153	retained-distribution-dependency	distribution	lib/aws-java-sdk-frauddetector-1.12.564.jar	jar	d017707a4f1b4bcc562c7e5edd835ccb047b0684ad99b4aae73b8ad9e5da2799
154	retained-distribution-dependency	distribution	lib/aws-java-sdk-fsx-1.12.564.jar	jar	4f673c376bf4c481f56853dd337c185c13afe797a0a6bb5e6827f0026c99b2a2
155	retained-distribution-dependency	distribution	lib/aws-java-sdk-gamelift-1.12.564.jar	jar	b85915ee94302e5e6adc7d568cdf66aa223bfc24007efef9a13d6b730c17f887
156	retained-distribution-dependency	distribution	lib/aws-java-sdk-gamesparks-1.12.564.jar	jar	8e9a62346c573f80cf659edbb94d373a114b1cce94e2c42c7f1dcdc899f73d44
157	retained-distribution-dependency	distribution	lib/aws-java-sdk-glacier-1.12.564.jar	jar	4632c81a63a997600dd1fd5ea6c2379f8698782bf3083daba9792e9bca6beaaf
158	retained-distribution-dependency	distribution	lib/aws-java-sdk-globalaccelerator-1.12.564.jar	jar	89ab21cfc890b256a686c3dbf12d4f10e1c2f84c149a115f45cfbcd56ea0fa8d
159	retained-distribution-dependency	distribution	lib/aws-java-sdk-glue-1.12.564.jar	jar	eac7f1d3720a817ed447d2da68ddf01bd7d96c139c534c81d49a3f177e7c99d5
160	retained-distribution-dependency	distribution	lib/aws-java-sdk-gluedatabrew-1.12.564.jar	jar	0673ae9e2ca96876cc80b8c46828aaf329cfdf93de16b0012bae3883e15916bd
161	retained-distribution-dependency	distribution	lib/aws-java-sdk-greengrass-1.12.564.jar	jar	27d2cb64ebea962a331576731971008dab9f152950a7e65d44bc346e054af85f
162	retained-distribution-dependency	distribution	lib/aws-java-sdk-greengrassv2-1.12.564.jar	jar	fab41e31f0960647a573527c91a1bfb5be24fa3f8d5e75873bde31ea29099c57
163	retained-distribution-dependency	distribution	lib/aws-java-sdk-groundstation-1.12.564.jar	jar	f31874097811c4b9ca36d11746967206fb90f2da21ca729adf893ae998d3a708
164	retained-distribution-dependency	distribution	lib/aws-java-sdk-guardduty-1.12.564.jar	jar	db25108b92f278a86562c87ab1007d2ba2e13b91230af42bf371d7bc7232439e
165	retained-distribution-dependency	distribution	lib/aws-java-sdk-health-1.12.564.jar	jar	e4e08bb6ea9d00a120c513b7db6600d59b274d15df85f2a389cfb17448fd7587
166	retained-distribution-dependency	distribution	lib/aws-java-sdk-healthlake-1.12.564.jar	jar	c317ffbafd46fae53c9aa4cb78df8aa8e53e122d359c510b455d10fcd597a0b7
167	retained-distribution-dependency	distribution	lib/aws-java-sdk-honeycode-1.12.564.jar	jar	e0ed878bc85da1181f052c2995d1b9d91dcd03ae1a7ffc0039380cf25c9ae4e5
168	retained-distribution-dependency	distribution	lib/aws-java-sdk-iam-1.12.564.jar	jar	21d69f0b08f583d08bd5cb0a1fa82ed08c900431b85054b3f71faaecb129600b
169	retained-distribution-dependency	distribution	lib/aws-java-sdk-iamrolesanywhere-1.12.564.jar	jar	60e3c4ddd8095ce8c64a71c48d88e97c1bccc8b9b5bd438706a3518c058910cb
170	retained-distribution-dependency	distribution	lib/aws-java-sdk-identitystore-1.12.564.jar	jar	8f2b0669cefd669f0f5b72cbcc672223a99b7edd2c9be5529c7fa8fcda51140c
171	retained-distribution-dependency	distribution	lib/aws-java-sdk-imagebuilder-1.12.564.jar	jar	2f283acebe546a0f4d8f54e9b787284a8b6924fcd9c4b56f8b5b56e7622d78ac
172	retained-distribution-dependency	distribution	lib/aws-java-sdk-importexport-1.12.564.jar	jar	33704bf689269e5eee843f5154036be3f5b955606270db5a8d2a1f7145cacdc8
173	retained-distribution-dependency	distribution	lib/aws-java-sdk-inspector-1.12.564.jar	jar	19feb18daa19bc837d54591ef0b73ac11140d6d848e00b918adfc0309dad9986
174	retained-distribution-dependency	distribution	lib/aws-java-sdk-inspector2-1.12.564.jar	jar	72b0c71c52c14a707a0dd61768925ac1eb470c69c0fc2a838871c2dd0e13d921
175	retained-distribution-dependency	distribution	lib/aws-java-sdk-internetmonitor-1.12.564.jar	jar	ec1a8b92bde61fb1dfd76f526a96278b324876196722961901eff754b56707b2
176	retained-distribution-dependency	distribution	lib/aws-java-sdk-iot-1.12.564.jar	jar	1bd98b1adb4ad61ecc5161ee0a370fc44aa8342663ab1d120d1252ff6d9dc114
177	retained-distribution-dependency	distribution	lib/aws-java-sdk-iot1clickdevices-1.12.564.jar	jar	1b084fdfc557154425e8becb57fdf7bfa513b3d9f2d914ed271d59d86a2ce56a
178	retained-distribution-dependency	distribution	lib/aws-java-sdk-iot1clickprojects-1.12.564.jar	jar	f06ad3d9019ada14c78c267555970292870e2ba79c63d104f665b49f871307cd
179	retained-distribution-dependency	distribution	lib/aws-java-sdk-iotanalytics-1.12.564.jar	jar	512110eb29f199193292d9d00c58e9095f9debecdfa90ee0a2fa48b644ab5122
180	retained-distribution-dependency	distribution	lib/aws-java-sdk-iotdeviceadvisor-1.12.564.jar	jar	01e3b5aa1547d32fcd7d7c9dcf029a55f9a141b5983d46fea464a186a0338b14
181	retained-distribution-dependency	distribution	lib/aws-java-sdk-iotevents-1.12.564.jar	jar	2594b375109587c6e8346ccba33531e5e74192f1237b73f3bb60b12b5ac97801
182	retained-distribution-dependency	distribution	lib/aws-java-sdk-ioteventsdata-1.12.564.jar	jar	c5011cf18a3e41616ee4d9ee9d4786e4641a8dd9bd03dc7a44c2e028deb0cbf1
183	retained-distribution-dependency	distribution	lib/aws-java-sdk-iotfleethub-1.12.564.jar	jar	547652bb862de037804792f52da56c6c0637ea8628567f7ad92587774eb9975d
184	retained-distribution-dependency	distribution	lib/aws-java-sdk-iotfleetwise-1.12.564.jar	jar	6fb4576830bb7d59b1d9aec2e1077af2a5a215556d7e0c0da294878910cf1d28
185	retained-distribution-dependency	distribution	lib/aws-java-sdk-iotjobsdataplane-1.12.564.jar	jar	0cb7dd4190a71411906082ef95fba985dbc2d36c9dd40ad09584c95892ba4e14
186	retained-distribution-dependency	distribution	lib/aws-java-sdk-iotroborunner-1.12.564.jar	jar	b9aafd4cdb698c990289f0b2ba0e8578492cb47d27e66c80d005c3a4f8c3991d
187	retained-distribution-dependency	distribution	lib/aws-java-sdk-iotsecuretunneling-1.12.564.jar	jar	c9aeb505876ca2820c0fef7f8b8339901825b5ef069bfefcda1792c89829934e
188	retained-distribution-dependency	distribution	lib/aws-java-sdk-iotsitewise-1.12.564.jar	jar	c01521faa3df47df45303c6f3be0b51ffe5a3066f3326becc93e91c7ac5edf1a
189	retained-distribution-dependency	distribution	lib/aws-java-sdk-iotthingsgraph-1.12.564.jar	jar	325f5b6cc483c8bcd73f912bfccee9805050194357653fe4303af733810900fc
190	retained-distribution-dependency	distribution	lib/aws-java-sdk-iottwinmaker-1.12.564.jar	jar	b547831a81528c9c67f2553773a98184f22345c9d35368807fbb86d87fc1288d
191	retained-distribution-dependency	distribution	lib/aws-java-sdk-iotwireless-1.12.564.jar	jar	0ee95e386ae4c2d64942d7b92d79786bb5bef048d971c730397cba37ba3c6349
192	retained-distribution-dependency	distribution	lib/aws-java-sdk-ivs-1.12.564.jar	jar	2b6015865ead7485cdb131a5e3fa176b11989b8f8759e54aa68c78c06b1a73cd
193	retained-distribution-dependency	distribution	lib/aws-java-sdk-ivschat-1.12.564.jar	jar	0f9dedbc2e043a461036e31e27885a77d773bbbd50f9ed9172cc49d838b4491b
194	retained-distribution-dependency	distribution	lib/aws-java-sdk-ivsrealtime-1.12.564.jar	jar	86f985687c8e7c4c89185caf3a94a6847986e366c6ff7bdcc1a66f1e4de806f5
195	retained-distribution-dependency	distribution	lib/aws-java-sdk-kafka-1.12.564.jar	jar	dd9e9544005fd65973ce0836578b55dd87e38fda722012033f5a78e58f92f47e
196	retained-distribution-dependency	distribution	lib/aws-java-sdk-kafkaconnect-1.12.564.jar	jar	89077cff5f9d981c29a422e70eb3127df37063ac40763410896c1bd104e5fa04
197	retained-distribution-dependency	distribution	lib/aws-java-sdk-kendra-1.12.564.jar	jar	85d2b1918ad3193505e1970a7a32172cf2ba925ec542c071c503d2fdbc736644
198	retained-distribution-dependency	distribution	lib/aws-java-sdk-kendraranking-1.12.564.jar	jar	519209445a28e7c16fc488ffb1ad41d461f616ec98e2f94e6864efb1967487af
199	retained-distribution-dependency	distribution	lib/aws-java-sdk-keyspaces-1.12.564.jar	jar	f0c3a475cd4a25aaa01263de0bd0ac2330b6313e3e6460cac43f4e8cc0c83a1a
200	retained-distribution-dependency	distribution	lib/aws-java-sdk-kinesis-1.12.564.jar	jar	bd5946b4764ae3de47f6bf3f32877e0d8e8d72ebd0b6c5dddfedc99e389bdfe9
201	retained-distribution-dependency	distribution	lib/aws-java-sdk-kinesisanalyticsv2-1.12.564.jar	jar	4e21ca9b80d70619155bf50041d5c18d72fabb2b27c1b5b280a98f2dce990f72
202	retained-distribution-dependency	distribution	lib/aws-java-sdk-kinesisvideosignalingchannels-1.12.564.jar	jar	92424f22adede3e6c18da07567f8ae44360ea5408758113c285dd8279eb57697
203	retained-distribution-dependency	distribution	lib/aws-java-sdk-kinesisvideowebrtcstorage-1.12.564.jar	jar	046038305487e1a229a8800de95daf915ccbeced9e6b6b691d1d22c944885e10
204	retained-distribution-dependency	distribution	lib/aws-java-sdk-kms-1.12.564.jar	jar	78f34a37e1e257338745a900caf5a3eb4685bd5dfe972920b9eb0c65a37333a3
205	retained-distribution-dependency	distribution	lib/aws-java-sdk-lakeformation-1.12.564.jar	jar	a27d0a2fedfd112366b4156b0f757284fec73547ce3cd68edfbf53b85731a734
206	retained-distribution-dependency	distribution	lib/aws-java-sdk-lambda-1.12.564.jar	jar	589f18a8bfa2b2afe0afb495b1f407f3d9d365d94dd3ea24b56af1fb95bb65c7
207	retained-distribution-dependency	distribution	lib/aws-java-sdk-lex-1.12.564.jar	jar	dfa45b8527d54a5167833a14ca4a94f971b9f20b66407b58fda968fa3495211b
208	retained-distribution-dependency	distribution	lib/aws-java-sdk-lexmodelbuilding-1.12.564.jar	jar	ff5f43b6b11dbccd8f1b9ae9f1555e2ea569cae08eb7e0ae9881e7df7f871ae5
209	retained-distribution-dependency	distribution	lib/aws-java-sdk-lexmodelsv2-1.12.564.jar	jar	a4ce9600a3f51c550dd1df1a0b9e06b5fe7459a3d5e543339d88b10c8c69a3b8
210	retained-distribution-dependency	distribution	lib/aws-java-sdk-lexruntimev2-1.12.564.jar	jar	85ad0af94135fa88af0ca91cf79c73d6e62943ef34c43feb2810c9f9409481c7
211	retained-distribution-dependency	distribution	lib/aws-java-sdk-licensemanager-1.12.564.jar	jar	6be4275decf33e07e30fdb1b299393aa5882e661f11e4ff6f93bcb6fce4310b0
212	retained-distribution-dependency	distribution	lib/aws-java-sdk-licensemanagerlinuxsubscriptions-1.12.564.jar	jar	d53f74f00a1375bd70027a973a76900ea9c5bac8b1e45324b761a4ae30f37ef5
213	retained-distribution-dependency	distribution	lib/aws-java-sdk-licensemanagerusersubscriptions-1.12.564.jar	jar	b31bffde958644dc98e32bb827a1bec49aa9b98aa1d55677c1788849a13dec16
214	retained-distribution-dependency	distribution	lib/aws-java-sdk-lightsail-1.12.564.jar	jar	95b2eba6d5e066c4bd992f67d1bb7e4ef605c54e6d41f9c4003017699e04ab4a
215	retained-distribution-dependency	distribution	lib/aws-java-sdk-location-1.12.564.jar	jar	747960a1e2c39cb04bc31d2223353e3b6320cd7d1fefc149890a9e3ad3ec0897
216	retained-distribution-dependency	distribution	lib/aws-java-sdk-logs-1.12.564.jar	jar	2332fa1bce57922765fce4111b11adbdf752c137c085e33930354a7f38aede45
217	retained-distribution-dependency	distribution	lib/aws-java-sdk-lookoutequipment-1.12.564.jar	jar	e346530fd0117c176bb70a8c36d10b7c82f8a608055eae218470ce2a4f2f5312
218	retained-distribution-dependency	distribution	lib/aws-java-sdk-lookoutforvision-1.12.564.jar	jar	0c2922173f0b3ed799ca1c78ef518befb23357d91cccbef9292b74ce8609c2ae
219	retained-distribution-dependency	distribution	lib/aws-java-sdk-lookoutmetrics-1.12.564.jar	jar	4afd2e5a16ae2c55096f601a6ce05315e832e205b9cd040fbee040c12add6d58
220	retained-distribution-dependency	distribution	lib/aws-java-sdk-machinelearning-1.12.564.jar	jar	61cc6228b66202ec609bd8128013a081ecf0900b41493bbc330cd95110151f2e
221	retained-distribution-dependency	distribution	lib/aws-java-sdk-macie-1.12.564.jar	jar	cbe1465e1f25d680ed1c82be35b8954cc8bc86f60937831f18d400dc6211a968
222	retained-distribution-dependency	distribution	lib/aws-java-sdk-macie2-1.12.564.jar	jar	2f73d67498ed70062f6c6473951949022e2aa06832e0fe84ddb13579a3c2cc39
223	retained-distribution-dependency	distribution	lib/aws-java-sdk-mainframemodernization-1.12.564.jar	jar	f178107ef24d9b37d292521c00896575a46ead3a8a614eaf7b11f3ef9889bd34
224	retained-distribution-dependency	distribution	lib/aws-java-sdk-managedblockchain-1.12.564.jar	jar	3d2e764d5c705a86b53c9b0a60346e64af068c6f065b10705e54793b7a26d471
225	retained-distribution-dependency	distribution	lib/aws-java-sdk-managedblockchainquery-1.12.564.jar	jar	b9269caa88dbc381381f5a03562feff09be8817e274d6033b5e696426b7d3852
226	retained-distribution-dependency	distribution	lib/aws-java-sdk-managedgrafana-1.12.564.jar	jar	3caec9072f5ce13be620016be0aa3ec0abc393278b1c6e3e76c71f1a27982802
227	retained-distribution-dependency	distribution	lib/aws-java-sdk-marketplacecatalog-1.12.564.jar	jar	b4b6c23ff93229b4747b520c42326345f1864578b28880bdb150bdc585622ae3
228	retained-distribution-dependency	distribution	lib/aws-java-sdk-marketplacecommerceanalytics-1.12.564.jar	jar	7f53469b9efd4e36ec06812ae588a99a0e9543c3a3a64ef421b8bce3d52d463f
229	retained-distribution-dependency	distribution	lib/aws-java-sdk-marketplaceentitlement-1.12.564.jar	jar	bd7b38464193934a3b67cc912e0899c1f9b9051d8e4936044bf24e1ebdef8aed
230	retained-distribution-dependency	distribution	lib/aws-java-sdk-marketplacemeteringservice-1.12.564.jar	jar	bef968f1f2cbcf464698c9976831541452e21404c13bcb5f1a805e7721fcf240
231	retained-distribution-dependency	distribution	lib/aws-java-sdk-mechanicalturkrequester-1.12.564.jar	jar	fc5475983882c3b37a7c201d43dcfbaed6b834d99b79f14ab4ecc0cabfdb983e
232	retained-distribution-dependency	distribution	lib/aws-java-sdk-mediaconnect-1.12.564.jar	jar	49f1448cad13eefdff5af26ff4eab53db77ba0c267b54f3eb482c037fd972737
233	retained-distribution-dependency	distribution	lib/aws-java-sdk-mediaconvert-1.12.564.jar	jar	64fa5464656d7604030d26c097027d24d85c617de48a4e6fccae4db29eddbcdf
234	retained-distribution-dependency	distribution	lib/aws-java-sdk-medialive-1.12.564.jar	jar	335aa66dc54134b1f81ecd8bb5ae616bd9b532d8fa94ddbc33c726c0123078cf
235	retained-distribution-dependency	distribution	lib/aws-java-sdk-mediapackage-1.12.564.jar	jar	009943dc799af02894cb500c228433e68cb2d15a760a9ba825b16c0ed2c8f066
236	retained-distribution-dependency	distribution	lib/aws-java-sdk-mediapackagev2-1.12.564.jar	jar	4086b08766902d87174bf5b4f3a23028cae5e4874c6c39bcf872cc79a9b1b117
237	retained-distribution-dependency	distribution	lib/aws-java-sdk-mediapackagevod-1.12.564.jar	jar	9784ff527a6a013b05daaa8be1f796c1a8fc67e20433190c44d5bcb244cc6cfd
238	retained-distribution-dependency	distribution	lib/aws-java-sdk-mediastore-1.12.564.jar	jar	1560513fb72fe09025ad2e670c749288f091692fd3cc1dbfb71eb7c1c273acdf
239	retained-distribution-dependency	distribution	lib/aws-java-sdk-mediastoredata-1.12.564.jar	jar	2f5b93dab0d70f83a7fcd7ca9ea0fde18c069e4419e607dbe9b44e33985ea52d
240	retained-distribution-dependency	distribution	lib/aws-java-sdk-mediatailor-1.12.564.jar	jar	4cb587b2f92ab9680233a820ed24d8528774a82a470bd5a632ba0677392242ad
241	retained-distribution-dependency	distribution	lib/aws-java-sdk-medicalimaging-1.12.564.jar	jar	b9009bc44a99c5e65a68c70a1405e3380956503c1c278a9d0f8eec92ba617ad5
242	retained-distribution-dependency	distribution	lib/aws-java-sdk-memorydb-1.12.564.jar	jar	80d65b6490c7999fc338bb495b2c139147c57d2a24579c73690a0c4f0cfa2a2d
243	retained-distribution-dependency	distribution	lib/aws-java-sdk-mgn-1.12.564.jar	jar	fe00e8140ad296bf9aaf2b18b5461051f93b14adc3ebc3e307643ddfca841feb
244	retained-distribution-dependency	distribution	lib/aws-java-sdk-migrationhub-1.12.564.jar	jar	d334fc1a0699913de233f00bb398721ecd275b620b74b0f0ef57ed70ca51270c
245	retained-distribution-dependency	distribution	lib/aws-java-sdk-migrationhubconfig-1.12.564.jar	jar	78fb32cc7fb41eaa80dab684a6a4f5a86c6e5f73dfe6156808ee0f7cd8cc360c
246	retained-distribution-dependency	distribution	lib/aws-java-sdk-migrationhuborchestrator-1.12.564.jar	jar	e805870098ada57287529f675266ec85fb94762da8c8893842e21b7bdfea3d65
247	retained-distribution-dependency	distribution	lib/aws-java-sdk-migrationhubrefactorspaces-1.12.564.jar	jar	be49bc9619146d0b56c4ffed56550f1fc4952134c1c57e64db6b5fcb86ac8ed2
248	retained-distribution-dependency	distribution	lib/aws-java-sdk-migrationhubstrategyrecommendations-1.12.564.jar	jar	3be8943dd07009e1cc66d1d933b121dbae12d981e98dad180637535490e17c4c
249	retained-distribution-dependency	distribution	lib/aws-java-sdk-mobile-1.12.564.jar	jar	fb0e6ef71e0857dc2eed2abf7c8f6f41ced73baa5689ea3ff64e731320c4b2e8
250	retained-distribution-dependency	distribution	lib/aws-java-sdk-models-1.12.564.jar	jar	4ad5d1b10a777daf2441d4c9885e991138fbc57a4641d3e4919de720e183c861
251	retained-distribution-dependency	distribution	lib/aws-java-sdk-mq-1.12.564.jar	jar	557d111a3678fe8a8712b26add9366599d6fb816ef4fbe53b6311aefb815fee6
252	retained-distribution-dependency	distribution	lib/aws-java-sdk-mwaa-1.12.564.jar	jar	d1d38f2fa7eecb327734b25b3cce079951e55bd64d6c37071c0b6757187516ef
253	retained-distribution-dependency	distribution	lib/aws-java-sdk-neptune-1.12.564.jar	jar	a81004ddbece0812603cece96b5a31421ed5f8452e87fd6e54c8758cbb38a728
254	retained-distribution-dependency	distribution	lib/aws-java-sdk-neptunedata-1.12.564.jar	jar	1fb1a200c77881521a837b68e5fdf7d5759a620c304b5dc6f6727746e0e095f5
255	retained-distribution-dependency	distribution	lib/aws-java-sdk-networkfirewall-1.12.564.jar	jar	2d7b4250a8f00f4cdf8d0a6634090e5355d8f3b389031d5659189ca22c69c58b
256	retained-distribution-dependency	distribution	lib/aws-java-sdk-networkmanager-1.12.564.jar	jar	4282e21bdea80fea7654dcf9fa6e904d875b9d24e1d1fa62e958b68282fc2e59
257	retained-distribution-dependency	distribution	lib/aws-java-sdk-nimblestudio-1.12.564.jar	jar	7c20978f6506c31307a3a2a2e1327f510eeda8591ea510041a37c43dd9608221
258	retained-distribution-dependency	distribution	lib/aws-java-sdk-oam-1.12.564.jar	jar	dcf8be77bcfba37f2f7820895b8f1230c50e2646c4d2f02f8007d26ea095946f
259	retained-distribution-dependency	distribution	lib/aws-java-sdk-omics-1.12.564.jar	jar	acb86c130e3aa0624a7b0522b60d6efa3ce65b65ff1f254dcd77e7c555efae28
260	retained-distribution-dependency	distribution	lib/aws-java-sdk-opensearch-1.12.564.jar	jar	9fab27c1d8e2979b6fa8a9e9d7e7f1f43fe547e962e35fd43a3da5efeb053d6b
261	retained-distribution-dependency	distribution	lib/aws-java-sdk-opensearchserverless-1.12.564.jar	jar	5e2f700bddd5b691dc68006a8089a89b3e10c7874d02930a74670a59f9c86c03
262	retained-distribution-dependency	distribution	lib/aws-java-sdk-opsworks-1.12.564.jar	jar	49295d5ff337d698cf58cd91718e7985461e2be93c3e1d919ce34f7b49b1abe0
263	retained-distribution-dependency	distribution	lib/aws-java-sdk-opsworkscm-1.12.564.jar	jar	097cdff2aec274b01f1669f3082f3d16e275760a989ce56dd5b499014f663f4a
264	retained-distribution-dependency	distribution	lib/aws-java-sdk-organizations-1.12.564.jar	jar	5346ce1a8196e2fb6a9cceeee4c3ca87a9881e4d798b8f146c90560f220b92d8
265	retained-distribution-dependency	distribution	lib/aws-java-sdk-osis-1.12.564.jar	jar	7250c178248339d88d4d3fea445b874ee13428d5c4e1d16556f95eb63e2da403
266	retained-distribution-dependency	distribution	lib/aws-java-sdk-outposts-1.12.564.jar	jar	03271b3fe9e0ab3097401d74f3e4f26d908820d566b6dc4ab8ff38f371bd621e
267	retained-distribution-dependency	distribution	lib/aws-java-sdk-panorama-1.12.564.jar	jar	c061c3b81c3b75503a42f73231ca030dfb5f3fbea65f40a3f45918f1c1d7b9b8
268	retained-distribution-dependency	distribution	lib/aws-java-sdk-paymentcryptography-1.12.564.jar	jar	8b5dbf204adc22edf8f3c51bb8500e49d4f79a155f997c6f34525d22273d254c
269	retained-distribution-dependency	distribution	lib/aws-java-sdk-paymentcryptographydata-1.12.564.jar	jar	e76e8f27cd5031c51ef06aefd8ebd6d9fef03b0e6b8a2e9f7d06c395a24c7a57
270	retained-distribution-dependency	distribution	lib/aws-java-sdk-pcaconnectorad-1.12.564.jar	jar	282cb0e782b35b3d5a4109d157bc77327acd8e334e52fbcda6218168f83b6216
271	retained-distribution-dependency	distribution	lib/aws-java-sdk-personalize-1.12.564.jar	jar	e1f177b7fcfa7850d0df62eec3991a3c900fd7fbb4d54de9aa5c678d15399bc1
272	retained-distribution-dependency	distribution	lib/aws-java-sdk-personalizeevents-1.12.564.jar	jar	868ddcdb47fd5f5cb57593a3c48d449e188bdb94d63ff7613a4bb0beeb6f7222
273	retained-distribution-dependency	distribution	lib/aws-java-sdk-personalizeruntime-1.12.564.jar	jar	eda953eaf467c4bf4591667fe1e3d90a9ab3b584db8abf018906d535bf90b2f6
274	retained-distribution-dependency	distribution	lib/aws-java-sdk-pi-1.12.564.jar	jar	ba99cc1c421212db0f79e369ed1e9e4b7129c86b69ee68db486e74e6592e6493
275	retained-distribution-dependency	distribution	lib/aws-java-sdk-pinpoint-1.12.564.jar	jar	580870b3f986bea80988ebf4989236a603bf9dd79b1ed5afdee9884b7d003215
276	retained-distribution-dependency	distribution	lib/aws-java-sdk-pinpointemail-1.12.564.jar	jar	139351fcc0228c676f4e78e0f5b69a59ebcc38e89095317a851e2a58ee858594
277	retained-distribution-dependency	distribution	lib/aws-java-sdk-pinpointsmsvoice-1.12.564.jar	jar	6a55e811fd646df9c758d086ff29d6ae26d696ff057e8ffa6a1f88c78cc24f82
278	retained-distribution-dependency	distribution	lib/aws-java-sdk-pinpointsmsvoicev2-1.12.564.jar	jar	87acf0d84bb845b564a0fffd3e7e779cfa1325435661c654c9fccac2c0832796
279	retained-distribution-dependency	distribution	lib/aws-java-sdk-pipes-1.12.564.jar	jar	3b19db77d717f55336c71253102f10b69a004458902c4b57705e6ce74531fea5
280	retained-distribution-dependency	distribution	lib/aws-java-sdk-polly-1.12.564.jar	jar	405bc318948aea0448c38654cee53899dac3f1f2980f3a2fe0771eb88cef5703
281	retained-distribution-dependency	distribution	lib/aws-java-sdk-pricing-1.12.564.jar	jar	9b4611f57cf7fb99d006263b2bc459bcc469031487cd4c17edb4c2266cbbc7c4
282	retained-distribution-dependency	distribution	lib/aws-java-sdk-private5g-1.12.564.jar	jar	72a2fda2461e3303e3fe310714ddb6c94dc19e343e5df06922c0bb279e6cd10d
283	retained-distribution-dependency	distribution	lib/aws-java-sdk-prometheus-1.12.564.jar	jar	cad2dac2dce9004b19ea822d62896dec7fe2e5f986bbce65a6ffaf8f93d2dabf
284	retained-distribution-dependency	distribution	lib/aws-java-sdk-proton-1.12.564.jar	jar	014ceb097ea6b44d53ebcc66afbc3e023c2da9ffa9620b5fbbde67bed5d49595
285	retained-distribution-dependency	distribution	lib/aws-java-sdk-qldb-1.12.564.jar	jar	3e7cf2d31902369f43228cec2d827f877f5ddc459f545635751851b766c5bc14
286	retained-distribution-dependency	distribution	lib/aws-java-sdk-qldbsession-1.12.564.jar	jar	79f573cb58b47e2df8ef1e75bd44b7c43f3742d8f0ba795602445d2d80e68795
287	retained-distribution-dependency	distribution	lib/aws-java-sdk-quicksight-1.12.564.jar	jar	b01836280e212688f7f160b803cf82f633b43bc3008cb6e286cba2d4e225f4da
288	retained-distribution-dependency	distribution	lib/aws-java-sdk-ram-1.12.564.jar	jar	5e423f3b029191bd8550af82477873a6ef29e5578949214bb01aab0b022868a8
289	retained-distribution-dependency	distribution	lib/aws-java-sdk-rds-1.12.564.jar	jar	c97ecec71b981ac4459cc22c868f102432e94bfbd9a80af4c294e5d8422c0884
290	retained-distribution-dependency	distribution	lib/aws-java-sdk-rdsdata-1.12.564.jar	jar	caa0e9949f06fb47be9c09ef68dc4e5dd05b48965c9ac5eefba07c992adb4677
291	retained-distribution-dependency	distribution	lib/aws-java-sdk-recyclebin-1.12.564.jar	jar	b1e686ad7e86df527b20e8c2b3b11b63963dfa7ca6a5f5d2711266eb4e7865f3
292	retained-distribution-dependency	distribution	lib/aws-java-sdk-redshift-1.12.564.jar	jar	db2743734eb7f48ba97aff97a935e8a8d347251cdab60066627646a22a84ccb3
293	retained-distribution-dependency	distribution	lib/aws-java-sdk-redshiftdataapi-1.12.564.jar	jar	581c68e0e35d981793d5a512b3c5465e38253daad8ab5b127b96c0f942cadc00
294	retained-distribution-dependency	distribution	lib/aws-java-sdk-redshiftserverless-1.12.564.jar	jar	d1da395c9e63d7fb8732826e98074f529f4e62f1f6edea36ac85981f0dec8c80
295	retained-distribution-dependency	distribution	lib/aws-java-sdk-rekognition-1.12.564.jar	jar	000119b590368a71775e25d610222cf293cfc061d5dc6c973f45c5a6a87f2fd4
296	retained-distribution-dependency	distribution	lib/aws-java-sdk-resiliencehub-1.12.564.jar	jar	1669eb05ba69cfbfb0b45f8525da14a2967a9a528ff8eb8bc80250e977a3d601
297	retained-distribution-dependency	distribution	lib/aws-java-sdk-resourceexplorer2-1.12.564.jar	jar	c3c222079627f4ccd60345875aaabf03d2261f078e5f2f4f40ff7fde9b2d2037
298	retained-distribution-dependency	distribution	lib/aws-java-sdk-resourcegroups-1.12.564.jar	jar	1cc80d552f33252b8f19f7ea6398c49d67c6b421d17fec0e0aedac3532e95e8e
299	retained-distribution-dependency	distribution	lib/aws-java-sdk-resourcegroupstaggingapi-1.12.564.jar	jar	81e64256ca0534167cb7320533a187393efa89e7c2fb573132b304a85355b0de
300	retained-distribution-dependency	distribution	lib/aws-java-sdk-robomaker-1.12.564.jar	jar	9b159a1cb7d595b45c0c17be6f3aae3fd68252b4423b0c610f54635897f9ab3a
301	retained-distribution-dependency	distribution	lib/aws-java-sdk-route53-1.12.564.jar	jar	473b12937a9805466e963cbca6b596844bc9570f0b2351683dc5872817988229
302	retained-distribution-dependency	distribution	lib/aws-java-sdk-route53recoverycluster-1.12.564.jar	jar	7077483c29cfc9acf41029842ee8de0fea048eecbe38f43b31e51e85ef669581
303	retained-distribution-dependency	distribution	lib/aws-java-sdk-route53recoverycontrolconfig-1.12.564.jar	jar	e0d61597d13194652df76a77f4ac690d2048da11465741bd5ea01a59c4c2df3c
304	retained-distribution-dependency	distribution	lib/aws-java-sdk-route53recoveryreadiness-1.12.564.jar	jar	90c32306bd18c9111cc06d172c229b175d2a341e022a64a052879379ad9e97b7
305	retained-distribution-dependency	distribution	lib/aws-java-sdk-route53resolver-1.12.564.jar	jar	8a6dde91b61d0d60950b06737b4663a052db92cbc13df27827ca03384d50504f
306	retained-distribution-dependency	distribution	lib/aws-java-sdk-s3-1.12.564.jar	jar	94fd13f222ce41877f87391e6f89e3522d7efb9a9cc6bf36ef649a13ee70ea98
307	retained-distribution-dependency	distribution	lib/aws-java-sdk-s3control-1.12.564.jar	jar	4930c2564b64129562b945d549db7745b3d5621c3aebe785312b5c0016e255ce
308	retained-distribution-dependency	distribution	lib/aws-java-sdk-s3outposts-1.12.564.jar	jar	740f5075fb45f4fbca2b4cbfd61da173fc45bbe6a3ac6c2c2a40d254b8a2fcfb
309	retained-distribution-dependency	distribution	lib/aws-java-sdk-sagemaker-1.12.564.jar	jar	7da3e614ff08c4df854535a63b019448cf21931ded26cf89b32bce3dcea3671d
310	retained-distribution-dependency	distribution	lib/aws-java-sdk-sagemakeredgemanager-1.12.564.jar	jar	338585d5fa5377c1c9826cbc01e0c73575b5abcadcd96f404c8e4878d223644c
311	retained-distribution-dependency	distribution	lib/aws-java-sdk-sagemakerfeaturestoreruntime-1.12.564.jar	jar	6c1cb768b310cd6bb097f73523607d265d1a30d719e59bf00297533ae677e5a5
312	retained-distribution-dependency	distribution	lib/aws-java-sdk-sagemakergeospatial-1.12.564.jar	jar	bc0ffdfc67d0a3356138aca495e921110cfca2312c1d299c648c8d6dcebf809c
313	retained-distribution-dependency	distribution	lib/aws-java-sdk-sagemakermetrics-1.12.564.jar	jar	a5c0489fb264033c33c73efb58eb2d5572b6ea96f5bab6782492a43c635ecb0d
314	retained-distribution-dependency	distribution	lib/aws-java-sdk-sagemakerruntime-1.12.564.jar	jar	3c2fe8963abc0d218990be82af0bdb52e84375b164ad154fdaf21a5370fba6ec
315	retained-distribution-dependency	distribution	lib/aws-java-sdk-savingsplans-1.12.564.jar	jar	db9a492cc537053755c83eb77f74a6ab65b31a4f5b478ae152d7fcca89aba094
316	retained-distribution-dependency	distribution	lib/aws-java-sdk-scheduler-1.12.564.jar	jar	321aa2f9bd1dfbf8929dc25c45d14e3f123c272f9fa426309044e0c9e0974d39
317	retained-distribution-dependency	distribution	lib/aws-java-sdk-schemas-1.12.564.jar	jar	a59189840c14cddc11139464e9b8673511795cf7cc268e0ff661d2fb228e0ea5
318	retained-distribution-dependency	distribution	lib/aws-java-sdk-secretsmanager-1.12.564.jar	jar	d80bb3d8153eb83084171d73ed6772fccc1db06071d43aaf88083c786ba64b18
319	retained-distribution-dependency	distribution	lib/aws-java-sdk-securityhub-1.12.564.jar	jar	2feb29e61cf88e75e073771c197a044014b7e83f49c83afd1cddd65c457ea03f
320	retained-distribution-dependency	distribution	lib/aws-java-sdk-securitylake-1.12.564.jar	jar	5596f51223ff9750f8dedf688706c4317a2999cc8be284efbbe1bd8e65b3b036
321	retained-distribution-dependency	distribution	lib/aws-java-sdk-serverlessapplicationrepository-1.12.564.jar	jar	926ec0bdeb7b07b0ddb6bf35ddf59725506fd4b965ddfd2744cae52ea9d49320
322	retained-distribution-dependency	distribution	lib/aws-java-sdk-servermigration-1.12.564.jar	jar	de8cc1f3c72563820f2faa89e5fcafd86fde0fcf14675bcf5d1bf5c9185388fc
323	retained-distribution-dependency	distribution	lib/aws-java-sdk-servicecatalog-1.12.564.jar	jar	a064b8f67e4475ff83f7ed2ff2ab9c563665eaeae6ae46bcb6a0892aff0df257
324	retained-distribution-dependency	distribution	lib/aws-java-sdk-servicediscovery-1.12.564.jar	jar	65f99d0ba64bffffeafc4fa08bcc4bc4e094adb51a80e849eadf4eae6382e7d8
325	retained-distribution-dependency	distribution	lib/aws-java-sdk-servicequotas-1.12.564.jar	jar	260793a68e452dfc293ec595d7983d51c2fecb02646d430f794dada1a194700c
326	retained-distribution-dependency	distribution	lib/aws-java-sdk-ses-1.12.564.jar	jar	94988b4155d718ba00c40fb77fa4d9122d001592823e2eb62d272aa7c090557f
327	retained-distribution-dependency	distribution	lib/aws-java-sdk-sesv2-1.12.564.jar	jar	48b1eea3944fe6f03de3a7858fcf9a9fe0d6ac68c6a83af2d773b8fdf7fd3bf6
328	retained-distribution-dependency	distribution	lib/aws-java-sdk-shield-1.12.564.jar	jar	afc34f94b5dda6125174b2df4eb74d7efbabc0022127bb9400da18a82fdb5fe8
329	retained-distribution-dependency	distribution	lib/aws-java-sdk-signer-1.12.564.jar	jar	8c7c3ad0fe0e1d702fe8a218560ee1865398e2ddd56a6935020698d6e950f3f1
330	retained-distribution-dependency	distribution	lib/aws-java-sdk-simpledb-1.12.564.jar	jar	96deda48cdc4fe3422ca8a6fee8c1eabcce7ef0d9b5d463e84b53aea5be847e8
331	retained-distribution-dependency	distribution	lib/aws-java-sdk-simpleworkflow-1.12.564.jar	jar	9d615b8caa554ed72af6dd716ab062dfcfe7e8dc4535bdbc211946d193717182
332	retained-distribution-dependency	distribution	lib/aws-java-sdk-simspaceweaver-1.12.564.jar	jar	c295b0c2dc7291a75db08954ed241461d5095e6a02eaef933159988df7006fc4
333	retained-distribution-dependency	distribution	lib/aws-java-sdk-snowball-1.12.564.jar	jar	656c045bee808ca690c590659b2ea86da3ed368335b478f1a25039dd844ca5d9
334	retained-distribution-dependency	distribution	lib/aws-java-sdk-snowdevicemanagement-1.12.564.jar	jar	d02f61e1a62bcd6f77d09be72f29c67274b5428f258fa0c0c92b8018802fe76f
335	retained-distribution-dependency	distribution	lib/aws-java-sdk-sns-1.12.564.jar	jar	0253713a49c8f423d5aad3c630e427e706a1e2e851617660a46290a85b81ad60
336	retained-distribution-dependency	distribution	lib/aws-java-sdk-sqs-1.12.564.jar	jar	d52a45197e9173d8ea60fe60d333aadd1c57eba17d1e6ef26e459f8585eb7750
337	retained-distribution-dependency	distribution	lib/aws-java-sdk-ssm-1.12.564.jar	jar	470e70c369dfda7e07f04d547d5d36078af62922bd43eac8227642cc5201d129
338	retained-distribution-dependency	distribution	lib/aws-java-sdk-ssmcontacts-1.12.564.jar	jar	4824c67cc150ce9bf68c522f189bd1c71b717f6c7b42c5893bd9d7121ff0f851
339	retained-distribution-dependency	distribution	lib/aws-java-sdk-ssmincidents-1.12.564.jar	jar	bb710f9cb617eb127d52f77c23e0acc2f370408f18e1cbccff44630bd7332dea
340	retained-distribution-dependency	distribution	lib/aws-java-sdk-ssmsap-1.12.564.jar	jar	5a90cbaeaab585020bb64af6622ed4874780da69317c9121efcce968084af918
341	retained-distribution-dependency	distribution	lib/aws-java-sdk-sso-1.12.564.jar	jar	842318c91a2bd80d3bd4ca4ffcbbc1293fec112b9af65e775747d35ffbec77f6
342	retained-distribution-dependency	distribution	lib/aws-java-sdk-ssoadmin-1.12.564.jar	jar	347d4519160835da7f39b1be6e5429e70590d5f8ebd8a9377ac21da06a6d008b
343	retained-distribution-dependency	distribution	lib/aws-java-sdk-ssooidc-1.12.564.jar	jar	9d6eb65f744b2d5214f50df1a343d26bca8b93a5ec524bb62d0a4d389208e9f3
344	retained-distribution-dependency	distribution	lib/aws-java-sdk-stepfunctions-1.12.564.jar	jar	74b60c7aecc05a9c60bc22df2e3af65e7b556e7f253e31a116a297e32ee0f333
345	retained-distribution-dependency	distribution	lib/aws-java-sdk-storagegateway-1.12.564.jar	jar	c0dae90623e97523027bdce61918f7646f83c4a77eeca5cbb7a4726e7f878c71
346	retained-distribution-dependency	distribution	lib/aws-java-sdk-sts-1.12.564.jar	jar	03ac90708e50590a07ab8b184168e3f23c755ba6db9857606a5b6a4617e24e1a
347	retained-distribution-dependency	distribution	lib/aws-java-sdk-support-1.12.564.jar	jar	d845d69722967c222b0a607b6b0178dd652f0daf21bf921575906c23a7d03214
348	retained-distribution-dependency	distribution	lib/aws-java-sdk-supportapp-1.12.564.jar	jar	03d4ae9de8aa679db92e9acef5fe64d5c9ae1ece3a11d6f2215b3f08447e1ff7
349	retained-distribution-dependency	distribution	lib/aws-java-sdk-swf-libraries-1.11.22.jar	jar	441bff0b4f9b6b0427eef18df41cec0566a123a93a51b59d5d6b353777551deb
350	retained-distribution-dependency	distribution	lib/aws-java-sdk-synthetics-1.12.564.jar	jar	c4f9c979c634d51e8e5417747437f6033001c78c938c52f6138da68529e3f7d6
351	retained-distribution-dependency	distribution	lib/aws-java-sdk-textract-1.12.564.jar	jar	825815e4d6fc9a5d9728a1447f4fecbd7fa510c0fd62f38200171be8e36ed9b3
352	retained-distribution-dependency	distribution	lib/aws-java-sdk-timestreamquery-1.12.564.jar	jar	f1b9f864053b840167dc4317144c2ada9da6b1d4be869e759954b843208fff50
353	retained-distribution-dependency	distribution	lib/aws-java-sdk-timestreamwrite-1.12.564.jar	jar	440e3908afdb80799af94185afc9f5c5e8f8517007fcb1fdab4d6c5654d63222
354	retained-distribution-dependency	distribution	lib/aws-java-sdk-tnb-1.12.564.jar	jar	5a546d666b1bbd1a155f0f41f58084a72a0fb79e168d8bf7748934945d619016
355	retained-distribution-dependency	distribution	lib/aws-java-sdk-transcribe-1.12.564.jar	jar	682cc1a58067d7606786e983cb07c2342e9fda78ff4849176488da3643c182db
356	retained-distribution-dependency	distribution	lib/aws-java-sdk-transfer-1.12.564.jar	jar	02df4717a30aa5f0f469e598d279cc9327576b6398fbe6ec3d726fbd928db402
357	retained-distribution-dependency	distribution	lib/aws-java-sdk-translate-1.12.564.jar	jar	aac7e6ead00bd364cee1137e1180ec8a5477a26cd2737b4615a7812669e7af6a
358	retained-distribution-dependency	distribution	lib/aws-java-sdk-verifiedpermissions-1.12.564.jar	jar	6b14b2b2b31d62534674d29f2fa881d26102415661ac758c1d4b9f4b11e85c09
359	retained-distribution-dependency	distribution	lib/aws-java-sdk-voiceid-1.12.564.jar	jar	ddf16401fad53619891545ecbcc416ce871c35bfe79793e8c9a9498decd04d9e
360	retained-distribution-dependency	distribution	lib/aws-java-sdk-vpclattice-1.12.564.jar	jar	65ae7bccad1d7a255a7b1ce4e967a5aada22035aa4a483d4d40a21f52ee5157c
361	retained-distribution-dependency	distribution	lib/aws-java-sdk-waf-1.12.564.jar	jar	c739d5757729907a84f05801ee42c5135311c6df71283709f009f666ebc7167d
362	retained-distribution-dependency	distribution	lib/aws-java-sdk-wafv2-1.12.564.jar	jar	4c49ccb48b6f4349ddad6bad4860417790d1537edbbff9eaf507db152dea9adc
363	retained-distribution-dependency	distribution	lib/aws-java-sdk-wellarchitected-1.12.564.jar	jar	6a2c6170af89a77bba71e668b988c8e60275ec30c1a0f8cab1cfd7d4357bf0fa
364	retained-distribution-dependency	distribution	lib/aws-java-sdk-workdocs-1.12.564.jar	jar	0aa01f35f2c752a81cb060f6200de24cb8d5651a7c3e2be0a8e4561835de54d4
365	retained-distribution-dependency	distribution	lib/aws-java-sdk-worklink-1.12.564.jar	jar	68b5bd5af147765ddf9c44f867792a3a217feaecf755f3ca1e0e8cae730e807f
366	retained-distribution-dependency	distribution	lib/aws-java-sdk-workmail-1.12.564.jar	jar	b6a48f33a6044eb663212c8aa88f1bab95a77bf41af84991a2fab176f5177779
367	retained-distribution-dependency	distribution	lib/aws-java-sdk-workmailmessageflow-1.12.564.jar	jar	39fdfa9e7cd91c478f67aff3f67936c11300096555ef5461fd11e1a0d16795cb
368	retained-distribution-dependency	distribution	lib/aws-java-sdk-workspaces-1.12.564.jar	jar	445564ec10131cb03348edbffa16f518d24225b84e66ee1c3b3244660c609086
369	retained-distribution-dependency	distribution	lib/aws-java-sdk-workspacesweb-1.12.564.jar	jar	8c92a40d6a7635a866519b25b1e4e0ecd0681533aa40ee94d1e037358404a4c4
370	retained-distribution-dependency	distribution	lib/aws-java-sdk-xray-1.12.564.jar	jar	41530e8d6d6accdc89ec1f2232f743ced2ad8a5d480f41e4657dbeccef12b2de
371	retained-distribution-dependency	distribution	lib/aws-sigv4-auth-cassandra-java-driver-plugin-4.0.9.jar	jar	507b2c89a52b34630895ab9c04fd880a91e06ad684d23155c54e5aaacc86e2b9
372	retained-distribution-dependency	distribution	lib/bsh-2.1b5.jar	jar	026047c1de49a4a47db19692dee0876781099ebf086361d6b3ca75008a35ea7b
373	retained-distribution-dependency	distribution	lib/caffeine-3.1.5.jar	jar	02c34fd2ba78b1956ef6e5de9ac915aee9bfa498589966fa87255fbadb653499
374	retained-distribution-dependency	distribution	lib/cassandra-driver-core-3.7.1.jar	jar	ee794eda1ea4137873bf5c3ade6efcabdc08b638199f3a20a2857419aa798347
375	retained-distribution-dependency	distribution	lib/caster-1.0.45.jar	jar	9ea76327aabca7fd24f3fd97edab6fdbd0ebb0a140b5712fba6ce5fbbe3d36d8
376	retained-distribution-dependency	distribution	lib/checker-qual-3.32.0.jar	jar	b66e025da0a6bf85f0b7f5fdadca832a32771f85a12cac1401a3c0cd8fd73ccd
377	retained-distribution-dependency	distribution	lib/client-1.0.138.jar	jar	e24e73152aff36024007889e0bae6e4996988f01ddbb555729a0ea7d53780e34
378	retained-distribution-dependency	distribution	lib/client-api-1.0.69.jar	jar	775fcfcd10901cacebd74c480f5ee086b68b8cb71513b3b36f6bf05a76f8a848
379	retained-distribution-dependency	distribution	lib/client-impl-shared-1.0.106.jar	jar	e6917f9e0ff1d45bbaa7476bfe6ad1b4f3da002ba7f4d9876ea0f9f57e1532c5
380	retained-distribution-dependency	distribution	lib/client-pro-1.0.81.jar	jar	c32475b86e285836f2bb965e5cf103f32f33ff77a328d1fc6f2c88c8f6f97357
381	retained-distribution-dependency	distribution	lib/client-spi-1.0.154.jar	jar	5a054347c2f2c7809998590f1ac23f0e8929b4cb2f4e6d266545e9428c66023a
382	retained-distribution-dependency	distribution	lib/client.wire-specs-0.1.41.jar	jar	7df941a51c3664d8b3222da63c35ddb720313bb53bf5903705937a7bec86b4fe
383	retained-distribution-dependency	distribution	lib/clj-stacktrace-0.2.8.jar	jar	2abd00442c5f37523dd99816820c3445456cc5a868b49ba234bb7b2c50e34980
384	retained-distribution-dependency	distribution	lib/cljfmt-0.6.8.jar	jar	dddbc887d87ad37fe3d7407dfb5865e5e28d1e505f2494cd898bf2bb5f2ccdc1
385	retained-distribution-dependency	distribution	lib/clojure-1.11.4.jar	jar	fc7ff1b6610d0e3494a75cc11ef81810bda402ac157012fe4e3b899586cf4133
386	retained-distribution-dependency	distribution	lib/commons-beanutils-1.9.4.jar	jar	7d938c81789028045c08c065e94be75fc280527620d5bd62b519d5838532368a
387	retained-distribution-dependency	distribution	lib/commons-cli-1.2.jar	jar	e7cd8951956d349b568b7ccfd4f5b2529a8c113e67c32b028f52ffda371259d9
388	retained-distribution-dependency	distribution	lib/commons-codec-1.15.jar	jar	b3e9f6d63a790109bf0d056611fbed1cf69055826defeb9894a71369d246ed63
389	retained-distribution-dependency	distribution	lib/commons-collections-3.2.2.jar	jar	eeeae917917144a68a741d4c0dff66aa5c5c5fd85593ff217bced3fc8ca783b8
390	retained-distribution-dependency	distribution	lib/commons-compiler-3.0.12.jar	jar	ef2cd7cf105324223def10c6a029a8ba37c7195a2b71da7d6af5c4bf6880b0b0
391	retained-distribution-dependency	distribution	lib/commons-compiler-jdk-3.0.12.jar	jar	543433e00cddc0986788eb31914b54aade7cea5e199eeaef9c985e5fb81036b7
392	retained-distribution-dependency	distribution	lib/commons-configuration2-2.9.0.jar	jar	a38ced8312fa893a1f7159958511cdfed13d0b8cb294a4133662c901da0cda53
393	retained-distribution-dependency	distribution	lib/commons-dbcp2-2.7.0.jar	jar	b32117135876ff484e56e25e359cccf6ca84cce7b28c85a86deb53bc166d1ae0
394	retained-distribution-dependency	distribution	lib/commons-fileupload-1.5.jar	jar	51f7b3dcb4e50c7662994da2f47231519ff99707a5c7fb7b05f4c4d3a1728c14
395	retained-distribution-dependency	distribution	lib/commons-io-2.15.1.jar	jar	a58af12ee1b68cfd2ebb0c27caef164f084381a00ec81a48cc275fd7ea54e154
396	retained-distribution-dependency	distribution	lib/commons-lang3-3.12.0.jar	jar	d919d904486c037f8d193412da0c92e22a9fa24230b9d67a57855c5c31c7e94e
397	retained-distribution-dependency	distribution	lib/commons-pool2-2.7.0.jar	jar	6b54c675c7387e157d28c7098873f2e772c223c7a35bc9b13717367c9753a1e4
398	retained-distribution-dependency	distribution	lib/commons-text-1.10.0.jar	jar	770cd903fa7b604d1f7ef7ba17f84108667294b2b478be8ed1af3bffb4ae0018
399	retained-distribution-dependency	distribution	lib/config-1.4.1.jar	jar	4c0aa7e223c75c8840c41fc183d4cd3118140a1ee503e3e08ce66ed2794c948f
400	retained-distribution-dependency	distribution	lib/core.async-1.6.681.jar	jar	2e9160118c381d418ab1c4d330b6323ff76b7947e6e2d9b1cd1be950fd269d9f
401	retained-distribution-dependency	distribution	lib/core.cache-1.0.225.jar	jar	c153aa947eda5cdbd8a93882c8fbabd5037d4ad7311802b4bcd8015469f6a5b1
402	retained-distribution-dependency	distribution	lib/core.memoize-1.0.253.jar	jar	4a910585182ab326c1d0a20d34315be1563b5a58437d41c021dd7fe9911e1ed6
403	retained-distribution-dependency	distribution	lib/core.specs.alpha-0.2.62.jar	jar	06eea8c070bbe45c158567e443439681bc8c46e9123414f81bfa32ba42d6cbc8
404	retained-distribution-dependency	distribution	lib/crypto-equality-1.0.1.jar	jar	ee15cc0b76dcf73f8fc86d02e9effed7160a8a6b40b2f0e9de72e3dd25ed4bdf
405	retained-distribution-dependency	distribution	lib/crypto-random-1.2.1.jar	jar	5c128846d7b66d53c5e9726773b872f7e02844ff651a996a5e3452a1523ae52c
406	retained-distribution-dependency	distribution	lib/data.csv-0.1.3.jar	jar	6c30baccb234b583d27e1533e8e17812613da927944720a97b7d9cfc8f812790
407	retained-distribution-dependency	distribution	lib/data.fressian-1.0.0.jar	jar	062461cca6c261f2492913c06e36c39ba7875391f16d07b5754557f5cb130790
408	retained-distribution-dependency	distribution	lib/data.json-2.4.0.jar	jar	ec3f2f994e1eedd420313c452ba5518c5f5c97be5152dfed5650bc6611486adf
409	retained-distribution-dependency	distribution	lib/data.priority-map-1.1.0.jar	jar	fe51af4472fa0f1bfd66f3871de55076402ff6615a74bcb17b37c402a0ea6f4c
410	retained-distribution-dependency	distribution	lib/data.xml-0.2.0-alpha8.jar	jar	b5b10c4f6df654c36c610f2b218cd8f52af3b2677ef9ffb5a3f901ab9fbb3a95
411	retained-distribution-dependency	distribution	lib/datomic-lucene-core-3.3.0.jar	jar	83f7d772fbe31e0c9e84779ee7d60ef688a570561d0b670932e14e7114bcc223
412	retained-distribution-dependency	distribution	lib/datomic.specs-0.1.3.jar	jar	77480e064e4c4774d5f64effe39b78f998465247d616bcaf11fd237a6358b4a0
413	retained-distribution-dependency	distribution	lib/diffutils-1.3.0.jar	jar	61ba4dc49adca95243beaa0569adc2a23aedb5292ae78aa01186fa782ebdc5c2
414	retained-distribution-dependency	distribution	lib/dynamodb-848.2.1413.0.jar	jar	bc7bc3afea34a51f10ab99b87b5f958cebac1dd1a40282d8fe5f7427758c2d69
415	retained-distribution-dependency	distribution	lib/endpoints-1.1.12.504.jar	jar	807be9eb591bfe50c8e4bef763f1cab301d5ece79d449dd895a9f1e9c2fde3a4
416	retained-distribution-dependency	distribution	lib/error_prone_annotations-2.18.0.jar	jar	9e6814cb71816988a4fd1b07a993a8f21bb7058d522c162b1de849e19bea54ae
417	retained-distribution-dependency	distribution	lib/eventstream-1.0.1.jar	jar	0c37d8e696117f02c302191b8110b0d0eb20fa412fce34c3a269ec73c16ce822
418	retained-distribution-dependency	distribution	lib/failureaccess-1.0.1.jar	jar	a171ee4c734dd2da837e4b16be9df4661afab72a41adaf31eb84dfdaf936ca26
419	retained-distribution-dependency	distribution	lib/fressian-0.6.8.jar	jar	369bfd851ac23cb5b319791567d101de070cafd76fe2765eaf5a948ef6369915
420	retained-distribution-dependency	distribution	lib/guava-32.0.1-android.jar	jar	12429ff9ac33b7afd8b1a5071179757cf4d3c47f0f4099bc0384e644ecbf82dd
421	retained-distribution-dependency	distribution	lib/h2-2.1.214.jar	jar	d623cdc0f61d218cf549a8d09f1c391ff91096116b22e2475475fce4fbe72bd0
422	retained-distribution-dependency	distribution	lib/hiccup-1.0.1.jar	jar	2606d017e7dbf7b371ea7709000272094dc64a0455331320a9bdd2d091f075ff
423	retained-distribution-dependency	distribution	lib/hmac-authn-0.1.211.jar	jar	99246e8dff08ff384e5c6603e5877776fa6c9e9fa9ee2fb494a62b7279b4a33a
424	retained-distribution-dependency	distribution	lib/http-client-1.0.126.jar	jar	398bc055536ea1e8fb10d18330fef15b585b4da7b8ee0923bebef64a95023665
425	retained-distribution-dependency	distribution	lib/http-client-spi-2.15.66.jar	jar	52b5cd8238cd1589e9e9a2154c739b24768ba3fd3b3fc0bccf8e0541748d408f
426	retained-distribution-dependency	distribution	lib/http-endpoint-1.0.104.jar	jar	1119bdacdb3c96cdcf73ffefc19a6abc2c6c62d511034be2ff572c19c0c56000
427	retained-distribution-dependency	distribution	lib/httpclient-4.5.13.jar	jar	6fe9026a566c6a5001608cf3fc32196641f6c1e5e1986d1037ccdbd5f31ef743
428	retained-distribution-dependency	distribution	lib/httpcore-4.4.13.jar	jar	e06e89d40943245fcfa39ec537cdbfce3762aecde8f9c597780d2b00c2b43424
429	retained-distribution-dependency	distribution	lib/io-stats-1.0.14.jar	jar	2492424bde37f366c77d0425800385f6c8e9a6459bca38a4fc2d315bcb14e7d5
430	retained-distribution-dependency	distribution	lib/ion-1.0.67.jar	jar	726da9bfffa2746cc0f5147a4b62feae571fc475cf824e991e703984b9f1bd7b
431	retained-distribution-dependency	distribution	lib/ion-java-1.0.2.jar	jar	0d127b205a1fce0abc2a3757a041748651bc66c15cf4c059bac5833b27d471a5
432	retained-distribution-dependency	distribution	lib/j2objc-annotations-2.8.jar	jar	f02a95fa1a5e95edb3ed859fd0fb7df709d121a35290eff8b74dce2ab7f4d6ed
433	retained-distribution-dependency	distribution	lib/jackson-annotations-2.13.4.jar	jar	ac5b27a634942391ca113850ee7db01df1499a240174021263501c05fc653b44
434	retained-distribution-dependency	distribution	lib/jackson-core-2.13.4.jar	jar	4c2e043200edd9ee7ba6fc378bd5c17784a5bf2388e152d208068b51fd0839cf
435	retained-distribution-dependency	distribution	lib/jackson-databind-2.13.4.2.jar	jar	ba1a368137f9b92f48dd07f299ff7a782a69487b853ef5578215426fcde8f08b
436	retained-distribution-dependency	distribution	lib/jackson-dataformat-cbor-2.12.6.jar	jar	cfa008d15f052e69221e8c3193056ff95c3c594271321ccac8d72dc1a770619c
437	retained-distribution-dependency	distribution	lib/jansi-1.11.jar	jar	9e82163ed2fc6257fe627132ce554726e796edee4e5efe9d9e523aee217d60b8
438	retained-distribution-dependency	distribution	lib/java-driver-core-shaded-4.17.0.jar	jar	d8796e5b905ca29813054bff43edfbc8329a26992f19c6dd9da66179a909d151
439	retained-distribution-dependency	distribution	lib/java-driver-shaded-guava-25.1-jre-graal-sub-1.jar	jar	8d1e57ab48ff4cc09b1a1f033218ad50f96cf92922f732cf333ec386c9e5c9ae
440	retained-distribution-dependency	distribution	lib/java-io-0.1.29.jar	jar	dad7eb77c59ad76ce19f6dbc056994f8c8041220dafb6f21fd2e0c8003b93343
441	retained-distribution-dependency	distribution	lib/java.classpath-0.3.0.jar	jar	2176f6bed34c58675df7d54d814665a09118fb265f1ae666de1960f3cbb1510e
442	retained-distribution-dependency	distribution	lib/java.jmx-1.0.0.jar	jar	7846b47d3c151c71663cf92d6fcd19af19811ba0358951f43614bd26d94edec0
443	retained-distribution-dependency	distribution	lib/javassist-3.18.1-GA.jar	jar	3fb71231afd098bb0f93f5eb97aa8291c8d0556379125e596f92ec8f944c6162
444	retained-distribution-dependency	distribution	lib/javax.activation-api-1.2.0.jar	jar	43fdef0b5b6ceb31b0424b208b930c74ab58fac2ceeb7b3f6fd3aeb8b5ca4393
445	retained-distribution-dependency	distribution	lib/javax.servlet-api-3.1.0.jar	jar	af456b2dd41c4e82cf54f3e743bc678973d9fe35bd4d3071fa05c7e5333b8482
446	retained-distribution-dependency	distribution	lib/jaxb-api-2.4.0-b180830.0359.jar	jar	56b9e9702753763007435162ea788055efcfefc86ab920f032c0411dc547b836
447	retained-distribution-dependency	distribution	lib/jcip-annotations-1.0-1.jar	jar	4fccff8382aafc589962c4edb262f6aa595e34f1e11e61057d1c6a96e8fc7323
448	retained-distribution-dependency	distribution	lib/jcl-over-slf4j-1.7.36.jar	jar	ab57ca8fd223772c17365d121f59e94ecbf0ae59d08c03a3cb5b81071c019195
449	retained-distribution-dependency	distribution	lib/jctools-core-2.1.2.jar	jar	93dcfe1b4b5c2ae8109a98003e2092d04f83ace4ed0cc0b1754c895c81ddaee6
450	retained-distribution-dependency	distribution	lib/jetty-client-9.4.53.v20231009.jar	jar	9f5b83f64307bbb5d42dd4273e88d642214b275490363bac954369f029643c66
451	retained-distribution-dependency	distribution	lib/jetty-continuation-9.4.53.v20231009.jar	jar	f00b5ec1cd2c0c29b7f1bde11f519f0e1cc854b40f292c2a73f20f4617ea6adf
452	retained-distribution-dependency	distribution	lib/jetty-http-9.4.53.v20231009.jar	jar	c0a0cbd25998a13ce68481d6002757e6489ea0253463db761fec0cb30d15d612
453	retained-distribution-dependency	distribution	lib/jetty-io-9.4.53.v20231009.jar	jar	779a91750a60957c613ce5013404269717c504c2b21f3a73145e81c3dc41c67f
454	retained-distribution-dependency	distribution	lib/jetty-security-9.4.53.v20231009.jar	jar	6d958d0065013e0a8d64b3e683d2301cf83de4a25d34552ad60714b6cbe2a7be
455	retained-distribution-dependency	distribution	lib/jetty-server-9.4.53.v20231009.jar	jar	9c4e9c6cb0a7a541031500af0823b678f65d809f481efa9cadd1ff81bda19f78
456	retained-distribution-dependency	distribution	lib/jetty-servlet-9.4.53.v20231009.jar	jar	b0d372f7033b42ff72c3639d0da9c9fc0d84a89f548f0b8888716863424ed4b7
457	retained-distribution-dependency	distribution	lib/jetty-util-9.4.53.v20231009.jar	jar	7e5370022ecd1f682653641169a33e62e26730dd1e786433bed506cb0dcb1abc
458	retained-distribution-dependency	distribution	lib/jetty-util-ajax-9.4.53.v20231009.jar	jar	c32c1e170615e366d90d92c1172588babc72ba31fdca85d84fa9172db26b73f4
459	retained-distribution-dependency	distribution	lib/jffi-1.2.16-native.jar	jar	ef78953e3dbf47fab94469190bc2a6d601566a21d4651f73c822bad1c02b64fe
460	retained-distribution-dependency	distribution	lib/jffi-1.2.16.jar	jar	7a616bb7dc6e10531a28a098078f8184df9b008d5231bdc5f1c131839385335f
461	retained-distribution-dependency	distribution	lib/jline-0.9.9.jar	jar	dae00d17aa8931b8c7339930880d30dbdc61227ae22fa579db38c42488743c71
462	retained-distribution-dependency	distribution	lib/jline-win-1.0.jar	jar	b0d884980fab1df2f948c568f576c365f3379dc8bc930272fa508843d1f3652b
463	retained-distribution-dependency	distribution	lib/jmespath-java-1.12.564.jar	jar	fdb0dd2bb3d6ae818b5ca66fa2b144147d79c98bf50b02aa12b31f770a45dd38
464	retained-distribution-dependency	distribution	lib/jnr-constants-0.9.9.jar	jar	6862e69646fb726684d8610bc5a65740feab5f235d8d1dc7596113bd1ad54181
465	retained-distribution-dependency	distribution	lib/jnr-ffi-2.1.7.jar	jar	2ed1bedf59935cd3cc0964bac5cd91638b2e966a82041fe0a6c85f52279c9b34
466	retained-distribution-dependency	distribution	lib/jnr-posix-3.0.44.jar	jar	8442c39b21a82eab9f07039ddd5caeb1707247e1bf45c2abf3150869393ce182
467	retained-distribution-dependency	distribution	lib/jnr-x86asm-1.0.2.jar	jar	39f3675b910e6e9b93825f8284bec9f4ad3044cd20a6f7c8ff9e2f8695ebf21e
468	retained-distribution-dependency	distribution	lib/joda-time-2.8.1.jar	jar	b4670b95f75957c974284c5f3ada966040be2578f643c5c6083d262162061fa2
469	retained-distribution-dependency	distribution	lib/json-simple-1.1.1.jar	jar	4e69696892b88b41c55d49ab2fdcc21eead92bf54acc588c0050596c3b75199c
470	retained-distribution-dependency	distribution	lib/jsr305-3.0.2.jar	jar	766ad2a0783f2687962c8ad74ceecc38a28b9f72a2d085ee438b7813e928d0c7
471	retained-distribution-dependency	distribution	lib/jul-to-slf4j-1.7.36.jar	jar	9e641fb142c5f0b0623d6222c09ea87523a41bf6bed48ac79940724010b989de
472	retained-distribution-dependency	distribution	lib/liberator-0.15.3.jar	jar	f22c45ee0dea0065915d5777e2dfb756d1fd30cd36bafcc2699bbc09bfc579f8
473	retained-distribution-dependency	distribution	lib/listenablefuture-9999.0-empty-to-avoid-conflict-with-guava.jar	jar	b372a037d4230aa57fbeffdef30fd6123f9c0c2db85d0aced00c91b974f33f99
474	retained-distribution-dependency	distribution	lib/log4j-over-slf4j-1.7.36.jar	jar	0a7e032bf5bcdd5b2bf8bf2e5cf02c5646f2aa6fee66933b8150dbe84e651e8a
475	retained-distribution-dependency	distribution	lib/logback-classic-1.2.8.jar	jar	707d0f8ccacb080c8178b9b045414bb62503d403f003505a443df659e3831735
476	retained-distribution-dependency	distribution	lib/logback-core-1.2.8.jar	jar	799fc59faec20f5043ab50bd03e3c9f83381adf1818eae3307257923afd1e44d
477	retained-distribution-dependency	distribution	lib/memcache-asg-java-client-1.1.0.36.jar	jar	abbfb1455d2164d5c79ed42cf1c83f5adb48ffa175c8d9292fda9569441be363
478	retained-distribution-dependency	distribution	lib/metrics-core-3.2.2.jar	jar	5c6f685e41664d10c70c65837cba9e58d39ff3896811e3b5707a934b11c85ad0
479	retained-distribution-dependency	distribution	lib/metrics-spi-2.15.66.jar	jar	a363d71cd87b2f62fb0788ac59a2d5ae61fd42f6b63eca305af3e194786dbe78
480	retained-distribution-dependency	distribution	lib/micrometer-core-1.9.5.jar	jar	2618c65acea9785edaca0804be9bbac664890f09c71b2a67871d09cb1830d4ab
481	retained-distribution-dependency	distribution	lib/moustache-1.1.0.jar	jar	fd2790ed3241f11698698e195210d92f0266bc4e8905033225df52c61c6748c6
482	retained-distribution-dependency	distribution	lib/msgpack-0.6.12.jar	jar	e09ca65d8520488e80a5dc426848a8afccfd40f4a2eb3b9646042595d3bd9b5e
483	sanitized-datomic-dependency	derived	nano-impl-0.1.325-sanitized.jar	jar	08f9699d6e35b9e052ec85ee15e0896b3a685c74e6e226d8cd89d9c61dbf8d5f
484	retained-distribution-dependency	distribution	lib/native-protocol-1.5.1.jar	jar	955120805ddadd0771b36124679e337a20959c5639bc5de82bb8bce96b10441e
485	retained-distribution-dependency	distribution	lib/netty-buffer-4.1.100.Final.jar	jar	462874b44ee782fbefec64078cda6eb8e7bf9f0e0af71a928ef4c1f2d564f7ee
486	retained-distribution-dependency	distribution	lib/netty-codec-4.1.100.Final.jar	jar	180a01ed67af399602e24ff1c32864e7f57f57c4a0fa5e9ab3fe9b0e5e9cf051
487	retained-distribution-dependency	distribution	lib/netty-codec-http-4.1.100.Final.jar	jar	326811d249cb0e5555e78e026e877834e792261c38f0666d80464426695d9590
488	retained-distribution-dependency	distribution	lib/netty-codec-socks-4.1.100.Final.jar	jar	608a453b90f8384ba4efcdc6db7f899a1f10b9ea1890954696e6cfac45ff1ba9
489	retained-distribution-dependency	distribution	lib/netty-common-4.1.100.Final.jar	jar	d2908301f1ac6f2910900742473c15d701765d3d4467acdb1eebb9df3aa82885
490	retained-distribution-dependency	distribution	lib/netty-handler-4.1.100.Final.jar	jar	0e10e584c2e7fdf7f4804e14760ed987003f1b62ab982f62eaf13a9892793d3a
491	retained-distribution-dependency	distribution	lib/netty-handler-proxy-4.1.100.Final.jar	jar	686dbc2e61407f216d6cb267dd7954896f851dd34b58be3e757c5a89f20a5e67
492	retained-distribution-dependency	distribution	lib/netty-resolver-4.1.100.Final.jar	jar	c42c481c776e9d367a45cc3a67a06f65897d280334eb30b2362b8c55b7523f4f
493	retained-distribution-dependency	distribution	lib/netty-transport-4.1.100.Final.jar	jar	b1deeceedab3734cdb959c55f4be5ab4a667a8aed59121ff93763f49470f5470
494	retained-distribution-dependency	distribution	lib/netty-transport-classes-epoll-4.1.100.Final.jar	jar	9abc4b17b1212b33666eae4e8013d0bb78a9a2bcd0a9a621b9bd06a7e5fc0050
495	retained-distribution-dependency	distribution	lib/netty-transport-classes-kqueue-4.1.100.Final.jar	jar	70b40962b01ab594bed5cd311cd8768b224155c948118af60412ab23bc55ed50
496	retained-distribution-dependency	distribution	lib/netty-transport-native-epoll-4.1.100.Final-linux-x86_64.jar	jar	a108fb47babb7678b5b2abb1fc8b34510bd2f705faa450447860647f2de4ebaa
497	retained-distribution-dependency	distribution	lib/netty-transport-native-kqueue-4.1.100.Final-osx-x86_64.jar	jar	9ca2ba0121e35ea25228cf27ec553279966ca0a7f9c61e33ad1d9ea50477360d
498	retained-distribution-dependency	distribution	lib/netty-transport-native-unix-common-4.1.100.Final.jar	jar	5d888230a04c4a3e647c64e933cefb64fd49056f969bfb734c8a3fcedf0bea8a
499	retained-distribution-dependency	distribution	lib/ns-tracker-0.4.0.jar	jar	127b0b8a0c47c6868244d322dd28611515b4079d2b1c87639a789a64135299a5
500	retained-distribution-dependency	distribution	lib/postgresql-42.5.1.jar	jar	89e8bffa8b37b9487946012c690cf04f3103953051c1c193d88ee36b68d365ae
501	retained-distribution-dependency	distribution	lib/profiles-2.15.66.jar	jar	5548754f205aa4293a7108496ce61137c252c0679c7d6912a0a71f6b52a1f0db
502	retained-distribution-dependency	distribution	lib/query-stats-1.0.13.jar	jar	55a447d5d493156866a9d0dbd0a47b5e34c75285a1915ed06ff42f76fb39f290
503	retained-distribution-dependency	distribution	lib/query-support-0.8.28.jar	jar	086973461a46353cb10f6f4a9bfff9e083bd05f3754494069acf6f0a7651f84e
504	retained-distribution-dependency	distribution	lib/reactive-streams-1.0.3.jar	jar	1dee0481072d19c929b623e155e14d2f6085dc011529a0a0dbefc84cf571d865
505	retained-distribution-dependency	distribution	lib/rebl-0.9.242.jar	jar	9da01d1e84a8268cb59bfd35f15315d63af720c2eec81bc247ef3883383bf602
506	retained-distribution-dependency	distribution	lib/regions-2.15.66.jar	jar	a19ad2bf981c3fd2d930b6978c816511363223732df0ceabf7b67948cd1e5cd0
507	retained-distribution-dependency	distribution	lib/rewrite-clj-0.6.1.jar	jar	71b2e0d614117c0836b204b840133768da9c6ad07f94a3562d1cc26c93550363
508	retained-distribution-dependency	distribution	lib/rewrite-cljs-0.4.4.jar	jar	84881a4dcefe0156d39e29436b86164b8e65033718e9cf91954bc4701e3f6041
509	retained-distribution-dependency	distribution	lib/ring-1.10.0.jar	jar	6e31261fc1aac7e7e08d15483eb796bba49d9902936c686a52b09a9407137a7d
510	retained-distribution-dependency	distribution	lib/ring-codec-1.2.0.jar	jar	6fd8ad050062055b57b738110671f68f435774443d1826e62f4ec64d2c4565c2
511	retained-distribution-dependency	distribution	lib/ring-core-1.10.0.jar	jar	f3dd27387369fbbc627c7aed04c2cfdd5965a349e2ebfb54e8b9bf962b20c58a
512	retained-distribution-dependency	distribution	lib/ring-devel-1.10.0.jar	jar	3d1d110cf741cef99bbffc4b8a598967b5af42618c713026d6aad95e6054695a
513	retained-distribution-dependency	distribution	lib/ring-jetty-adapter-1.10.0.jar	jar	8d224dc95a88da7e42da9b7f68527eca18070803fe0b1c74ee2da6a794281dfc
514	retained-distribution-dependency	distribution	lib/ring-servlet-1.10.0.jar	jar	5e822497a1d5814c527f492bb5d5f38e6671ec714845f72724b1bd9d12fbebc2
515	retained-distribution-dependency	distribution	lib/s3-848.2.1413.0.jar	jar	43227bda5ec8d3c76dcf166a0710c19aa1e2ab66ee5a1aae6590521c89edd35c
516	retained-distribution-dependency	distribution	lib/sdk-core-2.15.66.jar	jar	e2b124b05fb833cee569402d133800ab0b2a2bd60adc2b2bac4f1af2bdd0baf8
517	retained-distribution-dependency	distribution	lib/slf4j-api-1.7.32.jar	jar	3624f8474c1af46d75f98bc097d7864a323c81b3808aa43689a6e1c601c027be
518	retained-distribution-dependency	distribution	lib/spec.alpha-0.3.218.jar	jar	67ec898eb55c66a957a55279dd85d1376bb994bd87668b2b0de1eb3b97e8aae0
519	retained-distribution-dependency	distribution	lib/spotbugs-annotations-3.1.12.jar	jar	b0954eeb5fbca69ab648dab24e812e24587ad67638a101d8fd16363431da7cb7
520	retained-distribution-dependency	distribution	lib/tap-0.1.38.jar	jar	046f0d4cd680930f3a3c6aef4d3c265f6f06ac55801b58b0a91322e1322ed044
521	retained-distribution-dependency	distribution	lib/tomcat-jdbc-7.0.109.jar	jar	7f94076cbf859a3ab66ed91ba625afc314c2f7d9163bc314287e2485e50160a4
522	retained-distribution-dependency	distribution	lib/tomcat-juli-7.0.109.jar	jar	71d6f40372884e26695c25e762f83d94c75d58bf1a007f5f1505900d3b1570db
523	retained-distribution-dependency	distribution	lib/tools.analyzer-1.1.1.jar	jar	eba167fca1179fb156a8e38bdc2e9d49dff491e5150965b54839b952fceed060
524	retained-distribution-dependency	distribution	lib/tools.analyzer.jvm-1.2.3.jar	jar	86332ef629ede50e1ad910dfb835e4cf3427073cfab2907e52b9ab2fb2f61416
525	retained-distribution-dependency	distribution	lib/tools.cli-1.0.219.jar	jar	946003ac2f2288e0c0c58861624df3ef98111c9e8877eb401ca528cc377f97a9
526	retained-distribution-dependency	distribution	lib/tools.logging-1.2.4.jar	jar	46fe0a3cd0234980be7fed8e437b1de107beaea4953194be8f71ba3b048f1929
527	retained-distribution-dependency	distribution	lib/tools.namespace-0.2.11.jar	jar	0c5f0be70614edf5b0772d157de067c4f276c1f7ed27a3cd20bc0654aed8adae
528	retained-distribution-dependency	distribution	lib/tools.reader-1.3.2.jar	jar	13b7536d7903753fb026f5471930e2ee7cb55e187a9e1411e7572b9b9e876980
529	retained-distribution-dependency	distribution	lib/transit-clj-1.0.333.jar	jar	8e0352a002cf95ddeb52770b950c1eb5ea96b7351fce39e0fee93e21ca63befb
530	retained-distribution-dependency	distribution	lib/transit-java-1.0.371.jar	jar	9267acceaa6bc8e89d5cbf65f847838647876d721af208324e38cd0040b23696
531	retained-distribution-dependency	distribution	lib/utils-2.15.66.jar	jar	9cbe2ae701e815258986d6732108ed3b2d8c4c0eb510f9d5561be847e19c832e
532	retained-distribution-dependency	distribution	lib/validation-api-2.0.0.Final.jar	jar	85a0326d97f5439bbfa7888cd48588f948f2eb8cce907643ee7e7b0793906e5d
