namespace	init_entry	init_sha256	status	match_count	owner_jars	owner_jar_sha256s	source_entries	source_sha256s
clojure.core.async	clojure/core/async__init.class	68d215b7feee075bdfdeeb8752ff06e2cad133e228d9f981203e17661ca43d40	single-exact-path	1	lib/core.async-1.6.681.jar	2e9160118c381d418ab1c4d330b6323ff76b7947e6e2d9b1cd1be950fd269d9f	clojure/core/async.clj	f205f3eb5be1b05c7191d514eedd1b968fde53e4e207f14782e6374bbf271f58
clojure.core.async.impl.buffers	clojure/core/async/impl/buffers__init.class	00b3701bde767e6faf92eed207db596193363e8f18ff5aea442ac222666d7b3b	single-exact-path	1	lib/core.async-1.6.681.jar	2e9160118c381d418ab1c4d330b6323ff76b7947e6e2d9b1cd1be950fd269d9f	clojure/core/async/impl/buffers.clj	949fea1e811cf46f0fb2164fdf90462a43cebd1e8de3a0a34a783caf5279de01
clojure.core.async.impl.channels	clojure/core/async/impl/channels__init.class	dca96827585ac35dc743b0d430f01873329d287f839c2fd0e6a3088f536f93be	single-exact-path	1	lib/core.async-1.6.681.jar	2e9160118c381d418ab1c4d330b6323ff76b7947e6e2d9b1cd1be950fd269d9f	clojure/core/async/impl/channels.clj	dba5d2812a32af53644a625b15a13646dc61b731d3bd0e17023df7d7b07a8710
clojure.core.async.impl.concurrent	clojure/core/async/impl/concurrent__init.class	22eae15d22bb5b7bb46a193a4ae42720c24ef43d45d237b6252cedabf1ff46e5	single-exact-path	1	lib/core.async-1.6.681.jar	2e9160118c381d418ab1c4d330b6323ff76b7947e6e2d9b1cd1be950fd269d9f	clojure/core/async/impl/concurrent.clj	f5ba2e09efce36dae4362a76d34627e56898859c2fa3376c27951f5169f033ab
clojure.core.async.impl.dispatch	clojure/core/async/impl/dispatch__init.class	721a6de61a1b8cbe8e4d97ef05b61d74fc51f7628d8ee5c57a3497ff89a390a3	single-exact-path	1	lib/core.async-1.6.681.jar	2e9160118c381d418ab1c4d330b6323ff76b7947e6e2d9b1cd1be950fd269d9f	clojure/core/async/impl/dispatch.clj	87a87c692e7274a254f9f91b4796b6957d0037a9cdf0e793c6f72a8a1a9d64aa
clojure.core.async.impl.exec.threadpool	clojure/core/async/impl/exec/threadpool__init.class	f45085858f92777b64be30fd815b717d29d28edc36420261e983526047c60df4	single-exact-path	1	lib/core.async-1.6.681.jar	2e9160118c381d418ab1c4d330b6323ff76b7947e6e2d9b1cd1be950fd269d9f	clojure/core/async/impl/exec/threadpool.clj	9c4de86c6b13043cdbbcffc1c5f083081997a2651246b980985d4d1a11ff85c9
clojure.core.async.impl.ioc_macros	clojure/core/async/impl/ioc_macros__init.class	c25fbf18fb937303d1e72ff18bfd1ca163a5afd321a2bbc32f3a44c09947d9a6	single-exact-path	1	lib/core.async-1.6.681.jar	2e9160118c381d418ab1c4d330b6323ff76b7947e6e2d9b1cd1be950fd269d9f	clojure/core/async/impl/ioc_macros.clj	abac40c7b0397ca48e83b5d58c6f5f6bc1050b39595e2667b95f5c29ed5ff467
clojure.core.async.impl.mutex	clojure/core/async/impl/mutex__init.class	6290594d8cfd0ce601beb06df0a4ae94bda49e331d96237f5896f11d9a5dee4d	single-exact-path	1	lib/core.async-1.6.681.jar	2e9160118c381d418ab1c4d330b6323ff76b7947e6e2d9b1cd1be950fd269d9f	clojure/core/async/impl/mutex.clj	620c3ba7260256c4787adc6aa699adcb91662e53ec0b486b39912b9fd3a5d691
clojure.core.async.impl.protocols	clojure/core/async/impl/protocols__init.class	1f735d4adeda90478f50e035413787282d19286cb7a748444010d50539835e9c	single-exact-path	1	lib/core.async-1.6.681.jar	2e9160118c381d418ab1c4d330b6323ff76b7947e6e2d9b1cd1be950fd269d9f	clojure/core/async/impl/protocols.clj	58075ca5b16c893f3b86a1c81961095aaff8d6acf6d3852db2e88a194a266cfa
clojure.core.async.impl.timers	clojure/core/async/impl/timers__init.class	059fb6f77e0e2a902b23f77a5f0d00363600b87cb234f8d16d4e52340951e7d1	single-exact-path	1	lib/core.async-1.6.681.jar	2e9160118c381d418ab1c4d330b6323ff76b7947e6e2d9b1cd1be950fd269d9f	clojure/core/async/impl/timers.clj	aa640d47ada2249d3c8b2eec589e4322d2638c248eef4f4ceb78177372e82f4f
clojure.core.cache	clojure/core/cache__init.class	877432839b18929cec90db53ddc89116809867a879c9b4dbc783b58d9a038029	single-exact-path	1	lib/core.cache-1.0.225.jar	c153aa947eda5cdbd8a93882c8fbabd5037d4ad7311802b4bcd8015469f6a5b1	clojure/core/cache.clj	d132f0b9b919451345d58423cafc8629ed70b0cc32cb609a3298ee9086597de2
clojure.core.memoize	clojure/core/memoize__init.class	69bcf528143e4151f4f86a75ad2bbf712c3790f0313907eae75c31d04c288350	single-exact-path	1	lib/core.memoize-1.0.253.jar	4a910585182ab326c1d0a20d34315be1563b5a58437d41c021dd7fe9911e1ed6	clojure/core/memoize.clj	392c8294119f7ea7a9c73a03b7e123405b5038b0420bcfdba2b2bfef6d0e0559
clojure.data.csv	clojure/data/csv__init.class	db875dae19ed8bc3eb8ba8081f9af0b414e68d2618ac652927f8bb5adfd962f5	single-exact-path	1	lib/data.csv-0.1.3.jar	6c30baccb234b583d27e1533e8e17812613da927944720a97b7d9cfc8f812790	clojure/data/csv.clj	f0960c6e6e89f37ef0e1c9f5489864f1d08ba9c92f0804b2bbca3d404ba1c06a
clojure.data.json	clojure/data/json__init.class	071f3a0b246c1239f981ca64af0845cde31cb560eb8f4655f990432d7bd60994	single-exact-path	1	lib/data.json-2.4.0.jar	ec3f2f994e1eedd420313c452ba5518c5f5c97be5152dfed5650bc6611486adf	clojure/data/json.clj	a4ea8f24114413596ba789b08c6072177fa163c31ec2fc39a6022a069344ee36
clojure.data.priority_map	clojure/data/priority_map__init.class	af2a105a33f32dd98926b6265038df1e3e46a0e398c0a914ea05c836b3881baa	single-exact-path	1	lib/data.priority-map-1.1.0.jar	fe51af4472fa0f1bfd66f3871de55076402ff6615a74bcb17b37c402a0ea6f4c	clojure/data/priority_map.clj	4da7ab739e5a807932019cb57a1cb836d3501ee733717578c70ccb6d2728692f
clojure.java.jmx	clojure/java/jmx__init.class	c06f146c25b88662a1a9394398bf3c5fa6dfc2c4841af81128f47cf6e9e9e742	single-exact-path	1	lib/java.jmx-1.0.0.jar	7846b47d3c151c71663cf92d6fcd19af19811ba0358951f43614bd26d94edec0	clojure/java/jmx.clj	a71568b2e504228fee4a7e16f1431d747589b907b2f8644477220166a75d2fa1
clojure.tools.analyzer	clojure/tools/analyzer__init.class	79bbea2b285105099f27b704618b15417e915b5f6f0f57cfd634128e07542403	single-exact-path	1	lib/tools.analyzer-1.1.1.jar	eba167fca1179fb156a8e38bdc2e9d49dff491e5150965b54839b952fceed060	clojure/tools/analyzer.clj	75740abb95cd5c112610e1a5d967856edfa58185e81daa4310d2364fb232f9ba
clojure.tools.analyzer.ast	clojure/tools/analyzer/ast__init.class	27ae2546279e2afd21a743cae9be8845aeacf0f5459b6e721e88d3823a8f80ab	single-exact-path	1	lib/tools.analyzer-1.1.1.jar	eba167fca1179fb156a8e38bdc2e9d49dff491e5150965b54839b952fceed060	clojure/tools/analyzer/ast.clj	d9423e1aef99587ce372baac3a3d3f3ada77d7d9026421cb20970f8162abd06e
clojure.tools.analyzer.env	clojure/tools/analyzer/env__init.class	0d1330bad78ed431c5e62c41cba5a81d22de9e0e972d2c300c695fd0ab69ac88	single-exact-path	1	lib/tools.analyzer-1.1.1.jar	eba167fca1179fb156a8e38bdc2e9d49dff491e5150965b54839b952fceed060	clojure/tools/analyzer/env.clj	59ddbc6840ca74b4ca568e8c6b8ffa883c250a3fe3118fd64c7537dcf03b6a3d
clojure.tools.analyzer.jvm	clojure/tools/analyzer/jvm__init.class	86768b42d0cbf7b67af8defd2fc5fd62e6463a4b24a73fabac572d6bb254e1ea	single-exact-path	1	lib/tools.analyzer.jvm-1.2.3.jar	86332ef629ede50e1ad910dfb835e4cf3427073cfab2907e52b9ab2fb2f61416	clojure/tools/analyzer/jvm.clj	e6bd0bd8f3c5290a32adaee5ff2c760075411d8a962ce76750862d5f68dbee7e
clojure.tools.analyzer.jvm.utils	clojure/tools/analyzer/jvm/utils__init.class	1c26a341ee299988d52996e1f2870b227dd73aedf0d13c3eb6781fe8b6e2b581	single-exact-path	1	lib/tools.analyzer.jvm-1.2.3.jar	86332ef629ede50e1ad910dfb835e4cf3427073cfab2907e52b9ab2fb2f61416	clojure/tools/analyzer/jvm/utils.clj	f092b5bf77c0dd66f8f38891e8d917ec11d112b72f648f8cc9a1c9883b2ace2b
clojure.tools.analyzer.passes	clojure/tools/analyzer/passes__init.class	5c91d887d45d60ec1c5f2d3e00cce830244aa28aa2d7072c782a6b5e5564c414	single-exact-path	1	lib/tools.analyzer-1.1.1.jar	eba167fca1179fb156a8e38bdc2e9d49dff491e5150965b54839b952fceed060	clojure/tools/analyzer/passes.clj	13a4832be8b73f5e1886e5c00a45971fe06ef8f4fb52d7f07b49f4047ff611cd
clojure.tools.analyzer.passes.add_binding_atom	clojure/tools/analyzer/passes/add_binding_atom__init.class	0152c01123a7c8a5b4f6c43ca97e3313893fb4e0babff3ea088340d8b44f6b2a	single-exact-path	1	lib/tools.analyzer-1.1.1.jar	eba167fca1179fb156a8e38bdc2e9d49dff491e5150965b54839b952fceed060	clojure/tools/analyzer/passes/add_binding_atom.clj	6d97ead2cf4a0fd350b038b6bc6f65cc2f3ac924723473329d5a2b7543ae5d12
clojure.tools.analyzer.passes.cleanup	clojure/tools/analyzer/passes/cleanup__init.class	abf3a62b804a46023838b6c8176c56d0ba9effa8ad8573bc3b932cc434411755	single-exact-path	1	lib/tools.analyzer-1.1.1.jar	eba167fca1179fb156a8e38bdc2e9d49dff491e5150965b54839b952fceed060	clojure/tools/analyzer/passes/cleanup.clj	2e3be28f944811fe1f457265252356ad07bb3800ca6eb0418685b6f73f9619db
clojure.tools.analyzer.passes.constant_lifter	clojure/tools/analyzer/passes/constant_lifter__init.class	1beea66cd7c1143d03d4b25fc1973c367bfb2bb78f14c57a67727b97e7fb537d	single-exact-path	1	lib/tools.analyzer-1.1.1.jar	eba167fca1179fb156a8e38bdc2e9d49dff491e5150965b54839b952fceed060	clojure/tools/analyzer/passes/constant_lifter.clj	0f2fc6a4303c739c4fbfc9862a736a0f88c076a0539245fd1202f32f53491d4a
clojure.tools.analyzer.passes.elide_meta	clojure/tools/analyzer/passes/elide_meta__init.class	66345b1c468cd54abf677d442b488933559558224073893f0f15fed148b93c24	single-exact-path	1	lib/tools.analyzer-1.1.1.jar	eba167fca1179fb156a8e38bdc2e9d49dff491e5150965b54839b952fceed060	clojure/tools/analyzer/passes/elide_meta.clj	1ea7fedc6e191be604a1a309375722598a1ab9c2482c848208585acef5004a06
clojure.tools.analyzer.passes.emit_form	clojure/tools/analyzer/passes/emit_form__init.class	c8a8751104a10ed5e2c85a9498a6b20f6609ecee90a2faa78f774b8850038c8a	single-exact-path	1	lib/tools.analyzer-1.1.1.jar	eba167fca1179fb156a8e38bdc2e9d49dff491e5150965b54839b952fceed060	clojure/tools/analyzer/passes/emit_form.clj	e8bd098ca5e9b2379fb626208398eb6e5cea37a4582479dfc16a286eb243b09d
clojure.tools.analyzer.passes.jvm.analyze_host_expr	clojure/tools/analyzer/passes/jvm/analyze_host_expr__init.class	9f6fbf747b0791c065e43897af28a64426710bf4f87ed536cd790745bd3c651f	single-exact-path	1	lib/tools.analyzer.jvm-1.2.3.jar	86332ef629ede50e1ad910dfb835e4cf3427073cfab2907e52b9ab2fb2f61416	clojure/tools/analyzer/passes/jvm/analyze_host_expr.clj	be6de3d3e3c58e5fd50e6623c795b7217e1f5eb07a89e8be3069f6a46a198b8a
clojure.tools.analyzer.passes.jvm.annotate_host_info	clojure/tools/analyzer/passes/jvm/annotate_host_info__init.class	d61e54a1dec39ef377ec47d0ab3cd2f11a04f9a254d0aeae01426bd7782a9ceb	single-exact-path	1	lib/tools.analyzer.jvm-1.2.3.jar	86332ef629ede50e1ad910dfb835e4cf3427073cfab2907e52b9ab2fb2f61416	clojure/tools/analyzer/passes/jvm/annotate_host_info.clj	27bf473361d06d794d7d94da30e28b9694c113fef4400bc191c93d2347376ce3
clojure.tools.analyzer.passes.jvm.annotate_loops	clojure/tools/analyzer/passes/jvm/annotate_loops__init.class	f6120afad3409fcb70f71e992263bdf35237a37408dd906e721537b65ee8206a	single-exact-path	1	lib/tools.analyzer.jvm-1.2.3.jar	86332ef629ede50e1ad910dfb835e4cf3427073cfab2907e52b9ab2fb2f61416	clojure/tools/analyzer/passes/jvm/annotate_loops.clj	728ad2e2e05a22414486207e6cbb2d68cb5fa4fcac40f10f57dccf8e5094037d
clojure.tools.analyzer.passes.jvm.annotate_tag	clojure/tools/analyzer/passes/jvm/annotate_tag__init.class	617ae62424973cdf24d81b9876f860fcb5ced2de034fb0167ee7d58dab3ff1ec	single-exact-path	1	lib/tools.analyzer.jvm-1.2.3.jar	86332ef629ede50e1ad910dfb835e4cf3427073cfab2907e52b9ab2fb2f61416	clojure/tools/analyzer/passes/jvm/annotate_tag.clj	2f2ee23efb8f853f4f8f857d71fa9f33a0d2d2e3e0049e11ae3a6560f9103824
clojure.tools.analyzer.passes.jvm.box	clojure/tools/analyzer/passes/jvm/box__init.class	b56d87b2df3384d5957a02ee6b068c3c24f3cda5a499a410bdf0783a5963b41f	single-exact-path	1	lib/tools.analyzer.jvm-1.2.3.jar	86332ef629ede50e1ad910dfb835e4cf3427073cfab2907e52b9ab2fb2f61416	clojure/tools/analyzer/passes/jvm/box.clj	9961e42b41a90338b432343a18fe89f97b3219bf63390c5d0b7c61a9a46c0bde
clojure.tools.analyzer.passes.jvm.classify_invoke	clojure/tools/analyzer/passes/jvm/classify_invoke__init.class	b2261330e1f4cacd526cf9cf166ea6dbbc31183226336ae36bfa8a07835f053f	single-exact-path	1	lib/tools.analyzer.jvm-1.2.3.jar	86332ef629ede50e1ad910dfb835e4cf3427073cfab2907e52b9ab2fb2f61416	clojure/tools/analyzer/passes/jvm/classify_invoke.clj	f36df28d554fbe22db76394f60973b2fdcaf3fff987caffa918a7d00757de5de
clojure.tools.analyzer.passes.jvm.constant_lifter	clojure/tools/analyzer/passes/jvm/constant_lifter__init.class	ace6192b6abf782b3882d00fcf4047817c1ad14395545231fd716c5fcd8b90a6	single-exact-path	1	lib/tools.analyzer.jvm-1.2.3.jar	86332ef629ede50e1ad910dfb835e4cf3427073cfab2907e52b9ab2fb2f61416	clojure/tools/analyzer/passes/jvm/constant_lifter.clj	b74fb7f98a66ea5b878e63effbd02dc9506f5f2bb6dfd3c7f708a7e54d5f6353
clojure.tools.analyzer.passes.jvm.emit_form	clojure/tools/analyzer/passes/jvm/emit_form__init.class	fb79c3e4d0df5c56eaac0c61a8d1bb4f8f65379af1ac4ec9f4f747e682ef6315	single-exact-path	1	lib/tools.analyzer.jvm-1.2.3.jar	86332ef629ede50e1ad910dfb835e4cf3427073cfab2907e52b9ab2fb2f61416	clojure/tools/analyzer/passes/jvm/emit_form.clj	3f9a46d96c88b89817cc19dd6be2df117e7c4fd675516e079fb7f0dcdba2fb93
clojure.tools.analyzer.passes.jvm.fix_case_test	clojure/tools/analyzer/passes/jvm/fix_case_test__init.class	7098626a19e6a75f8df1b0e776045ad8a38964e10cf6fbd0689b60afb68084c1	single-exact-path	1	lib/tools.analyzer.jvm-1.2.3.jar	86332ef629ede50e1ad910dfb835e4cf3427073cfab2907e52b9ab2fb2f61416	clojure/tools/analyzer/passes/jvm/fix_case_test.clj	ed907cda307e9e501d088967b08cc6461aef34eae95b4ebf577c66e527e29af3
clojure.tools.analyzer.passes.jvm.infer_tag	clojure/tools/analyzer/passes/jvm/infer_tag__init.class	bbc1ed185c81c33783695607e1cf80e3ba1ad429f03f52ad32bd946c5fa80dc2	single-exact-path	1	lib/tools.analyzer.jvm-1.2.3.jar	86332ef629ede50e1ad910dfb835e4cf3427073cfab2907e52b9ab2fb2f61416	clojure/tools/analyzer/passes/jvm/infer_tag.clj	122eb0b41cc7d6d858a79f90497d0360eaa5802c498e20d504ce308b8325a97d
clojure.tools.analyzer.passes.jvm.validate	clojure/tools/analyzer/passes/jvm/validate__init.class	8c17fee9fd856ffc2739305fa817c1de0fa9da19976ed6920be897e43d736ce4	single-exact-path	1	lib/tools.analyzer.jvm-1.2.3.jar	86332ef629ede50e1ad910dfb835e4cf3427073cfab2907e52b9ab2fb2f61416	clojure/tools/analyzer/passes/jvm/validate.clj	156d191bdf1b725bea33f7fc0cda86c6231e41539687998531cb2af258386540
clojure.tools.analyzer.passes.jvm.validate_loop_locals	clojure/tools/analyzer/passes/jvm/validate_loop_locals__init.class	2de3c4ed1490583736598b83287fc812833c8bcbd162f68c2a7d352882f93ee5	single-exact-path	1	lib/tools.analyzer.jvm-1.2.3.jar	86332ef629ede50e1ad910dfb835e4cf3427073cfab2907e52b9ab2fb2f61416	clojure/tools/analyzer/passes/jvm/validate_loop_locals.clj	7a212b95dca3cef0a52556027ce51fafb550ec3621e0fa356abe758c0afef9dd
clojure.tools.analyzer.passes.jvm.validate_recur	clojure/tools/analyzer/passes/jvm/validate_recur__init.class	1202287849f2fc7c517b9006d89c50b14b68f26c3d587d1a88b0fd874ddabe1b	single-exact-path	1	lib/tools.analyzer.jvm-1.2.3.jar	86332ef629ede50e1ad910dfb835e4cf3427073cfab2907e52b9ab2fb2f61416	clojure/tools/analyzer/passes/jvm/validate_recur.clj	c15a1f453eee0933542e0391a466728e09fc5aa8e10da2bbf464964ad6a58e96
clojure.tools.analyzer.passes.jvm.warn_on_reflection	clojure/tools/analyzer/passes/jvm/warn_on_reflection__init.class	601fa98751e8fd1ac7083ae17298dd9c6d986d979fb92897f8a3e01260bea559	single-exact-path	1	lib/tools.analyzer.jvm-1.2.3.jar	86332ef629ede50e1ad910dfb835e4cf3427073cfab2907e52b9ab2fb2f61416	clojure/tools/analyzer/passes/jvm/warn_on_reflection.clj	d007e6ac2b9c6b54d37f9e72d83dbf0ddf39135bb91fa852013b88657127c8dc
clojure.tools.analyzer.passes.source_info	clojure/tools/analyzer/passes/source_info__init.class	8152f6aeead67c563c792b49aaf78870c5c93491d7f5b3bda2b00e7957887de3	single-exact-path	1	lib/tools.analyzer-1.1.1.jar	eba167fca1179fb156a8e38bdc2e9d49dff491e5150965b54839b952fceed060	clojure/tools/analyzer/passes/source_info.clj	6b0ade444b977cdbc0fe2efe291478eb3e5cd2195545c0b5536e432d8d1526d5
clojure.tools.analyzer.passes.trim	clojure/tools/analyzer/passes/trim__init.class	764b7d0aec1091a55d9b7db774248fa1f39079b16227ecbac8563a9f02527a49	single-exact-path	1	lib/tools.analyzer-1.1.1.jar	eba167fca1179fb156a8e38bdc2e9d49dff491e5150965b54839b952fceed060	clojure/tools/analyzer/passes/trim.clj	c721215c7fe8587ddae93570f275e177ef9abff1e367c178031757ec29125561
clojure.tools.analyzer.passes.uniquify	clojure/tools/analyzer/passes/uniquify__init.class	91951e079d94ed3bea8b1b9ae71df6ba946389678957472ccc38d91f34315aa4	single-exact-path	1	lib/tools.analyzer-1.1.1.jar	eba167fca1179fb156a8e38bdc2e9d49dff491e5150965b54839b952fceed060	clojure/tools/analyzer/passes/uniquify.clj	ad4115e29bf790d9774dbc06faf42da83af9d70d5e8bf779af6a2d38babcf492
clojure.tools.analyzer.passes.warn_earmuff	clojure/tools/analyzer/passes/warn_earmuff__init.class	fa2c87fb171377975a7c52a71f9533dce77fd6c48afc35536da4907a68e3e020	single-exact-path	1	lib/tools.analyzer-1.1.1.jar	eba167fca1179fb156a8e38bdc2e9d49dff491e5150965b54839b952fceed060	clojure/tools/analyzer/passes/warn_earmuff.clj	702766db6f25b352ecfd2a88ebdcef79b3b5e824b603af7ae7a861d8fe2168ec
clojure.tools.analyzer.utils	clojure/tools/analyzer/utils__init.class	9a2ea93ca68b7250f86b58929943f4097be0154e1b201dbc6444c0ae4f24aa8b	single-exact-path	1	lib/tools.analyzer-1.1.1.jar	eba167fca1179fb156a8e38bdc2e9d49dff491e5150965b54839b952fceed060	clojure/tools/analyzer/utils.clj	8b813924fa2b668d49ae40ae36e038d5c75776f9cbb3d03d7122abe82254dc7b
clojure.tools.cli	clojure/tools/cli__init.class	a0e824ac425cfe81c6e925357164595f6867787099f70260e2f12b7ee8530101	single-exact-path	1	lib/tools.cli-1.0.219.jar	946003ac2f2288e0c0c58861624df3ef98111c9e8877eb401ca528cc377f97a9	clojure/tools/cli.cljc	02e9e01d37d71e0204f006103a0e999a7ab1730fb966a4e7840b9a26945d2aab
clojure.tools.reader	clojure/tools/reader__init.class	9065f0390813bfdc726208ca3646225a9bf8d4f76b2f784331d43ec5f90dd9b0	single-exact-path	1	lib/tools.reader-1.3.2.jar	13b7536d7903753fb026f5471930e2ee7cb55e187a9e1411e7572b9b9e876980	clojure/tools/reader.clj	8ca692d07b7b4c5a14281c2803ba529571bc46dd2aec5e8163fff614ed47cdcd
clojure.tools.reader.default_data_readers	clojure/tools/reader/default_data_readers__init.class	f65eed81f780ddafd03d513844c703e9f495df4794533292a59026bdf44d0ea0	single-exact-path	1	lib/tools.reader-1.3.2.jar	13b7536d7903753fb026f5471930e2ee7cb55e187a9e1411e7572b9b9e876980	clojure/tools/reader/default_data_readers.clj	3a478cea69bdb4cd63d54ffa4bffc6ae885cc0d524692797437d1486fe960abf
clojure.tools.reader.impl.commons	clojure/tools/reader/impl/commons__init.class	f55d544d89aa8dc4f81ebc760a38614da63bd0fd17989bd78705e97bdeba2bf6	single-exact-path	1	lib/tools.reader-1.3.2.jar	13b7536d7903753fb026f5471930e2ee7cb55e187a9e1411e7572b9b9e876980	clojure/tools/reader/impl/commons.clj	a9fc2462520136dd2cccfcdc81b63eb15b78821837cc96a64ce314f0fb462f07
clojure.tools.reader.impl.errors	clojure/tools/reader/impl/errors__init.class	c2a0fba7b5d4f4b790cef6548f3fe832782d03a698f77c0fe61a2341caacdc2a	single-exact-path	1	lib/tools.reader-1.3.2.jar	13b7536d7903753fb026f5471930e2ee7cb55e187a9e1411e7572b9b9e876980	clojure/tools/reader/impl/errors.clj	1d28baaeebf72c91b1405e7d090d74cae77485a9b867e273c53e67faa0878fec
clojure.tools.reader.impl.inspect	clojure/tools/reader/impl/inspect__init.class	83617e461a2ce4e36e4b459e78c17ec7edc83e52a841c44a02bc84fb6adb6f2f	single-exact-path	1	lib/tools.reader-1.3.2.jar	13b7536d7903753fb026f5471930e2ee7cb55e187a9e1411e7572b9b9e876980	clojure/tools/reader/impl/inspect.clj	6aa9371407482311c78083d9821e100b8a3a93cdc6680d73270024028ab4bcab
clojure.tools.reader.impl.utils	clojure/tools/reader/impl/utils__init.class	b0825ede2e7f718f4e5667ac6dcb8ea93ad18a714692b910dad0fb1cf195ff32	single-exact-path	1	lib/tools.reader-1.3.2.jar	13b7536d7903753fb026f5471930e2ee7cb55e187a9e1411e7572b9b9e876980	clojure/tools/reader/impl/utils.clj	759013b06e375f5e0dcac0d33da67c16fd642866bb7ffc0d82dcd9acad765dbe
clojure.tools.reader.reader_types	clojure/tools/reader/reader_types__init.class	9372a954353bbad97022185ec47f688be651224043cda41e90fe8bbe48f0bcce	single-exact-path	1	lib/tools.reader-1.3.2.jar	13b7536d7903753fb026f5471930e2ee7cb55e187a9e1411e7572b9b9e876980	clojure/tools/reader/reader_types.clj	5ebbf0b39785a7bba5f3e4c5d1d2be7834be9b443ec599d5b048456a5c709680
cognitect.anomalies	cognitect/anomalies__init.class	0c33640aa1d56f5d7b66acd14f16d8b394dfc107a29224b708b08441b3979616	single-exact-path	1	lib/anomalies-0.1.12.jar	6f8b82602ae84352c61a9e632895089f1c51e43e8af71769371f38feeaec7fc1	cognitect/anomalies.clj	4151725d525af1832cee2e1e831f1bd22b7be892f3738a36e261339d0aba8be4
cognitect.hmac_authn	cognitect/hmac_authn__init.class	ed32bf435b1057eeb469a8695dd388cb4e48cf139fccd44e91577664ecac890a	single-exact-path	1	lib/hmac-authn-0.1.211.jar	99246e8dff08ff384e5c6603e5877776fa6c9e9fa9ee2fb494a62b7279b4a33a	cognitect/hmac_authn.clj	459109cc0d366e77cba7315011d997eacf792372bc4e8e52b508168fe36176ff
cognitect.http_client	cognitect/http_client__init.class	5f312645ee9f35c4d6b0c13866d9ce1d54f741da0c09c33df1315fc8d6aa7ecc	single-exact-path	1	lib/http-client-1.0.126.jar	398bc055536ea1e8fb10d18330fef15b585b4da7b8ee0923bebef64a95023665	cognitect/http_client.clj	4ede26fc444c7e287b8378b7a91d9db7a01d4fc3a9f8456c8ddebb6a2980f0c4
cognitect.http_client.specs	cognitect/http_client/specs__init.class	d302edd101e6e1f8e437cc0680980294643f8a4d7b85711bb48c8e99f24d1ac4	single-exact-path	1	lib/http-client-1.0.126.jar	398bc055536ea1e8fb10d18330fef15b585b4da7b8ee0923bebef64a95023665	cognitect/http_client/specs.clj	fee1d0ef212dfa782fecf13e392a377257e250f691b3ecfce949c027d9248a22
cognitect.nano_impl	cognitect/nano_impl__init.class	f8e23f07110213b0bcf2b040c70d434d4b542955c4dd2d3cb74f3b80c317fe86	single-exact-path	1	lib/nano-impl-0.1.325.jar	fbde8184da356bd3a9995a9f05f01493efe4baa87c4d48377cda3e53331807cd	cognitect/nano_impl.clj	6e6706379425f7a3454774a1b7978f433c41fbb312c1302dd354cce6d26b47fb
cognitect.nano_impl.aws_detect	cognitect/nano_impl/aws_detect__init.class	675bd78ea080afe6f67a1ff7fb903fdf4e400b52b934d364769b54fe016a286d	single-exact-path	1	lib/nano-impl-0.1.325.jar	fbde8184da356bd3a9995a9f05f01493efe4baa87c4d48377cda3e53331807cd	cognitect/nano_impl/aws_detect.clj	8a11d68e2d678b8d98a0e6955b2450c568dd5262641307f85f1cb21b0092e19c
cognitect.nano_impl.marshaling	cognitect/nano_impl/marshaling__init.class	8ab5b53e36d9edae266e7a2a8da477b0e2c395d37f5742151069b42c52fdb5d8	single-exact-path	1	lib/nano-impl-0.1.325.jar	fbde8184da356bd3a9995a9f05f01493efe4baa87c4d48377cda3e53331807cd	cognitect/nano_impl/marshaling.clj	adf9d702b0b524e4a499afad3b505929bc3b28ea663baa845f23be84d92e66fc
cognitect.nano_impl.registration	cognitect/nano_impl/registration__init.class	2aad55e768d5102f4b0573d8edf3c9dd81c78dea09960ec3091907774d2b0b72	single-exact-path	1	lib/nano-impl-0.1.325.jar	fbde8184da356bd3a9995a9f05f01493efe4baa87c4d48377cda3e53331807cd	cognitect/nano_impl/registration.clj	2fb1ad8f46b6269fb2a192f2622288a0d6276961ace7bbd3f38f991bf11cfd6e
cognitect.nano_impl.server	cognitect/nano_impl/server__init.class	ebbd0d114d3e03a47afa7f92b21a594f23b2b07b7627173bc8b4073956f4a9e9	single-exact-path	1	lib/nano-impl-0.1.325.jar	fbde8184da356bd3a9995a9f05f01493efe4baa87c4d48377cda3e53331807cd	cognitect/nano_impl/server.clj	49318cb8e352418cfaeb0438c4d2458bccf2d57cad695df805ebe21d03a532b6
cognitect.transit	cognitect/transit__init.class	bdf880982705838b6c37d77a52646b2f606273b2ed1ca6376d0c07b89010d9ac	single-exact-path	1	lib/transit-clj-1.0.333.jar	8e0352a002cf95ddeb52770b950c1eb5ea96b7351fce39e0fee93e21ca63befb	cognitect/transit.clj	b0383e2a50762dcf6829f4e143447bb908bc6a3514ba5bf9989e87d1f77a695b
hiccup.compiler	hiccup/compiler__init.class	daf425677e06e449881d27363141a0c5593db201be3e83edb470cb78edef931d	single-exact-path	1	lib/hiccup-1.0.1.jar	2606d017e7dbf7b371ea7709000272094dc64a0455331320a9bdd2d091f075ff	hiccup/compiler.clj	bbd17a7a69c0869aeb00367a1d1e405b1989df93a2d05ce9874383648dd4f915
hiccup.core	hiccup/core__init.class	35e441c4d822a2fafd7365ef6eccd5e54b8cc293a9c353295176580b5c817088	single-exact-path	1	lib/hiccup-1.0.1.jar	2606d017e7dbf7b371ea7709000272094dc64a0455331320a9bdd2d091f075ff	hiccup/core.clj	79b0ee8f09f0d7db6b98c7e4c3cbf509b137f74fe931a96b00829c48e974d246
hiccup.def	hiccup/def__init.class	bb855a7063e475e6cdfa7f722907abc6d705fd5b584bfd81fb0ebee7959d1cbd	single-exact-path	1	lib/hiccup-1.0.1.jar	2606d017e7dbf7b371ea7709000272094dc64a0455331320a9bdd2d091f075ff	hiccup/def.clj	f17b861c1048e6dc7f550090bec970bfd2070c9c5372eb65b9d3e6e9618b5fab
hiccup.form	hiccup/form__init.class	67a3cdcfb562af98b08db335ede9a78506201297defc5a50807b314e1623d887	single-exact-path	1	lib/hiccup-1.0.1.jar	2606d017e7dbf7b371ea7709000272094dc64a0455331320a9bdd2d091f075ff	hiccup/form.clj	bb2f73fed32b541bdc753796b619a44edf961b1c3ac3e2b0bd4ecffdaa0be365
hiccup.page	hiccup/page__init.class	2291d1e0c28ede127f1a72a9a2c5967e04621f506a96948f78eb901248b7da5b	single-exact-path	1	lib/hiccup-1.0.1.jar	2606d017e7dbf7b371ea7709000272094dc64a0455331320a9bdd2d091f075ff	hiccup/page.clj	91ba53879b7a8cf75d886546c6251be35c01e0261c3696920a54da1245b8b87d
hiccup.util	hiccup/util__init.class	fcffa91d9ead2bb11e553ccb2170d28425e4518c397a73487ab1c61e2e05c631	single-exact-path	1	lib/hiccup-1.0.1.jar	2606d017e7dbf7b371ea7709000272094dc64a0455331320a9bdd2d091f075ff	hiccup/util.clj	e40068c3e7090bacc5d117768ec3457af26e49a6458141663256f34275484389
liberator.conneg	liberator/conneg__init.class	a72d22e5312230f11faf961af5cfb215ed5a783363337e5efe4aa09a4571be4c	single-exact-path	1	lib/liberator-0.15.3.jar	f22c45ee0dea0065915d5777e2dfb756d1fd30cd36bafcc2699bbc09bfc579f8	liberator/conneg.clj	18ecc522bade7f380755c51761330ae1d0568d937a1b6888accb3bcf1c4b6608
liberator.core	liberator/core__init.class	3e3c963a8333c8428621e7fc703483a7a34f2424bd521d0109f0d0804e042107	single-exact-path	1	lib/liberator-0.15.3.jar	f22c45ee0dea0065915d5777e2dfb756d1fd30cd36bafcc2699bbc09bfc579f8	liberator/core.clj	69a2b8625a4916f53a39b1c6e028c35f7ad43828ab55938c0bc79a9477bb949c
liberator.representation	liberator/representation__init.class	bb88d22fa7b2281375420c109eee2e31f68c0e796518ef145e47a9bc68660067	single-exact-path	1	lib/liberator-0.15.3.jar	f22c45ee0dea0065915d5777e2dfb756d1fd30cd36bafcc2699bbc09bfc579f8	liberator/representation.clj	983959aac2f6adf68343dc4068f5a5e156bdb12c648dbc1edd01b5a3b04501b1
liberator.util	liberator/util__init.class	256ee42a6564fdc22eeaf3f29e1566155e402a7400864ea265fc7abdc543e748	single-exact-path	1	lib/liberator-0.15.3.jar	f22c45ee0dea0065915d5777e2dfb756d1fd30cd36bafcc2699bbc09bfc579f8	liberator/util.clj	01b304cfa74dcd2ce0b12be1ba0df6747d0ef345e9c5d96db22f19e95a432bb4
net.cgrand.moustache	net/cgrand/moustache__init.class	cb2ae38d34cd3c143d34d56f5b9711d0723b6347a42ae535fd86cbf2d2df3ba4	single-exact-path	1	lib/moustache-1.1.0.jar	fd2790ed3241f11698698e195210d92f0266bc4e8905033225df52c61c6748c6	net/cgrand/moustache.clj	efd2eba11967d7536d7676d1ae6a8dfc0236be1b4a9bfcc3243e56ad63a85c42
ring.core.protocols	ring/core/protocols__init.class	e1a9015adc9a859738026cb670650480f87da52219953f3d25f7667002bb861d	single-exact-path	1	lib/ring-core-1.10.0.jar	f3dd27387369fbbc627c7aed04c2cfdd5965a349e2ebfb54e8b9bf962b20c58a	ring/core/protocols.clj	82b0220dab70a5d742e00d15c98ebff34cdc0382490ea77bb13d2afec6539cd2
ring.middleware.keyword_params	ring/middleware/keyword_params__init.class	c96f09ac20bfecad3636edbbf7c922d0f76cc2ad4003d9030acbed6b1928024d	single-exact-path	1	lib/ring-core-1.10.0.jar	f3dd27387369fbbc627c7aed04c2cfdd5965a349e2ebfb54e8b9bf962b20c58a	ring/middleware/keyword_params.clj	f887bfef018e6184a4ce2e55293fa84f16c413167ead408a60315fc8e5d352a8
ring.middleware.params	ring/middleware/params__init.class	7e5eaad7f8ab59a2d6029ab14936a68b8e32a01fe905abdd6bb2fc69ff4c8e0d	single-exact-path	1	lib/ring-core-1.10.0.jar	f3dd27387369fbbc627c7aed04c2cfdd5965a349e2ebfb54e8b9bf962b20c58a	ring/middleware/params.clj	8606ae53ead821b99e8d524503cc8cae4768bafea726270ba8da923e9f5d2deb
ring.util.codec	ring/util/codec__init.class	bac56b39829b4c3d2b4def8a97c6676bcde6db6544d983f36e9c2c31f5ca8fbb	single-exact-path	1	lib/ring-codec-1.2.0.jar	6fd8ad050062055b57b738110671f68f435774443d1826e62f4ec64d2c4565c2	ring/util/codec.clj	d0369e8c98ced16d2b8d19a49745c807b37638af5fbc59a811716f3737f5d697
ring.util.io	ring/util/io__init.class	4888164479b022b829b7043b90abd59f4bf847ffadc91d88ab5d373677810d13	single-exact-path	1	lib/ring-core-1.10.0.jar	f3dd27387369fbbc627c7aed04c2cfdd5965a349e2ebfb54e8b9bf962b20c58a	ring/util/io.clj	380b4f1cfa4a37cdfa4c0e5dc7039dfe349cad59740859516abcd426a236c8f5
ring.util.parsing	ring/util/parsing__init.class	0d27bb855d184930fc20c0e5fe0ca28d585b2e487e1ff9ec8278abee8dc62b5f	single-exact-path	1	lib/ring-core-1.10.0.jar	f3dd27387369fbbc627c7aed04c2cfdd5965a349e2ebfb54e8b9bf962b20c58a	ring/util/parsing.clj	e9a9b06546fefad4de5b17ef7d8ac21ff64bb79022136b0e9ee93cacf1d8126c
ring.util.request	ring/util/request__init.class	eda743f740081a57d5d18d22620efa06ceb5244a27d3f846979cb36a594b909d	single-exact-path	1	lib/ring-core-1.10.0.jar	f3dd27387369fbbc627c7aed04c2cfdd5965a349e2ebfb54e8b9bf962b20c58a	ring/util/request.clj	42bf652533f4248629e0ec6f5580c97a80dc483419d05632c0fb78f7cada8fb6
ring.util.response	ring/util/response__init.class	0558d998855913b431c4be75613ce1f01eeb073a75058c0a1384c7664e81a994	single-exact-path	1	lib/ring-core-1.10.0.jar	f3dd27387369fbbc627c7aed04c2cfdd5965a349e2ebfb54e8b9bf962b20c58a	ring/util/response.clj	43f3d704efb235c2da60424f99baa26162f6432e25d2af934cb3605a2d65c2be
ring.util.servlet	ring/util/servlet__init.class	229a722f962dc2620445e90ceee0f68ff189e0a9ab5d27091c0bb23a2cb6f1b7	single-exact-path	1	lib/ring-servlet-1.10.0.jar	5e822497a1d5814c527f492bb5d5f38e6671ec714845f72724b1bd9d12fbebc2	ring/util/servlet.clj	63b65f5e24b806866d1dcc6eb12269e82b94102b87125b2a3444ba86b4a4a675
ring.util.time	ring/util/time__init.class	3479c8f4e245107c0337a10979714ae09e33e6824cd279d9500d958fe07e63ed	single-exact-path	1	lib/ring-core-1.10.0.jar	f3dd27387369fbbc627c7aed04c2cfdd5965a349e2ebfb54e8b9bf962b20c58a	ring/util/time.clj	35e0eada360ce52f74188d4217a8ba1c1a70ecb48e38ea1583c80957beab22da
