namespace	path
datomic.adopter	datomic/adopter.clj
datomic.aggregation	datomic/aggregation.clj
datomic.api	datomic/api.clj
datomic.artemis-client	datomic/artemis_client.clj
datomic.assert	datomic/assert.clj
datomic.async	datomic/async.clj
datomic.aws	datomic/aws.clj
datomic.aws-detect	datomic/aws_detect.clj
datomic.aws-monitor	datomic/aws_monitor.clj
datomic.backup	datomic/backup.clj
datomic.btset	datomic/btset.clj
datomic.builtins	datomic/builtins.clj
datomic.cache	datomic/cache.clj
datomic.cache.caffeine	datomic/cache/caffeine.clj
datomic.cache.impl	datomic/cache/impl.clj
datomic.callback	datomic/callback.clj
datomic.cassandra	datomic/cassandra.clj
datomic.cassandra-v4	datomic/cassandra_v4.clj
datomic.cassandra-values	datomic/cassandra_values.clj
datomic.cassandra-values-v4	datomic/cassandra_values_v4.clj
datomic.cast2slf4j	datomic/cast2slf4j.clj
datomic.catalog	datomic/catalog.clj
datomic.cleanup	datomic/cleanup.clj
datomic.cli	datomic/cli.clj
datomic.cloudwatch	datomic/cloudwatch.clj
datomic.cluster	datomic/cluster.clj
datomic.cluster-stack	datomic/cluster_stack.clj
datomic.clusterfs	datomic/clusterfs.clj
datomic.codec	datomic/codec.clj
datomic.combined-cluster	datomic/combined_cluster.clj
datomic.common	datomic/common.clj
datomic.config	datomic/config.clj
datomic.config-ext	datomic/config_ext.clj
datomic.connector	datomic/connector.clj
datomic.coordination	datomic/coordination.clj
datomic.coordination-ext	datomic/coordination_ext.clj
datomic.crypto	datomic/crypto.clj
datomic.data	datomic/data.clj
datomic.datafy	datomic/datafy.clj
datomic.datalog	datomic/datalog.clj
datomic.db	datomic/db.clj
datomic.db-io	datomic/db_io.clj
datomic.ddb	datomic/ddb.clj
datomic.ddb-cluster	datomic/ddb_cluster.clj
datomic.ddb-s3-cluster	datomic/ddb_s3_cluster.clj
datomic.ddb-values	datomic/ddb_values.clj
datomic.domain	datomic/domain.clj
datomic.error	datomic/error.clj
datomic.excise	datomic/excise.clj
datomic.extension-resolver	datomic/extension_resolver.clj
datomic.extensions	datomic/extensions.clj
datomic.external-sort	datomic/external_sort.clj
datomic.external-sort-datoms	datomic/external_sort_datoms.clj
datomic.fressian	datomic/fressian.clj
datomic.fulltext	datomic/fulltext.clj
datomic.fulltext-index	datomic/fulltext_index.clj
datomic.function	datomic/function.clj
datomic.future	datomic/future.clj
datomic.garbage	datomic/garbage.clj
datomic.garbage.fressian	datomic/garbage/fressian.clj
datomic.garbage.pod	datomic/garbage/pod.clj
datomic.h2	datomic/h2.clj
datomic.index	datomic/index.clj
datomic.integrity	datomic/integrity.clj
datomic.io	datomic/io.clj
datomic.iter	datomic/iter.clj
datomic.janino	datomic/janino.clj
datomic.kv-cache	datomic/kv_cache.clj
datomic.kv-cassandra	datomic/kv_cassandra.clj
datomic.kv-cassandra2	datomic/kv_cassandra2.clj
datomic.kv-cassandra3	datomic/kv_cassandra3.clj
datomic.kv-cluster	datomic/kv_cluster.clj
datomic.kv-dynamo	datomic/kv_dynamo.clj
datomic.kv-dynamo-skv	datomic/kv_dynamo_skv.clj
datomic.kv-hotrod	datomic/kv_hotrod.clj
datomic.kv-mem	datomic/kv_mem.clj
datomic.kv-sql	datomic/kv_sql.clj
datomic.kv-sql-ext	datomic/kv_sql_ext.clj
datomic.kv-store	datomic/kv_store.clj
datomic.log	datomic/log.clj
datomic.lucene	datomic/lucene.clj
datomic.math	datomic/math.clj
datomic.memcached	datomic/memcached.clj
datomic.memory	datomic/memory.clj
datomic.memory-size	datomic/memory_size.clj
datomic.monitor	datomic/monitor.clj
datomic.peer	datomic/peer.clj
datomic.process	datomic/process.clj
datomic.process.events	datomic/process/events.clj
datomic.process-monitor	datomic/process_monitor.clj
datomic.promise	datomic/promise.clj
datomic.pull	datomic/pull.clj
datomic.qtune	datomic/qtune.clj
datomic.query	datomic/query.clj
datomic.query.support	datomic/query/support.clj
datomic.queue	datomic/queue.clj
datomic.reconnector2	datomic/reconnector2.clj
datomic.require	datomic/require.clj
datomic.s3	datomic/s3.clj
datomic.s3-api	datomic/s3_api.clj
datomic.s3-kv	datomic/s3_kv.clj
datomic.simple-kv	datomic/simple_kv.clj
datomic.slf4j	datomic/slf4j.clj
datomic.sql	datomic/sql.clj
datomic.stats	datomic/stats.clj
datomic.summary	datomic/summary.clj
datomic.tools	datomic/tools.clj
datomic.tools.index-checks	datomic/tools/index_checks.clj
datomic.transaction	datomic/transaction.clj
datomic.treewalk	datomic/treewalk.clj
datomic.uri	datomic/uri.clj
datomic.val-cluster	datomic/val_cluster.clj
datomic.valcache	datomic/valcache.clj
datomic.valcache.puts-pool	datomic/valcache/puts_pool.clj
datomic.valcache.puts-pool-impl	datomic/valcache/puts_pool_impl.clj
datomic.valcache-direct	datomic/valcache_direct.clj
datomic.validators	datomic/validators.clj
