initializer	scope	recovery_method	status	exit_status	source_entry
clojure/core/async/impl/buffers__init	bundled	shipped-source	pass	0	clojure/core/async/impl/buffers.clj
clojure/core/async/impl/channels__init	bundled	shipped-source	pass	0	clojure/core/async/impl/channels.clj
clojure/core/async/impl/concurrent__init	bundled	shipped-source	pass	0	clojure/core/async/impl/concurrent.clj
clojure/core/async/impl/dispatch__init	bundled	shipped-source	pass	0	clojure/core/async/impl/dispatch.clj
clojure/core/async/impl/exec/threadpool__init	bundled	shipped-source	pass	0	clojure/core/async/impl/exec/threadpool.clj
clojure/core/async/impl/ioc_macros__init	bundled	shipped-source	pass	0	clojure/core/async/impl/ioc_macros.clj
clojure/core/async/impl/mutex__init	bundled	shipped-source	pass	0	clojure/core/async/impl/mutex.clj
clojure/core/async/impl/protocols__init	bundled	shipped-source	pass	0	clojure/core/async/impl/protocols.clj
clojure/core/async/impl/timers__init	bundled	shipped-source	pass	0	clojure/core/async/impl/timers.clj
clojure/core/async__init	bundled	shipped-source	pass	0	clojure/core/async.clj
clojure/core/cache__init	bundled	shipped-source	pass	0	clojure/core/cache.clj
clojure/core/memoize__init	bundled	shipped-source	pass	0	clojure/core/memoize.clj
clojure/data/csv__init	bundled	shipped-source	pass	0	clojure/data/csv.clj
clojure/data/json__init	bundled	shipped-source	pass	0	clojure/data/json.clj
clojure/data/priority_map__init	bundled	shipped-source	pass	0	clojure/data/priority_map.clj
clojure/java/jmx__init	bundled	shipped-source	pass	0	clojure/java/jmx.clj
clojure/tools/analyzer/ast__init	bundled	shipped-source	pass	0	clojure/tools/analyzer/ast.clj
clojure/tools/analyzer/env__init	bundled	shipped-source	pass	0	clojure/tools/analyzer/env.clj
clojure/tools/analyzer/jvm/utils__init	bundled	shipped-source	pass	0	clojure/tools/analyzer/jvm/utils.clj
clojure/tools/analyzer/jvm__init	bundled	shipped-source	pass	0	clojure/tools/analyzer/jvm.clj
clojure/tools/analyzer/passes/add_binding_atom__init	bundled	shipped-source	pass	0	clojure/tools/analyzer/passes/add_binding_atom.clj
clojure/tools/analyzer/passes/cleanup__init	bundled	shipped-source	pass	0	clojure/tools/analyzer/passes/cleanup.clj
clojure/tools/analyzer/passes/constant_lifter__init	bundled	shipped-source	pass	0	clojure/tools/analyzer/passes/constant_lifter.clj
clojure/tools/analyzer/passes/elide_meta__init	bundled	shipped-source	pass	0	clojure/tools/analyzer/passes/elide_meta.clj
clojure/tools/analyzer/passes/emit_form__init	bundled	shipped-source	pass	0	clojure/tools/analyzer/passes/emit_form.clj
clojure/tools/analyzer/passes/jvm/analyze_host_expr__init	bundled	shipped-source	pass	0	clojure/tools/analyzer/passes/jvm/analyze_host_expr.clj
clojure/tools/analyzer/passes/jvm/annotate_host_info__init	bundled	shipped-source	pass	0	clojure/tools/analyzer/passes/jvm/annotate_host_info.clj
clojure/tools/analyzer/passes/jvm/annotate_loops__init	bundled	shipped-source	pass	0	clojure/tools/analyzer/passes/jvm/annotate_loops.clj
clojure/tools/analyzer/passes/jvm/annotate_tag__init	bundled	shipped-source	pass	0	clojure/tools/analyzer/passes/jvm/annotate_tag.clj
clojure/tools/analyzer/passes/jvm/box__init	bundled	shipped-source	pass	0	clojure/tools/analyzer/passes/jvm/box.clj
clojure/tools/analyzer/passes/jvm/classify_invoke__init	bundled	shipped-source	pass	0	clojure/tools/analyzer/passes/jvm/classify_invoke.clj
clojure/tools/analyzer/passes/jvm/constant_lifter__init	bundled	shipped-source	pass	0	clojure/tools/analyzer/passes/jvm/constant_lifter.clj
clojure/tools/analyzer/passes/jvm/emit_form__init	bundled	shipped-source	pass	0	clojure/tools/analyzer/passes/jvm/emit_form.clj
clojure/tools/analyzer/passes/jvm/fix_case_test__init	bundled	shipped-source	pass	0	clojure/tools/analyzer/passes/jvm/fix_case_test.clj
clojure/tools/analyzer/passes/jvm/infer_tag__init	bundled	shipped-source	pass	0	clojure/tools/analyzer/passes/jvm/infer_tag.clj
clojure/tools/analyzer/passes/jvm/validate__init	bundled	shipped-source	pass	0	clojure/tools/analyzer/passes/jvm/validate.clj
clojure/tools/analyzer/passes/jvm/validate_loop_locals__init	bundled	shipped-source	pass	0	clojure/tools/analyzer/passes/jvm/validate_loop_locals.clj
clojure/tools/analyzer/passes/jvm/validate_recur__init	bundled	shipped-source	pass	0	clojure/tools/analyzer/passes/jvm/validate_recur.clj
clojure/tools/analyzer/passes/jvm/warn_on_reflection__init	bundled	shipped-source	pass	0	clojure/tools/analyzer/passes/jvm/warn_on_reflection.clj
clojure/tools/analyzer/passes/source_info__init	bundled	shipped-source	pass	0	clojure/tools/analyzer/passes/source_info.clj
clojure/tools/analyzer/passes/trim__init	bundled	shipped-source	pass	0	clojure/tools/analyzer/passes/trim.clj
clojure/tools/analyzer/passes/uniquify__init	bundled	shipped-source	pass	0	clojure/tools/analyzer/passes/uniquify.clj
clojure/tools/analyzer/passes/warn_earmuff__init	bundled	shipped-source	pass	0	clojure/tools/analyzer/passes/warn_earmuff.clj
clojure/tools/analyzer/passes__init	bundled	shipped-source	pass	0	clojure/tools/analyzer/passes.clj
clojure/tools/analyzer/utils__init	bundled	shipped-source	pass	0	clojure/tools/analyzer/utils.clj
clojure/tools/analyzer__init	bundled	shipped-source	pass	0	clojure/tools/analyzer.clj
clojure/tools/cli__init	bundled	shipped-source	pass	0	clojure/tools/cli.cljc
clojure/tools/reader/default_data_readers__init	bundled	shipped-source	pass	0	clojure/tools/reader/default_data_readers.clj
clojure/tools/reader/impl/commons__init	bundled	shipped-source	pass	0	clojure/tools/reader/impl/commons.clj
clojure/tools/reader/impl/errors__init	bundled	shipped-source	pass	0	clojure/tools/reader/impl/errors.clj
clojure/tools/reader/impl/inspect__init	bundled	shipped-source	pass	0	clojure/tools/reader/impl/inspect.clj
clojure/tools/reader/impl/utils__init	bundled	shipped-source	pass	0	clojure/tools/reader/impl/utils.clj
clojure/tools/reader/reader_types__init	bundled	shipped-source	pass	0	clojure/tools/reader/reader_types.clj
clojure/tools/reader__init	bundled	shipped-source	pass	0	clojure/tools/reader.clj
cognitect/anomalies__init	bundled	shipped-source	pass	0	cognitect/anomalies.clj
cognitect/hmac_authn__init	bundled	shipped-source	pass	0	cognitect/hmac_authn.clj
cognitect/http_client/specs__init	bundled	shipped-source	pass	0	cognitect/http_client/specs.clj
cognitect/http_client__init	bundled	shipped-source	pass	0	cognitect/http_client.clj
cognitect/nano_impl/aws_detect__init	bundled	shipped-source	pass	0	cognitect/nano_impl/aws_detect.clj
cognitect/nano_impl/marshaling__init	bundled	shipped-source	pass	0	cognitect/nano_impl/marshaling.clj
cognitect/nano_impl/registration__init	bundled	shipped-source	pass	0	cognitect/nano_impl/registration.clj
cognitect/nano_impl/server__init	bundled	shipped-source	pass	0	cognitect/nano_impl/server.clj
cognitect/nano_impl__init	bundled	shipped-source	pass	0	cognitect/nano_impl.clj
cognitect/transit__init	bundled	shipped-source	pass	0	cognitect/transit.clj
datomic/adopter__init	datomic	decompiled	pass	0	datomic/adopter.clj
datomic/aggregation__init	datomic	decompiled	pass	0	datomic/aggregation.clj
datomic/api__init	datomic	decompiled	pass	0	datomic/api.clj
datomic/artemis_client__init	datomic	decompiled	pass	0	datomic/artemis_client.clj
datomic/artemis_server__init	datomic	decompiled	pass	0	datomic/artemis_server.clj
datomic/assert__init	datomic	decompiled	pass	0	datomic/assert.clj
datomic/async__init	datomic	decompiled	pass	0	datomic/async.clj
datomic/aws__init	datomic	decompiled	pass	0	datomic/aws.clj
datomic/aws_detect__init	datomic	decompiled	pass	0	datomic/aws_detect.clj
datomic/aws_monitor__init	datomic	decompiled	pass	0	datomic/aws_monitor.clj
datomic/backup__init	datomic	decompiled	pass	0	datomic/backup.clj
datomic/backup_cli__init	datomic	decompiled	pass	0	datomic/backup_cli.clj
datomic/btset__init	datomic	decompiled	pass	0	datomic/btset.clj
datomic/builtins__init	datomic	decompiled	pass	0	datomic/builtins.clj
datomic/cache/caffeine__init	datomic	decompiled	pass	0	datomic/cache/caffeine.clj
datomic/cache/impl__init	datomic	decompiled	pass	0	datomic/cache/impl.clj
datomic/cache__init	datomic	decompiled	pass	0	datomic/cache.clj
datomic/callback__init	datomic	decompiled	pass	0	datomic/callback.clj
datomic/cassandra__init	datomic	decompiled	pass	0	datomic/cassandra.clj
datomic/cassandra_v4__init	datomic	decompiled	pass	0	datomic/cassandra_v4.clj
datomic/cassandra_values__init	datomic	decompiled	pass	0	datomic/cassandra_values.clj
datomic/cassandra_values_v4__init	datomic	decompiled	pass	0	datomic/cassandra_values_v4.clj
datomic/cast2slf4j/peer_server__init	datomic	decompiled	pass	0	datomic/cast2slf4j/peer_server.clj
datomic/cast2slf4j__init	datomic	decompiled	pass	0	datomic/cast2slf4j.clj
datomic/catalog__init	datomic	decompiled	pass	0	datomic/catalog.clj
datomic/cleanup__init	datomic	decompiled	pass	0	datomic/cleanup.clj
datomic/cli__init	datomic	decompiled	pass	0	datomic/cli.clj
datomic/client_server/auth__init	datomic	decompiled	pass	0	datomic/client_server/auth.clj
datomic/client_server/marshaling__init	datomic	decompiled	pass	0	datomic/client_server/marshaling.clj
datomic/client_server/spi_support__init	datomic	decompiled	pass	0	datomic/client_server/spi_support.clj
datomic/cloudformation__init	datomic	decompiled	pass	0	datomic/cloudformation.clj
datomic/cloudwatch__init	datomic	decompiled	pass	0	datomic/cloudwatch.clj
datomic/cluster__init	datomic	decompiled	pass	0	datomic/cluster.clj
datomic/cluster_stack__init	datomic	decompiled	pass	0	datomic/cluster_stack.clj
datomic/clusterfs__init	datomic	decompiled	pass	0	datomic/clusterfs.clj
datomic/codec__init	datomic	decompiled	pass	0	datomic/codec.clj
datomic/combined_cluster__init	datomic	decompiled	pass	0	datomic/combined_cluster.clj
datomic/common__init	datomic	decompiled	pass	0	datomic/common.clj
datomic/config__init	datomic	decompiled	pass	0	datomic/config.clj
datomic/config_ext__init	datomic	decompiled	pass	0	datomic/config_ext.clj
datomic/connector__init	datomic	decompiled	pass	0	datomic/connector.clj
datomic/coordination__init	datomic	decompiled	pass	0	datomic/coordination.clj
datomic/coordination_ext__init	datomic	decompiled	pass	0	datomic/coordination_ext.clj
datomic/crypto__init	datomic	decompiled	pass	0	datomic/crypto.clj
datomic/data__init	datomic	decompiled	pass	0	datomic/data.clj
datomic/datafy__init	datomic	decompiled	pass	0	datomic/datafy.clj
datomic/datalog__init	datomic	decompiled	pass	0	datomic/datalog.clj
datomic/db/specs__init	datomic	decompiled	pass	0	datomic/db/specs.clj
datomic/db__init	datomic	decompiled	pass	0	datomic/db.clj
datomic/db_io__init	datomic	decompiled	pass	0	datomic/db_io.clj
datomic/ddb__init	datomic	decompiled	pass	0	datomic/ddb.clj
datomic/ddb_cluster__init	datomic	decompiled	pass	0	datomic/ddb_cluster.clj
datomic/ddb_s3_cluster__init	datomic	decompiled	pass	0	datomic/ddb_s3_cluster.clj
datomic/ddb_values__init	datomic	decompiled	pass	0	datomic/ddb_values.clj
datomic/domain__init	datomic	decompiled	pass	0	datomic/domain.clj
datomic/ec2__init	datomic	decompiled	pass	0	datomic/ec2.clj
datomic/error__init	datomic	decompiled	pass	0	datomic/error.clj
datomic/excise__init	datomic	decompiled	pass	0	datomic/excise.clj
datomic/extension_resolver__init	datomic	decompiled	pass	0	datomic/extension_resolver.clj
datomic/extensions__init	datomic	decompiled	pass	0	datomic/extensions.clj
datomic/external_sort__init	datomic	decompiled	pass	0	datomic/external_sort.clj
datomic/external_sort_datoms__init	datomic	decompiled	pass	0	datomic/external_sort_datoms.clj
datomic/fressian__init	datomic	decompiled	pass	0	datomic/fressian.clj
datomic/fsbackup__init	datomic	decompiled	pass	0	datomic/fsbackup.clj
datomic/fulltext__init	datomic	decompiled	pass	0	datomic/fulltext.clj
datomic/fulltext_index__init	datomic	decompiled	pass	0	datomic/fulltext_index.clj
datomic/function__init	datomic	decompiled	pass	0	datomic/function.clj
datomic/future__init	datomic	decompiled	pass	0	datomic/future.clj
datomic/garbage/fressian__init	datomic	decompiled	pass	0	datomic/garbage/fressian.clj
datomic/garbage/pod__init	datomic	decompiled	pass	0	datomic/garbage/pod.clj
datomic/garbage__init	datomic	decompiled	pass	0	datomic/garbage.clj
datomic/h2__init	datomic	decompiled	pass	0	datomic/h2.clj
datomic/iam__init	datomic	decompiled	pass	0	datomic/iam.clj
datomic/index__init	datomic	decompiled	pass	0	datomic/index.clj
datomic/indexer__init	datomic	decompiled	pass	0	datomic/indexer.clj
datomic/integrity__init	datomic	decompiled	pass	0	datomic/integrity.clj
datomic/io__init	datomic	decompiled	pass	0	datomic/io.clj
datomic/iter__init	datomic	decompiled	pass	0	datomic/iter.clj
datomic/janino__init	datomic	decompiled	pass	0	datomic/janino.clj
datomic/jar__init	datomic	decompiled	pass	0	datomic/jar.clj
datomic/jetty__init	datomic	decompiled	pass	0	datomic/jetty.clj
datomic/kv_cache__init	datomic	decompiled	pass	0	datomic/kv_cache.clj
datomic/kv_cassandra2__init	datomic	decompiled	pass	0	datomic/kv_cassandra2.clj
datomic/kv_cassandra3__init	datomic	decompiled	pass	0	datomic/kv_cassandra3.clj
datomic/kv_cassandra__init	datomic	decompiled	pass	0	datomic/kv_cassandra.clj
datomic/kv_cluster__init	datomic	decompiled	pass	0	datomic/kv_cluster.clj
datomic/kv_dynamo__init	datomic	decompiled	pass	0	datomic/kv_dynamo.clj
datomic/kv_dynamo_skv__init	datomic	decompiled	pass	0	datomic/kv_dynamo_skv.clj
datomic/kv_hotrod__init	datomic	decompiled	pass	0	datomic/kv_hotrod.clj
datomic/kv_mem__init	datomic	decompiled	pass	0	datomic/kv_mem.clj
datomic/kv_sql__init	datomic	decompiled	pass	0	datomic/kv_sql.clj
datomic/kv_sql_ext__init	datomic	decompiled	pass	0	datomic/kv_sql_ext.clj
datomic/kv_store__init	datomic	decompiled	pass	0	datomic/kv_store.clj
datomic/launcher__init	datomic	decompiled	pass	0	datomic/launcher.clj
datomic/lifecycle__init	datomic	decompiled	pass	0	datomic/lifecycle.clj
datomic/lifecycle_ext__init	datomic	decompiled	pass	0	datomic/lifecycle_ext.clj
datomic/log/specs__init	datomic	decompiled	pass	0	datomic/log/specs.clj
datomic/log__init	datomic	decompiled	pass	0	datomic/log.clj
datomic/log_gc__init	datomic	decompiled	pass	0	datomic/log_gc.clj
datomic/logrotate__init	datomic	decompiled	pass	0	datomic/logrotate.clj
datomic/lucene__init	datomic	decompiled	pass	0	datomic/lucene.clj
datomic/math__init	datomic	decompiled	pass	0	datomic/math.clj
datomic/memcached__init	datomic	decompiled	pass	0	datomic/memcached.clj
datomic/memory__init	datomic	decompiled	pass	0	datomic/memory.clj
datomic/memory_size__init	datomic	decompiled	pass	0	datomic/memory_size.clj
datomic/monitor__init	datomic	decompiled	pass	0	datomic/monitor.clj
datomic/peer__init	datomic	decompiled	pass	0	datomic/peer.clj
datomic/peer_client__init	datomic	decompiled	pass	0	datomic/peer_client.clj
datomic/peer_server__init	datomic	decompiled	pass	0	datomic/peer_server.clj
datomic/process/events__init	datomic	decompiled	pass	0	datomic/process/events.clj
datomic/process__init	datomic	decompiled	pass	0	datomic/process.clj
datomic/process_monitor__init	datomic	decompiled	pass	0	datomic/process_monitor.clj
datomic/promise__init	datomic	decompiled	pass	0	datomic/promise.clj
datomic/provisioning/aws__init	datomic	decompiled	pass	0	datomic/provisioning/aws.clj
datomic/pull__init	datomic	decompiled	pass	0	datomic/pull.clj
datomic/qtune__init	datomic	decompiled	pass	0	datomic/qtune.clj
datomic/query/support__init	datomic	shipped-dependency-source	pass	0	datomic/query/support.clj
datomic/query__init	datomic	decompiled	pass	0	datomic/query.clj
datomic/queue__init	datomic	decompiled	pass	0	datomic/queue.clj
datomic/reconnector2__init	datomic	decompiled	pass	0	datomic/reconnector2.clj
datomic/require__init	datomic	decompiled	pass	0	datomic/require.clj
datomic/rest__init	datomic	decompiled	pass	0	datomic/rest.clj
datomic/s3__init	datomic	decompiled	pass	0	datomic/s3.clj
datomic/s3_api__init	datomic	decompiled	pass	0	datomic/s3_api.clj
datomic/s3_kv__init	datomic	decompiled	pass	0	datomic/s3_kv.clj
datomic/s3backup__init	datomic	decompiled	pass	0	datomic/s3backup.clj
datomic/simple_kv__init	datomic	decompiled	pass	0	datomic/simple_kv.clj
datomic/slf4j/bridge__init	datomic	decompiled	pass	0	datomic/slf4j/bridge.clj
datomic/slf4j__init	datomic	decompiled	pass	0	datomic/slf4j.clj
datomic/spec__init	datomic	decompiled	pass	0	datomic/spec.clj
datomic/specs__init	datomic	shipped-dependency-source	pass	0	datomic/specs.clj
datomic/sql__init	datomic	decompiled	pass	0	datomic/sql.clj
datomic/stats__init	datomic	decompiled	pass	0	datomic/stats.clj
datomic/summary__init	datomic	decompiled	pass	0	datomic/summary.clj
datomic/tools/detect_865__init	datomic	decompiled	pass	0	datomic/tools/detect_865.clj
datomic/tools/filter_index__init	datomic	decompiled	pass	0	datomic/tools/filter_index.clj
datomic/tools/gc_db__init	datomic	decompiled	pass	0	datomic/tools/gc_db.clj
datomic/tools/index_checks__init	datomic	decompiled	pass	0	datomic/tools/index_checks.clj
datomic/tools/index_stats__init	datomic	decompiled	pass	0	datomic/tools/index_stats.clj
datomic/tools/locate_transactor__init	datomic	decompiled	pass	0	datomic/tools/locate_transactor.clj
datomic/tools/log_tools__init	datomic	decompiled	pass	0	datomic/tools/log_tools.clj
datomic/tools/postdiag_865__init	datomic	decompiled	pass	0	datomic/tools/postdiag_865.clj
datomic/tools/read_segment__init	datomic	decompiled	pass	0	datomic/tools/read_segment.clj
datomic/tools/rebuild_index__init	datomic	decompiled	pass	0	datomic/tools/rebuild_index.clj
datomic/tools/rebuild_log_leaf__init	datomic	decompiled	pass	0	datomic/tools/rebuild_log_leaf.clj
datomic/tools/rebuild_log_root__init	datomic	decompiled	pass	0	datomic/tools/rebuild_log_root.clj
datomic/tools/repair_1455__init	datomic	decompiled	pass	0	datomic/tools/repair_1455.clj
datomic/tools/repair_865__init	datomic	decompiled	pass	0	datomic/tools/repair_865.clj
datomic/tools/restore_log_root__init	datomic	decompiled	pass	0	datomic/tools/restore_log_root.clj
datomic/tools__init	datomic	decompiled	pass	0	datomic/tools.clj
datomic/transaction__init	datomic	decompiled	pass	0	datomic/transaction.clj
datomic/transactor__init	datomic	decompiled	pass	0	datomic/transactor.clj
datomic/transactor_ext__init	datomic	decompiled	pass	0	datomic/transactor_ext.clj
datomic/treewalk__init	datomic	decompiled	pass	0	datomic/treewalk.clj
datomic/update__init	datomic	decompiled	pass	0	datomic/update.clj
datomic/uri__init	datomic	decompiled	pass	0	datomic/uri.clj
datomic/val_cluster__init	datomic	decompiled	pass	0	datomic/val_cluster.clj
datomic/valcache/puts_pool__init	datomic	decompiled	pass	0	datomic/valcache/puts_pool.clj
datomic/valcache/puts_pool_impl__init	datomic	decompiled	pass	0	datomic/valcache/puts_pool_impl.clj
datomic/valcache__init	datomic	decompiled	pass	0	datomic/valcache.clj
datomic/valcache_direct__init	datomic	decompiled	pass	0	datomic/valcache_direct.clj
datomic/validators__init	datomic	decompiled	pass	0	datomic/validators.clj
hiccup/compiler__init	bundled	shipped-source	pass	0	hiccup/compiler.clj
hiccup/core__init	bundled	shipped-source	pass	0	hiccup/core.clj
hiccup/def__init	bundled	shipped-source	pass	0	hiccup/def.clj
hiccup/form__init	bundled	shipped-source	pass	0	hiccup/form.clj
hiccup/page__init	bundled	shipped-source	pass	0	hiccup/page.clj
hiccup/util__init	bundled	shipped-source	pass	0	hiccup/util.clj
liberator/conneg__init	bundled	shipped-source	pass	0	liberator/conneg.clj
liberator/core__init	bundled	shipped-source	pass	0	liberator/core.clj
liberator/representation__init	bundled	shipped-source	pass	0	liberator/representation.clj
liberator/util__init	bundled	shipped-source	pass	0	liberator/util.clj
net/cgrand/moustache__init	bundled	shipped-source	pass	0	net/cgrand/moustache.clj
ring/core/protocols__init	bundled	shipped-source	pass	0	ring/core/protocols.clj
ring/middleware/keyword_params__init	bundled	shipped-source	pass	0	ring/middleware/keyword_params.clj
ring/middleware/params__init	bundled	shipped-source	pass	0	ring/middleware/params.clj
ring/util/codec__init	bundled	shipped-source	pass	0	ring/util/codec.clj
ring/util/io__init	bundled	shipped-source	pass	0	ring/util/io.clj
ring/util/parsing__init	bundled	shipped-source	pass	0	ring/util/parsing.clj
ring/util/request__init	bundled	shipped-source	pass	0	ring/util/request.clj
ring/util/response__init	bundled	shipped-source	pass	0	ring/util/response.clj
ring/util/servlet__init	bundled	shipped-source	pass	0	ring/util/servlet.clj
ring/util/time__init	bundled	shipped-source	pass	0	ring/util/time.clj
