class	candidate_sha256	original_sha256	status
datomic/query/support$counted_seq$fn__15270.class	da9be557a2967242ab20cfc574d1dbe87dd2382c5000cb38d8ee8b74d3a6b485	da9be557a2967242ab20cfc574d1dbe87dd2382c5000cb38d8ee8b74d3a6b485	MATCH
datomic/query/support$counted_seq$fn__15272.class	49a9f312e7768f5e9f9c0343d82aeb15167633bd76d1bc93aaec7f6e669a168b	49a9f312e7768f5e9f9c0343d82aeb15167633bd76d1bc93aaec7f6e669a168b	MATCH
datomic/query/support$counted_seq$fn__15274.class	781f7404afcc0be709fd6fcb404ad3344cf000c36c9d5e3e25c7fbffd8a06efe	781f7404afcc0be709fd6fcb404ad3344cf000c36c9d5e3e25c7fbffd8a06efe	MATCH
datomic/query/support$counted_seq$fn__15276.class	dcb8393a5dc501862a5e61d679decdf5b836443239999ff6c00bf5cc9b03f5e6	dcb8393a5dc501862a5e61d679decdf5b836443239999ff6c00bf5cc9b03f5e6	MATCH
datomic/query/support$counted_seq$fn__15278.class	7574c8cfcf9016daa56b28e23a9d08a4ff72a0f6fa8ce4ff3d47efed20aa734b	7574c8cfcf9016daa56b28e23a9d08a4ff72a0f6fa8ce4ff3d47efed20aa734b	MATCH
datomic/query/support$counted_seq$fn__15280.class	77211ec205d82c18061ac3e41c64612ef4b64f2426be80d7d25b1015ec8ffad4	77211ec205d82c18061ac3e41c64612ef4b64f2426be80d7d25b1015ec8ffad4	MATCH
datomic/query/support$counted_seq$fn__15282.class	c3df18a4b3ee0da180a88609735fc9515a33e690c816e0d523e42a444ee90164	c3df18a4b3ee0da180a88609735fc9515a33e690c816e0d523e42a444ee90164	MATCH
datomic/query/support$counted_seq$fn__15284.class	2ddd84c9ececea6e638c423bf2e8c1c74cbb20041a473242561dea9ee7b579ab	2ddd84c9ececea6e638c423bf2e8c1c74cbb20041a473242561dea9ee7b579ab	MATCH
datomic/query/support$counted_seq$fn__15286.class	e835e64d768c6be66280dda15d98cecb09a3058950988fc38277c84a431c300e	e835e64d768c6be66280dda15d98cecb09a3058950988fc38277c84a431c300e	MATCH
datomic/query/support$counted_seq$fn__15288.class	87f24fe7a285afb2f920cb8a7d217a33a87658c677372e525f3708797460c8d5	87f24fe7a285afb2f920cb8a7d217a33a87658c677372e525f3708797460c8d5	MATCH
datomic/query/support$counted_seq$fn__15290.class	7b822ddfc4f8ead206355485c36cde99b1aaf024461946c0d44a9089cf7d8a2d	7b822ddfc4f8ead206355485c36cde99b1aaf024461946c0d44a9089cf7d8a2d	MATCH
datomic/query/support$counted_seq$fn__15292.class	c83e38366d4f27e19392c9b64d952c4959b51913f1bfca0dc7663b16fe27cc83	c83e38366d4f27e19392c9b64d952c4959b51913f1bfca0dc7663b16fe27cc83	MATCH
datomic/query/support$counted_seq$fn__15294.class	0c78a3a4e766a2358589952b38ed98e4b13628abdc7ab9e9720fc08e954a8982	0c78a3a4e766a2358589952b38ed98e4b13628abdc7ab9e9720fc08e954a8982	MATCH
datomic/query/support$counted_seq$fn__15296.class	f2cb5e3cbcd0a84128688bc7140c0e711a525d4e4f86ba17af1a06dbe843d8f5	f2cb5e3cbcd0a84128688bc7140c0e711a525d4e4f86ba17af1a06dbe843d8f5	MATCH
datomic/query/support$counted_seq$fn__15298.class	71835cbf629d1e044b448aba7f7299cb3bc5e27792c3cd80c450c91538c709fc	71835cbf629d1e044b448aba7f7299cb3bc5e27792c3cd80c450c91538c709fc	MATCH
datomic/query/support$counted_seq$fn__15300.class	e926483c0574d8b570477d01485833e5451507dbc8f5935591190caf4d762fdc	e926483c0574d8b570477d01485833e5451507dbc8f5935591190caf4d762fdc	MATCH
datomic/query/support$counted_seq$fn__15302.class	20313d74aafdcff8432762e4beeae0b2e6bbc7e29c422dd8867b2525f8973336	20313d74aafdcff8432762e4beeae0b2e6bbc7e29c422dd8867b2525f8973336	MATCH
datomic/query/support$counted_seq$fn__15304.class	e046db09427cf9ddb432c6b53d463d85ee950d75225478cc83b85cbe8ea4ca46	e046db09427cf9ddb432c6b53d463d85ee950d75225478cc83b85cbe8ea4ca46	MATCH
datomic/query/support$counted_seq$fn__15306.class	b4611ec9ac5e6fd16b4aeaf6b8e6a03fba0963349ca3c9a8d64ed694222d1cc9	b4611ec9ac5e6fd16b4aeaf6b8e6a03fba0963349ca3c9a8d64ed694222d1cc9	MATCH
datomic/query/support$counted_seq$fn__15308.class	093e60a89d32981466c99dbe9080f50d9cf0174b9e6c771dcdef7ae35e50c92d	093e60a89d32981466c99dbe9080f50d9cf0174b9e6c771dcdef7ae35e50c92d	MATCH
datomic/query/support$counted_seq.class	0434581d6372dfbdf6912615bf4196f2a94883055f7e0090a07b7ce4f3ad1904	0434581d6372dfbdf6912615bf4196f2a94883055f7e0090a07b7ce4f3ad1904	MATCH
datomic/query/support$disallow_find_variants_BANG_$fn__15257.class	87a0636cefb8b06dd0f4b5b3588d1a89ccb24e5ab96b730d33b6598563691fe3	87a0636cefb8b06dd0f4b5b3588d1a89ccb24e5ab96b730d33b6598563691fe3	MATCH
datomic/query/support$disallow_find_variants_BANG_.class	eccd21055fda725b7c6b2cf4e72cbf9a938d4367b2d81e50cf8c5c9b73f1b1de	eccd21055fda725b7c6b2cf4e72cbf9a938d4367b2d81e50cf8c5c9b73f1b1de	MATCH
datomic/query/support$fn__15246.class	c504514dd623965919287ddf509b274dc22d7daeff6561c2286cb8fcb6adc75f	c504514dd623965919287ddf509b274dc22d7daeff6561c2286cb8fcb6adc75f	MATCH
datomic/query/support$incorrect_BANG_.class	cc71127bf7320e41cdabcfb0bce7da01fee04e7e13b9bd90c0b003c7a5202573	cc71127bf7320e41cdabcfb0bce7da01fee04e7e13b9bd90c0b003c7a5202573	MATCH
datomic/query/support$listq__GT_mapq$fn__15250.class	9ab5c7d13298232c7c9318f5141ad5686e59db6e845b8f074b4c4b01667549aa	9ab5c7d13298232c7c9318f5141ad5686e59db6e845b8f074b4c4b01667549aa	MATCH
datomic/query/support$listq__GT_mapq.class	28c2dbbdfe173cde77bfb7e33db1d07ae0a0786bcd0a125e6183ec8bebded776	28c2dbbdfe173cde77bfb7e33db1d07ae0a0786bcd0a125e6183ec8bebded776	MATCH
datomic/query/support$loading__6789__auto____15244.class	e0c3e4b36642919252dd8f700f3360a2724fa02709841a31867b8f82da49ae18	e0c3e4b36642919252dd8f700f3360a2724fa02709841a31867b8f82da49ae18	MATCH
datomic/query/support$parse_as.class	cdebd5628d97c2896c40e125c3267e2d74a09e94b8dfdca21fb149992a230602	cdebd5628d97c2896c40e125c3267e2d74a09e94b8dfdca21fb149992a230602	MATCH
datomic/query/support$query_map.class	696b8b70d5bff674e7c512d0aed34cfd9eff7cfc65b0edf56736e5bdc1cca9ad	696b8b70d5bff674e7c512d0aed34cfd9eff7cfc65b0edf56736e5bdc1cca9ad	MATCH
datomic/query/support/proxy$clojure/lang/ASeq$Counted$7e5d62ee.class	548838e60f4b66cfccebc746b89608e625518c1b5de1d5a238e7d35cc0a8f8e0	548838e60f4b66cfccebc746b89608e625518c1b5de1d5a238e7d35cc0a8f8e0	MATCH
datomic/query/support__init.class	b6347dc1052a891b042517b66edf605682815516c80608c10c3d91f3f77fceb0	b6347dc1052a891b042517b66edf605682815516c80608c10c3d91f3f77fceb0	MATCH
datomic/specs$fn__23982.class	905a169950fc99255f891873dd43ef0e69ddf8ee307505b3808abc992698852f	905a169950fc99255f891873dd43ef0e69ddf8ee307505b3808abc992698852f	MATCH
datomic/specs$fn__23985.class	4d7ef5fef63a26b096564ec16a68301d4412327c32f585e623b746bf0647af90	4d7ef5fef63a26b096564ec16a68301d4412327c32f585e623b746bf0647af90	MATCH
datomic/specs$loading__6789__auto____23980.class	49e053d0dca785741756cde3433499c5b89f3b2a1749c3f46c26033298eb6968	49e053d0dca785741756cde3433499c5b89f3b2a1749c3f46c26033298eb6968	MATCH
datomic/specs__init.class	f29217bd48981b4b76e957cbbb10de0b361154882a99706dd65a3b9db85c4d5d	f29217bd48981b4b76e957cbbb10de0b361154882a99706dd65a3b9db85c4d5d	MATCH
