MATCH	com__datomic__impl__peer__ActiveMQInputStream.class.tsv	a0fd76fff0497638c34d037a35af25c90ca856c6c56b9c520965585782c5f95e	a0fd76fff0497638c34d037a35af25c90ca856c6c56b9c520965585782c5f95e
MATCH	com__datomic__lucene__store__DatomicThunk.class.tsv	97ed11891c277fb5adafd5e37168454701a198a8ece1c1953695f55e17a5faed	97ed11891c277fb5adafd5e37168454701a198a8ece1c1953695f55e17a5faed
MATCH	datomic__Attribute.class.tsv	574ea6ee7da8ab2b6c4fdb82985d21d916d58ea428bd07bb17c5fa143efe2950	574ea6ee7da8ab2b6c4fdb82985d21d916d58ea428bd07bb17c5fa143efe2950
MATCH	datomic__Connection.class.tsv	5f62ed41b6801c4f4c5de69a2ee890e6f781a5b416292de9c8a10641f053e728	5f62ed41b6801c4f4c5de69a2ee890e6f781a5b416292de9c8a10641f053e728
MATCH	datomic__Database$Predicate.class.tsv	564e24b73ed40658bc3366b0d2ea53bc094b1a43c0ce02c62af34aa406a559de	564e24b73ed40658bc3366b0d2ea53bc094b1a43c0ce02c62af34aa406a559de
MATCH	datomic__Database.class.tsv	921b5879c83bbbbaa5d29548b37d3cf0f4dd4e03a3371d95b190cf6f0353462a	921b5879c83bbbbaa5d29548b37d3cf0f4dd4e03a3371d95b190cf6f0353462a
MATCH	datomic__Datom.class.tsv	af238a1485f638f2b3d8eba965b44a784a2abb67b2c3dd9be03027e85a238824	af238a1485f638f2b3d8eba965b44a784a2abb67b2c3dd9be03027e85a238824
MATCH	datomic__Entity.class.tsv	ab8c1ee8efba67fcf8cea04e63342b3d13fef736a6010d6b54f324c0bee8a926	ab8c1ee8efba67fcf8cea04e63342b3d13fef736a6010d6b54f324c0bee8a926
MATCH	datomic__ListenableFuture.class.tsv	d1614458503b638294818c4877d737e5088b4f9b46a7c6e95fff69ec5e487d4d	d1614458503b638294818c4877d737e5088b4f9b46a7c6e95fff69ec5e487d4d
MATCH	datomic__Log.class.tsv	28408848f412ad9260339f7908f5393e76082307d07d05a91ea724620c5b4bbe	28408848f412ad9260339f7908f5393e76082307d07d05a91ea724620c5b4bbe
MATCH	datomic__Peer.class.tsv	51e369627343bece8a6af7cb11bbdc3c51ea946312a295d864748667cfe02785	51e369627343bece8a6af7cb11bbdc3c51ea946312a295d864748667cfe02785
MATCH	datomic__QueryRequest.class.tsv	61647c7a9616b7e38e471843010e91bd0f95ddf4d52e581c758ca6c5c426abf5	61647c7a9616b7e38e471843010e91bd0f95ddf4d52e581c758ca6c5c426abf5
MATCH	datomic__Util.class.tsv	92ec6fe9e5a26b8b9f903c0aa58c4d70926fe0dc8fe9321875eb46a87e86ca2d	92ec6fe9e5a26b8b9f903c0aa58c4d70926fe0dc8fe9321875eb46a87e86ca2d
MATCH	datomic__functions__Fn.class.tsv	9c09d181be0416e10b4f522991391efc627a210f985ae5bd2f896faead6fda4b	9c09d181be0416e10b4f522991391efc627a210f985ae5bd2f896faead6fda4b
MATCH	datomic__functions__Fn0.class.tsv	06907138c1bd62641eea7b89099cd1fc5bc5b1ef137d0784e9c682cc9f3879ec	06907138c1bd62641eea7b89099cd1fc5bc5b1ef137d0784e9c682cc9f3879ec
MATCH	datomic__functions__Fn1.class.tsv	c2629129294a3a82eff60d8116f414acb3293db14e373e2b3cd0bcb47470a00e	c2629129294a3a82eff60d8116f414acb3293db14e373e2b3cd0bcb47470a00e
MATCH	datomic__functions__Fn10.class.tsv	559723df82ff21e79c952bae0bf263251a33ed2bc675ac9e90beb9f4273fb039	559723df82ff21e79c952bae0bf263251a33ed2bc675ac9e90beb9f4273fb039
MATCH	datomic__functions__Fn2.class.tsv	365f20d510165a0a5d0648f01e14d8188e09132cceb5938acb37bb2355d2d60b	365f20d510165a0a5d0648f01e14d8188e09132cceb5938acb37bb2355d2d60b
MATCH	datomic__functions__Fn3.class.tsv	2d0d9659adef07ed92165b1899330d73a196a390d2b789181eab19f894cabd12	2d0d9659adef07ed92165b1899330d73a196a390d2b789181eab19f894cabd12
MATCH	datomic__functions__Fn4.class.tsv	01f221d9c68508051a0e8d38f58069aaa207ce653dd25cfb46d8cb4948bd008c	01f221d9c68508051a0e8d38f58069aaa207ce653dd25cfb46d8cb4948bd008c
MATCH	datomic__functions__Fn5.class.tsv	7ccb97c9aaae01c3c01e6da2297b34ccf92bf3a1caea5d293951609d0151b000	7ccb97c9aaae01c3c01e6da2297b34ccf92bf3a1caea5d293951609d0151b000
MATCH	datomic__functions__Fn6.class.tsv	7262db3b8a32a040ccc658a4b625e4af12b3fbdd91d673473747ddc8206e5f70	7262db3b8a32a040ccc658a4b625e4af12b3fbdd91d673473747ddc8206e5f70
MATCH	datomic__functions__Fn7.class.tsv	2cb25a279f05b618c7c480fceea393d9f5e83618d88ab6209b0a52d2a8810f7d	2cb25a279f05b618c7c480fceea393d9f5e83618d88ab6209b0a52d2a8810f7d
MATCH	datomic__functions__Fn8.class.tsv	5a2a9ae062dad038fa4f340a9ca4e1ff81558624f78db90463956d075696ac6c	5a2a9ae062dad038fa4f340a9ca4e1ff81558624f78db90463956d075696ac6c
MATCH	datomic__functions__Fn9.class.tsv	ba0cede7af17e78600eac5a42147dee52fad80ff00f0886a728c774d36bec5e6	ba0cede7af17e78600eac5a42147dee52fad80ff00f0886a728c774d36bec5e6
MATCH	datomic__impl__Circular.class.tsv	f1e041dccd10d0c0c95af6e667fb7abd0750e6bdcad0603eb183f82521629523	f1e041dccd10d0c0c95af6e667fb7abd0750e6bdcad0603eb183f82521629523
MATCH	datomic__impl__Config.class.tsv	2d96a20cc4be91a22745d114a3e7395d9732238810872ad49a2ca263787898de	2d96a20cc4be91a22745d114a3e7395d9732238810872ad49a2ca263787898de
MATCH	datomic__impl__Exceptions$IllegalArgumentExceptionInfo.class.tsv	4f407682ea1d73eebcfd393eaea12ef49f8c3b1cc62cb027138b938702f1f95e	4f407682ea1d73eebcfd393eaea12ef49f8c3b1cc62cb027138b938702f1f95e
MATCH	datomic__impl__Exceptions$IllegalStateExceptionInfo.class.tsv	d9dde84080740bb2dd1fcd648ac03b0f14b2aa315daa210a3a78d2296055b978	d9dde84080740bb2dd1fcd648ac03b0f14b2aa315daa210a3a78d2296055b978
MATCH	datomic__impl__Exceptions.class.tsv	2b701e612f1f8df052985f71ac1a5d0b1915c9c43d39fca536fd74715f9bb321	2b701e612f1f8df052985f71ac1a5d0b1915c9c43d39fca536fd74715f9bb321
MATCH	datomic__impl__FnCacheLoader.class.tsv	eaa04ed39c6439325b5389e193cb9dce8e06b0e63ffdc753fb89df191e988d0f	eaa04ed39c6439325b5389e193cb9dce8e06b0e63ffdc753fb89df191e988d0f
MATCH	datomic__impl__JavaByteUtil.class.tsv	869a49017695ea64505675f7fc0e70d6a8a536a8ff147c15ec70033eae432922	869a49017695ea64505675f7fc0e70d6a8a536a8ff147c15ec70033eae432922
MATCH	datomic__impl__LoggedOutputStream.class.tsv	44b409fa30b5be2fcf3a14a6fe1b6364a0a6b2fc3c05b6f6bdec38f30a5d15ca	44b409fa30b5be2fcf3a14a6fe1b6364a0a6b2fc3c05b6f6bdec38f30a5d15ca
MATCH	datomic__impl__MersenneTwisterFast.class.tsv	00328639d6b0c5edeb10d7d17fce34ae7c8c79b1174f8153107e672db5be8393	00328639d6b0c5edeb10d7d17fce34ae7c8c79b1174f8153107e672db5be8393
MATCH	datomic__impl__ModifiedFNVHash.class.tsv	3a8425408009369767dccbc8566ad5c0686c012a46e2e0e0bc246f66772f54aa	3a8425408009369767dccbc8566ad5c0686c012a46e2e0e0bc246f66772f54aa
MATCH	datomic__impl__MurmurHash.class.tsv	40ef5e4ac7c1a4e5dba0987a0d6d1b58963dd9b99be5b5525d0bff0e1dbdd4d6	40ef5e4ac7c1a4e5dba0987a0d6d1b58963dd9b99be5b5525d0bff0e1dbdd4d6
MATCH	datomic__impl__PriorityExecutor$ComparableFutureTask.class.tsv	0d6e1e12f9378c717d392c6cdd07647f947fd6b64a43a81cc883185cd7539e20	0d6e1e12f9378c717d392c6cdd07647f947fd6b64a43a81cc883185cd7539e20
MATCH	datomic__impl__PriorityExecutor.class.tsv	ccb2b62dd284a7739403b9dbcb88d52af68faaf85032e25bd6485d46ca1e9776	ccb2b62dd284a7739403b9dbcb88d52af68faaf85032e25bd6485d46ca1e9776
MATCH	datomic__impl__Shell.class.tsv	4ee2873923a5dfe2778b3aaf13d46ad5dac8f6e4e40143194b2cc98edb8832fd	4ee2873923a5dfe2778b3aaf13d46ad5dac8f6e4e40143194b2cc98edb8832fd
MATCH	datomic__impl__clusterfs__Closed.class.tsv	4267af77685c09dfc33e99b03e074e5849d9a00983b2fe7abd377575fb06442b	4267af77685c09dfc33e99b03e074e5849d9a00983b2fe7abd377575fb06442b
MATCH	datomic__impl__clusterfs__IClusterFS.class.tsv	1555c645889905de4d019e903f861fcf228df2c222f8b9eecaf853ffc5fdf7cf	1555c645889905de4d019e903f861fcf228df2c222f8b9eecaf853ffc5fdf7cf
MATCH	datomic__impl__db__IDatum.class.tsv	dc68414b235452bf3dae05f41ecde0f87c44dc32186366858a970be9925e5fa0	dc68414b235452bf3dae05f41ecde0f87c44dc32186366858a970be9925e5fa0
MATCH	datomic__impl__lucene__ClusterDirectory.class.tsv	b4d2f87f255d0ea0090c5e8aa82cc4883404c6ae39ceb3775e117c5b1257755b	b4d2f87f255d0ea0090c5e8aa82cc4883404c6ae39ceb3775e117c5b1257755b
MATCH	datomic__impl__lucene__ClusterIndexInput.class.tsv	441cb87a843ff1aa44b247a926342e5e25a7d5a931087e2c513f6f9c4b24e51a	441cb87a843ff1aa44b247a926342e5e25a7d5a931087e2c513f6f9c4b24e51a
MATCH	datomic__impl__lucene__DirectoryRef.class.tsv	78ce7b259414ce95b1fba3a3a94df286e8fab5d868f6162b6b9774d7d4335e80	78ce7b259414ce95b1fba3a3a94df286e8fab5d868f6162b6b9774d7d4335e80
MATCH	datomic__impl__lucene__EmptyIndexInput.class.tsv	7c8fcfccc371a3d065ac788a4fd2d5167e2c4ce22b87fe0ccd39ee38daac8c8f	7c8fcfccc371a3d065ac788a4fd2d5167e2c4ce22b87fe0ccd39ee38daac8c8f
MATCH	datomic__impl__lucene__HybridDirectory.class.tsv	43ee3be744f354703dd26729a57f37a971eee08b24baf5b18c2838c5b1c0e4b8	43ee3be744f354703dd26729a57f37a971eee08b24baf5b18c2838c5b1c0e4b8
MATCH	datomic_jetty__impl__ProxyHandler.class.tsv	292c772e27e1ac15c090bb1ebb1f9173ad8adcd3c97836665b7eb04434517de8	292c772e27e1ac15c090bb1ebb1f9173ad8adcd3c97836665b7eb04434517de8
MATCH	org__eclipse__jetty__servlets__EventSource$Emitter.class.tsv	6f3c8f02a60f72550cff26164765ee0315745b37f6fc4eb04e002a8ee8cd37b2	6f3c8f02a60f72550cff26164765ee0315745b37f6fc4eb04e002a8ee8cd37b2
MATCH	org__eclipse__jetty__servlets__EventSource.class.tsv	e87affc7d5fa7862e0ac01b364dc254ac1d939f931d3230f44c86cb25e8df732	e87affc7d5fa7862e0ac01b364dc254ac1d939f931d3230f44c86cb25e8df732
MATCH	org__eclipse__jetty__servlets__EventSourceServlet$EventSourceEmitter.class.tsv	d2f258b91608b1632dd600110c244d34b111d4b64cf5c790e6a38a077a2f9066	d2f258b91608b1632dd600110c244d34b111d4b64cf5c790e6a38a077a2f9066
MATCH	org__eclipse__jetty__servlets__EventSourceServlet.class.tsv	f943881fdbf14f377df96ded3205200eac0084e2bd66828afa0f59d0691e16a0	f943881fdbf14f377df96ded3205200eac0084e2bd66828afa0f59d0691e16a0
