jar	namespace	source_paths	source_kind_class_counts	has_init_class	classes	fields	methods	instructions	calls	invokedynamic	field_accesses	literals
artemis-core-client-2.31.2.jar	org.apache.activemq.artemis.api.config		java=2	false	2	244	217	1114	30	1	464	309
artemis-core-client-2.31.2.jar	org.apache.activemq.artemis.api.core		java=24	false	24	113	357	4075	761	20	435	321
artemis-core-client-2.31.2.jar	org.apache.activemq.artemis.api.core.client		java=19	false	19	60	368	495	102	2	71	91
artemis-core-client-2.31.2.jar	org.apache.activemq.artemis.api.core.client.loadbalance		java=5	false	5	3	9	62	7	0	12	11
artemis-core-client-2.31.2.jar	org.apache.activemq.artemis.api.core.jgroups		java=4	false	4	15	29	599	93	2	96	72
artemis-core-client-2.31.2.jar	org.apache.activemq.artemis.api.core.management	datomic/Attribute.java	java=29	false	29	194	590	2532	442	12	318	407
artemis-core-client-2.31.2.jar	org.apache.activemq.artemis.core.buffers.impl		java=1	false	1	2	45	359	91	0	24	0
artemis-core-client-2.31.2.jar	org.apache.activemq.artemis.core.client		java=4	false	4	4	342	2160	429	0	210	255
artemis-core-client-2.31.2.jar	org.apache.activemq.artemis.core.client.impl		java=67	false	67	365	1355	18541	3104	29	2365	1299
artemis-core-client-2.31.2.jar	org.apache.activemq.artemis.core.cluster		java=5	false	5	18	25	763	129	3	132	43
artemis-core-client-2.31.2.jar	org.apache.activemq.artemis.core.config		java=3	false	3	13	42	487	68	0	75	39
artemis-core-client-2.31.2.jar	org.apache.activemq.artemis.core.config.federation		java=11	false	11	47	155	1955	277	0	348	127
artemis-core-client-2.31.2.jar	org.apache.activemq.artemis.core.exception		java=1	false	1	1	2	11	2	0	1	1
artemis-core-client-2.31.2.jar	org.apache.activemq.artemis.core.message		java=2	false	2	0	11	0	0	0	0	0
artemis-core-client-2.31.2.jar	org.apache.activemq.artemis.core.message.impl		java=7	false	7	30	353	3152	628	4	368	166
artemis-core-client-2.31.2.jar	org.apache.activemq.artemis.core.message.openmbean		java=2	false	2	59	14	727	124	4	64	196
artemis-core-client-2.31.2.jar	org.apache.activemq.artemis.core.protocol		java=1	false	1	2	3	61	13	0	3	1
artemis-core-client-2.31.2.jar	org.apache.activemq.artemis.core.protocol.core		java=6	false	6	1	75	108	10	0	0	32
artemis-core-client-2.31.2.jar	org.apache.activemq.artemis.core.protocol.core.impl		java=16	false	16	240	276	6611	1339	10	726	721
artemis-core-client-2.31.2.jar	org.apache.activemq.artemis.core.protocol.core.impl.wireformat		java=93	false	93	224	979	15705	2219	226	2411	1502
artemis-core-client-2.31.2.jar	org.apache.activemq.artemis.core.remoting		java=3	false	3	2	10	193	36	0	4	17
artemis-core-client-2.31.2.jar	org.apache.activemq.artemis.core.remoting.impl		java=2	false	2	3	8	204	63	0	10	25
artemis-core-client-2.31.2.jar	org.apache.activemq.artemis.core.remoting.impl.netty		java=23	false	23	313	188	4995	940	35	776	735
artemis-core-client-2.31.2.jar	org.apache.activemq.artemis.core.remoting.impl.ssl		java=7	false	7	23	82	1128	200	8	168	68
artemis-core-client-2.31.2.jar	org.apache.activemq.artemis.core.security		java=2	false	2	14	34	631	37	1	122	92
artemis-core-client-2.31.2.jar	org.apache.activemq.artemis.core.server		java=4	false	4	44	48	356	15	0	101	24
artemis-core-client-2.31.2.jar	org.apache.activemq.artemis.core.server.management		java=3	false	3	3	10	29	2	1	9	0
artemis-core-client-2.31.2.jar	org.apache.activemq.artemis.core.settings.impl		java=2	false	2	8	8	96	12	0	16	22
artemis-core-client-2.31.2.jar	org.apache.activemq.artemis.core.transaction.impl		java=1	false	1	6	13	281	33	1	23	30
artemis-core-client-2.31.2.jar	org.apache.activemq.artemis.core.version		java=1	false	1	0	7	0	0	0	0	0
artemis-core-client-2.31.2.jar	org.apache.activemq.artemis.core.version.impl		java=1	false	1	7	10	192	6	0	34	24
artemis-core-client-2.31.2.jar	org.apache.activemq.artemis.reader		java=5	false	5	14	69	1155	300	2	35	69
artemis-core-client-2.31.2.jar	org.apache.activemq.artemis.spi.core.protocol		java=3	false	3	14	76	311	58	1	51	10
artemis-core-client-2.31.2.jar	org.apache.activemq.artemis.spi.core.remoting	datomic/Connection.java	java=15	false	15	5	142	92	9	0	11	4
artemis-core-client-2.31.2.jar	org.apache.activemq.artemis.spi.core.remoting.ssl		java=7	false	7	27	53	575	79	2	121	29
artemis-core-client-2.31.2.jar	org.apache.activemq.artemis.uri		java=2	false	2	0	3	43	15	0	1	1
artemis-core-client-2.31.2.jar	org.apache.activemq.artemis.uri.schema.connector		java=3	false	3	3	17	250	51	1	2	23
artemis-core-client-2.31.2.jar	org.apache.activemq.artemis.uri.schema.serverLocator		java=6	false	6	4	45	637	136	3	14	66
artemis-core-client-2.31.2.jar	org.apache.activemq.artemis.utils	datomic/memory_size/MemorySize.java	java=30	false	30	55	180	3841	762	12	218	322
aws-java-sdk-cloudwatch-1.12.564.jar	com.amazonaws.auth.policy.actions		java=1	false	1	41	6	455	42	0	82	159
aws-java-sdk-cloudwatch-1.12.564.jar	com.amazonaws.services.cloudwatch		java=46	false	46	128	578	7883	1680	0	955	309
aws-java-sdk-cloudwatch-1.12.564.jar	com.amazonaws.services.cloudwatch.model		java=136	false	136	487	2097	37195	7303	0	1463	5214
aws-java-sdk-cloudwatch-1.12.564.jar	com.amazonaws.services.cloudwatch.model.transform		java=122	false	122	73	439	14123	4323	0	257	1157
aws-java-sdk-cloudwatch-1.12.564.jar	com.amazonaws.services.cloudwatch.waiters		java=6	false	6	7	19	240	64	0	19	19
aws-java-sdk-dynamodb-1.12.564.jar	com.amazonaws.auth.policy.actions		java=1	false	1	56	6	620	57	0	112	219
aws-java-sdk-dynamodb-1.12.564.jar	com.amazonaws.services.dynamodbv2		java=74	false	74	202	1062	14374	3458	0	1678	735
aws-java-sdk-dynamodb-1.12.564.jar	com.amazonaws.services.dynamodbv2.datamodeling		java=309	false	309	505	1829	23130	5678	0	1876	1659
aws-java-sdk-dynamodb-1.12.564.jar	com.amazonaws.services.dynamodbv2.datamodeling.marshallers		java=23	false	23	27	96	846	212	0	60	20
aws-java-sdk-dynamodb-1.12.564.jar	com.amazonaws.services.dynamodbv2.datamodeling.unmarshallers		java=45	false	45	44	207	1626	444	0	103	53
aws-java-sdk-dynamodb-1.12.564.jar	com.amazonaws.services.dynamodbv2.document	datomic/Attribute.java,datomic/core2/log/spi/Item.java,datomic/index/Index.java	java=31	false	31	69	406	6680	1425	0	434	312
aws-java-sdk-dynamodb-1.12.564.jar	com.amazonaws.services.dynamodbv2.document.api		java=9	false	9	0	72	0	0	0	0	0
aws-java-sdk-dynamodb-1.12.564.jar	com.amazonaws.services.dynamodbv2.document.internal		java=26	false	26	45	202	2842	736	0	170	85
aws-java-sdk-dynamodb-1.12.564.jar	com.amazonaws.services.dynamodbv2.document.spec		java=13	false	13	30	332	2284	530	0	101	55
aws-java-sdk-dynamodb-1.12.564.jar	com.amazonaws.services.dynamodbv2.document.utils		java=6	false	6	7	69	503	103	0	2	15
aws-java-sdk-dynamodb-1.12.564.jar	com.amazonaws.services.dynamodbv2.endpointdiscovery		java=2	false	2	2	8	156	42	0	9	15
aws-java-sdk-dynamodb-1.12.564.jar	com.amazonaws.services.dynamodbv2.metrics		java=1	false	1	2	4	28	4	0	4	5
aws-java-sdk-dynamodb-1.12.564.jar	com.amazonaws.services.dynamodbv2.model	datomic/QueryRequest.java,datomic/core2/log/spi/Delete.java,datomic/core2/val_store/spi/Get.java,datomic/core2/val_store/spi/Put.java	java=298	false	298	1059	4611	76292	15762	0	2815	11016
aws-java-sdk-dynamodb-1.12.564.jar	com.amazonaws.services.dynamodbv2.model.transform		java=422	false	422	1160	1688	42476	12440	0	4980	2827
aws-java-sdk-dynamodb-1.12.564.jar	com.amazonaws.services.dynamodbv2.util		java=2	false	2	4	10	189	53	0	8	24
aws-java-sdk-dynamodb-1.12.564.jar	com.amazonaws.services.dynamodbv2.waiters		java=7	false	7	5	20	190	50	0	16	18
aws-java-sdk-dynamodb-1.12.564.jar	com.amazonaws.services.dynamodbv2.xspec		java=49	false	49	70	379	3901	874	0	214	223
aws-java-sdk-s3-1.12.564.jar	com.amazonaws.auth		java=3	false	3	30	24	808	126	0	118	102
aws-java-sdk-s3-1.12.564.jar	com.amazonaws.auth.policy.actions		java=1	false	1	44	5	486	45	0	88	170
aws-java-sdk-s3-1.12.564.jar	com.amazonaws.auth.policy.conditions		java=1	false	1	8	2	11	3	0	1	9
aws-java-sdk-s3-1.12.564.jar	com.amazonaws.auth.policy.resources		java=2	false	2	0	4	45	6	0	0	11
aws-java-sdk-s3-1.12.564.jar	com.amazonaws.services.s3		java=56	false	56	278	1116	17982	4638	0	998	1894
aws-java-sdk-s3-1.12.564.jar	com.amazonaws.services.s3.event		java=14	false	14	43	66	396	29	0	94	12
aws-java-sdk-s3-1.12.564.jar	com.amazonaws.services.s3.internal		java=79	false	79	230	532	8298	1711	0	803	946
aws-java-sdk-s3-1.12.564.jar	com.amazonaws.services.s3.internal.auth		java=1	false	1	3	7	133	27	0	16	13
aws-java-sdk-s3-1.12.564.jar	com.amazonaws.services.s3.internal.crypto		java=16	false	16	52	152	1998	280	0	278	211
aws-java-sdk-s3-1.12.564.jar	com.amazonaws.services.s3.internal.crypto.keywrap		java=30	false	30	75	170	1539	329	0	201	146
aws-java-sdk-s3-1.12.564.jar	com.amazonaws.services.s3.internal.crypto.v1		java=19	false	19	41	196	4465	1009	0	293	273
aws-java-sdk-s3-1.12.564.jar	com.amazonaws.services.s3.internal.crypto.v2		java=11	false	11	26	160	4000	992	0	199	275
aws-java-sdk-s3-1.12.564.jar	com.amazonaws.services.s3.internal.eventstreaming		java=18	false	18	33	154	2057	430	0	177	196
aws-java-sdk-s3-1.12.564.jar	com.amazonaws.services.s3.iterable		java=6	false	6	20	43	406	74	0	81	13
aws-java-sdk-s3-1.12.564.jar	com.amazonaws.services.s3.metrics		java=4	false	4	7	14	130	27	0	14	17
aws-java-sdk-s3-1.12.564.jar	com.amazonaws.services.s3.model	datomic/monitor/Metrics.java	java=343	false	343	1212	3934	29945	4370	0	3565	2601
aws-java-sdk-s3-1.12.564.jar	com.amazonaws.services.s3.model.analytics		java=14	false	14	21	73	321	44	0	43	14
aws-java-sdk-s3-1.12.564.jar	com.amazonaws.services.s3.model.intelligenttiering		java=11	false	11	18	55	382	56	0	43	37
aws-java-sdk-s3-1.12.564.jar	com.amazonaws.services.s3.model.inventory		java=15	false	15	47	101	850	113	0	99	132
aws-java-sdk-s3-1.12.564.jar	com.amazonaws.services.s3.model.lifecycle		java=9	false	9	6	29	96	16	0	13	0
aws-java-sdk-s3-1.12.564.jar	com.amazonaws.services.s3.model.metrics		java=9	false	9	7	32	110	17	0	15	0
aws-java-sdk-s3-1.12.564.jar	com.amazonaws.services.s3.model.ownership		java=3	false	3	7	22	272	47	0	27	35
aws-java-sdk-s3-1.12.564.jar	com.amazonaws.services.s3.model.replication		java=7	false	7	4	21	70	12	0	9	0
aws-java-sdk-s3-1.12.564.jar	com.amazonaws.services.s3.model.transform		java=137	false	137	224	654	17378	4109	0	1075	2511
aws-java-sdk-s3-1.12.564.jar	com.amazonaws.services.s3.request		java=1	false	1	2	2	14	3	0	2	2
aws-java-sdk-s3-1.12.564.jar	com.amazonaws.services.s3.transfer		java=33	false	33	99	251	4045	874	0	368	364
aws-java-sdk-s3-1.12.564.jar	com.amazonaws.services.s3.transfer.exception		java=2	false	2	3	6	38	8	0	3	5
aws-java-sdk-s3-1.12.564.jar	com.amazonaws.services.s3.transfer.internal		java=46	false	46	165	269	5156	1154	0	753	265
aws-java-sdk-s3-1.12.564.jar	com.amazonaws.services.s3.transfer.internal.future		java=7	false	7	12	45	629	89	0	78	44
aws-java-sdk-s3-1.12.564.jar	com.amazonaws.services.s3.transfer.model		java=2	false	2	10	22	76	2	0	20	0
aws-java-sdk-s3-1.12.564.jar	com.amazonaws.services.s3.waiters		java=3	false	3	4	11	220	56	0	22	27
aws-sigv4-auth-cassandra-java-driver-plugin-4.0.9.jar	software.aws.mcs.auth		java=3	false	3	14	26	527	115	0	33	73
caffeine-3.1.5.jar			java=1	false	1	0	0	0	0	0	0	0
caffeine-3.1.5.jar	com.github.benmanes.caffeine.cache	datomic/treewalk/Node.java	java=168,unknown=528	false	696	2902	6315	53768	7882	121	6536	3358
caffeine-3.1.5.jar	com.github.benmanes.caffeine.cache.stats		java=6	false	6	19	61	734	114	1	139	64
cassandra-driver-core-3.7.1.jar	com.datastax.driver.core	datomic/Connection.java,datomic/monitor/Metrics.java	java=523	false	523	1640	4082	72472	14233	0	8074	6458
cassandra-driver-core-3.7.1.jar	com.datastax.driver.core.exceptions		java=38	false	38	74	231	2063	350	0	199	196
cassandra-driver-core-3.7.1.jar	com.datastax.driver.core.policies		java=69	false	69	189	389	4862	895	0	637	368
cassandra-driver-core-3.7.1.jar	com.datastax.driver.core.querybuilder	datomic/core2/log/spi/Delete.java	java=63	false	63	109	613	6552	1253	0	520	527
cassandra-driver-core-3.7.1.jar	com.datastax.driver.core.schemabuilder		java=45	false	45	146	270	4853	1316	0	520	569
cassandra-driver-core-3.7.1.jar	com.datastax.driver.core.utils		java=7	false	7	13	40	968	180	0	44	154
caster-1.0.45.jar	cognitect.caster		clojure-aot=61	true	61	305	242	7972	1670	0	839	2225
clojure-1.11.4.jar	clojure		java=1	false	1	5	5	56	18	0	14	9
clojure-1.11.4.jar	clojure.asm	datomic/Attribute.java	java=30	false	30	697	456	22700	2289	0	2699	3169
clojure-1.11.4.jar	clojure.asm.commons		java=4	false	4	48	121	2423	378	0	245	324
clojure-1.11.4.jar	clojure.core		clojure-aot=1352	true	1352	4350	6090	191342	36032	0	13214	51619
clojure-1.11.4.jar	clojure.core.protocols		clojure-aot=48	true	48	120	191	5768	1084	0	435	1680
clojure-1.11.4.jar	clojure.core.reducers		clojure-aot=74	true	74	224	312	7148	1326	0	562	1978
clojure-1.11.4.jar	clojure.core.server		clojure-aot=42	true	42	267	154	7320	1289	0	734	1869
clojure-1.11.4.jar	clojure.core_deftype		clojure-aot=1	true	1	80	4	3779	764	0	195	1461
clojure-1.11.4.jar	clojure.core_print		clojure-aot=1	true	1	94	4	3190	718	0	359	972
clojure-1.11.4.jar	clojure.core_proxy		clojure-aot=1	true	1	32	3	1603	351	0	88	596
clojure-1.11.4.jar	clojure.data		clojure-aot=1	true	1	60	3	2082	434	0	190	725
clojure-1.11.4.jar	clojure.datafy		clojure-aot=1	true	1	18	3	458	103	0	49	141
clojure-1.11.4.jar	clojure.edn		clojure-aot=5	true	5	16	24	540	110	0	37	168
clojure-1.11.4.jar	clojure.genclass		clojure-aot=1	true	1	51	3	1858	366	0	138	671
clojure-1.11.4.jar	clojure.gvec		clojure-aot=1	true	1	25	3	690	152	0	65	218
clojure-1.11.4.jar	clojure.inspector		clojure-aot=62	true	62	115	266	4467	888	0	344	899
clojure-1.11.4.jar	clojure.instant		clojure-aot=35	true	35	96	145	4615	884	0	282	1338
clojure-1.11.4.jar	clojure.java.api		java=1	false	1	1	6	54	16	0	2	7
clojure-1.11.4.jar	clojure.java.browse		clojure-aot=11	true	11	35	40	1236	246	0	96	349
clojure-1.11.4.jar	clojure.java.browse_ui		clojure-aot=6	true	6	13	26	537	113	0	41	116
clojure-1.11.4.jar	clojure.java.io		clojure-aot=1	true	1	120	4	5332	1196	0	457	1821
clojure-1.11.4.jar	clojure.java.javadoc		clojure-aot=14	true	14	57	49	1742	338	0	142	534
clojure-1.11.4.jar	clojure.java.shell		clojure-aot=16	true	16	72	64	2347	459	0	179	673
clojure-1.11.4.jar	clojure.lang	datomic/Util.java,datomic/functions/Fn.java	java=763	false	763	1130	4026	100889	18770	2	7019	12747
clojure-1.11.4.jar	clojure.main		clojure-aot=63	true	63	399	231	12753	2142	0	1146	3438
clojure-1.11.4.jar	clojure.math		clojure-aot=1	true	1	190	4	6737	1018	0	765	2103
clojure-1.11.4.jar	clojure.pprint		clojure-aot=434	true	434	1922	1673	48875	9087	0	5585	8315
clojure-1.11.4.jar	clojure.pprint.cl_format		clojure-aot=1	true	1	416	9	13896	2444	0	1280	5019
clojure-1.11.4.jar	clojure.pprint.column_writer		clojure-aot=1	true	1	23	3	968	202	0	59	355
clojure-1.11.4.jar	clojure.pprint.dispatch		clojure-aot=1	true	1	119	4	3673	728	0	371	1254
clojure-1.11.4.jar	clojure.pprint.pprint_base		clojure-aot=1	true	1	78	4	3202	590	0	198	1256
clojure-1.11.4.jar	clojure.pprint.pretty_writer		clojure-aot=1	true	1	139	5	4897	1004	0	391	1744
clojure-1.11.4.jar	clojure.pprint.print_table		clojure-aot=1	true	1	4	3	130	31	0	8	46
clojure-1.11.4.jar	clojure.pprint.utilities		clojure-aot=1	true	1	22	3	964	193	0	56	365
clojure-1.11.4.jar	clojure.reflect		clojure-aot=84	true	84	262	446	9473	1628	0	1028	1977
clojure-1.11.4.jar	clojure.reflect.java		clojure-aot=1	true	1	75	4	2766	630	0	191	1025
clojure-1.11.4.jar	clojure.repl		clojure-aot=31	true	31	136	143	7314	1464	0	406	2017
clojure-1.11.4.jar	clojure.set		clojure-aot=32	true	32	59	129	2768	521	0	146	806
clojure-1.11.4.jar	clojure.stacktrace		clojure-aot=9	true	9	29	38	1422	271	0	73	416
clojure-1.11.4.jar	clojure.string		clojure-aot=28	true	28	71	121	4973	965	0	172	1562
clojure-1.11.4.jar	clojure.template		clojure-aot=6	true	6	20	22	692	147	0	47	212
clojure-1.11.4.jar	clojure.test		clojure-aot=71	true	71	446	285	13347	2801	0	1113	3703
clojure-1.11.4.jar	clojure.test.junit		clojure-aot=32	true	32	150	125	4227	887	0	354	1157
clojure-1.11.4.jar	clojure.test.tap		clojure-aot=16	true	16	80	62	2131	432	0	192	527
clojure-1.11.4.jar	clojure.uuid		clojure-aot=6	true	6	15	22	459	106	0	35	124
clojure-1.11.4.jar	clojure.walk		clojure-aot=23	true	23	39	80	1825	347	0	96	538
clojure-1.11.4.jar	clojure.xml		clojure-aot=27	true	27	97	108	3250	622	0	269	809
clojure-1.11.4.jar	clojure.zip		clojure-aot=34	true	34	130	133	5326	976	0	354	1531
clojure-1.11.4.jar	datomic.core2.datafy	datomic/core2/datafy.clj	clojure-aot=9	false	9	21	35	503	106	0	49	101
clojure-1.11.4.jar	datomic.data	datomic/data.clj	clojure-aot=30	false	30	35	107	1446	253	0	107	303
clojure-1.11.4.jar	datomic.io	datomic/io.clj	clojure-aot=96	false	96	119	382	4720	849	0	323	854
clojure-1.11.4.jar	datomic.math	datomic/math.clj	clojure-aot=88	false	88	102	394	3760	1092	0	205	765
commons-codec-1.15.jar	org.apache.commons.codec		java=13	false	13	18	28	162	31	0	22	21
commons-codec-1.15.jar	org.apache.commons.codec.binary		java=17	false	17	90	195	8095	428	0	636	2210
commons-codec-1.15.jar	org.apache.commons.codec.cli		java=1	false	1	3	10	279	57	0	16	27
commons-codec-1.15.jar	org.apache.commons.codec.digest		java=16	false	16	100	307	28054	791	0	243	11910
commons-codec-1.15.jar	org.apache.commons.codec.language		java=20	false	20	95	172	7828	1064	0	214	1910
commons-codec-1.15.jar	org.apache.commons.codec.language.bm		java=32	false	32	74	163	3320	690	0	244	355
commons-codec-1.15.jar	org.apache.commons.codec.net		java=7	false	7	30	99	2048	364	0	103	271
commons-compiler-jdk-3.0.12.jar	org.codehaus.commons.compiler.jdk		java=32	false	32	90	204	4308	859	0	276	335
commons-compiler-jdk-3.0.12.jar	org.codehaus.commons.compiler.jdk.java9		java=1	false	1	0	0	0	0	0	0	0
commons-compiler-jdk-3.0.12.jar	org.codehaus.commons.compiler.jdk.java9.java.lang.module		java=5	false	5	14	19	251	50	0	30	23
commons-compiler-jdk-3.0.12.jar	org.codehaus.commons.compiler.jdk.java9.java.util		java=4	false	4	8	10	134	23	0	17	16
commons-compiler-jdk-3.0.12.jar	org.codehaus.commons.compiler.jdk.java9.java.util.function	datomic/queue/Consumer.java	java=2	false	2	0	1	0	0	0	0	0
commons-compiler-jdk-3.0.12.jar	org.codehaus.commons.io		java=10	false	10	15	51	422	56	0	57	32
commons-io-2.15.1.jar			unknown=1	false	1	0	0	0	0	0	0	0
commons-io-2.15.1.jar	org.apache.commons.io	datomic/external_sort/IO.java	java=36	false	36	146	708	11901	2322	48	434	1575
commons-io-2.15.1.jar	org.apache.commons.io.build		java=14	false	14	12	103	775	193	1	60	33
commons-io-2.15.1.jar	org.apache.commons.io.channels		java=2	false	2	0	3	80	13	0	0	10
commons-io-2.15.1.jar	org.apache.commons.io.charset		java=3	false	3	0	6	28	9	1	0	0
commons-io-2.15.1.jar	org.apache.commons.io.comparator		java=11	false	11	46	74	684	168	3	81	47
commons-io-2.15.1.jar	org.apache.commons.io.file		java=28	false	28	40	318	3542	760	65	231	290
commons-io-2.15.1.jar	org.apache.commons.io.file.attribute		java=2	false	2	4	16	140	44	0	11	13
commons-io-2.15.1.jar	org.apache.commons.io.file.spi		java=2	false	2	2	8	68	24	1	4	6
commons-io-2.15.1.jar	org.apache.commons.io.filefilter		java=34	false	34	79	302	2708	640	25	240	234
commons-io-2.15.1.jar	org.apache.commons.io.function		java=32	false	32	17	276	1603	477	80	54	31
commons-io-2.15.1.jar	org.apache.commons.io.input		java=101	false	101	226	758	10759	1783	53	1265	934
commons-io-2.15.1.jar	org.apache.commons.io.input.buffer		java=4	false	4	7	24	659	96	0	79	71
commons-io-2.15.1.jar	org.apache.commons.io.monitor		java=8	false	8	25	96	982	188	11	133	37
commons-io-2.15.1.jar	org.apache.commons.io.output		java=55	false	55	77	454	4190	871	41	362	205
commons-io-2.15.1.jar	org.apache.commons.io.serialization		java=6	false	6	5	22	235	68	8	18	8
core2-1.0.140.jar	datomic.core2.algo.hash	datomic/core2/algo/hash.clj	clojure-aot=8	true	8	35	27	675	151	0	79	135
core2-1.0.140.jar	datomic.core2.algo.lazy	datomic/core2/algo/lazy.clj	clojure-aot=10	true	10	41	34	790	156	0	104	167
core2-1.0.140.jar	datomic.core2.algo.search	datomic/core2/algo/search.clj	clojure-aot=7	true	7	21	32	541	117	0	51	123
core2-1.0.140.jar	datomic.core2.anomalies	datomic/core2/anomalies.clj	clojure-aot=19	true	19	131	78	2500	590	0	355	550
core2-1.0.140.jar	datomic.core2.async	datomic/core2/async.clj	clojure-aot=26	true	26	172	99	4305	809	0	660	857
core2-1.0.140.jar	datomic.core2.atom	datomic/core2/atom.clj	clojure-aot=11	true	11	50	40	914	208	0	106	219
core2-1.0.140.jar	datomic.core2.atom.logged	datomic/core2/atom/logged.clj	clojure-aot=90	true	90	594	296	16386	2635	0	2557	2747
core2-1.0.140.jar	datomic.core2.atom.spi	datomic/core2/atom/spi.clj	clojure-aot=11	true	11	45	36	1248	267	0	113	379
core2-1.0.140.jar	datomic.core2.aws.ddb	datomic/core2/aws/ddb.clj	clojure-aot=11	true	11	95	40	1695	334	0	218	417
core2-1.0.140.jar	datomic.core2.aws.s3.aws-api	datomic/core2/aws/s3/aws_api.clj	clojure-aot=16	true	16	130	54	2399	436	0	355	502
core2-1.0.140.jar	datomic.core2.aws.s3.sdkv1	datomic/core2/aws/s3/sdkv1.clj	clojure-aot=14	true	14	64	56	1888	410	0	150	527
core2-1.0.140.jar	datomic.core2.datafy	datomic/core2/datafy.clj	clojure-aot=10	true	10	45	36	776	183	0	104	182
core2-1.0.140.jar	datomic.core2.log	datomic/core2/log.clj	clojure-aot=11	true	11	101	40	2239	439	0	334	461
core2-1.0.140.jar	datomic.core2.log.ddb	datomic/core2/log/ddb.clj	clojure-aot=27	true	27	222	91	5527	941	0	920	966
core2-1.0.140.jar	datomic.core2.log.mem	datomic/core2/log/mem.clj	clojure-aot=9	true	9	81	36	1363	285	0	196	296
core2-1.0.140.jar	datomic.core2.log.spi	datomic/core2/log/spi.clj	clojure-aot=28	true	28	118	89	3520	743	0	352	1026
core2-1.0.140.jar	datomic.core2.retry	datomic/core2/retry.clj	clojure-aot=9	true	9	61	40	1599	337	0	156	423
core2-1.0.140.jar	datomic.core2.thread	datomic/core2/thread.clj	clojure-aot=35	true	35	209	160	4546	956	0	559	1076
core2-1.0.140.jar	datomic.core2.val-store	datomic/core2/val_store.clj	clojure-aot=6	true	6	35	28	736	161	0	75	196
core2-1.0.140.jar	datomic.core2.val-store.double-store	datomic/core2/val_store/double_store.clj	clojure-aot=20	true	20	143	69	5164	808	0	709	869
core2-1.0.140.jar	datomic.core2.val-store.fs	datomic/core2/val_store/fs.clj	clojure-aot=27	true	27	187	97	4264	874	0	487	1154
core2-1.0.140.jar	datomic.core2.val-store.s3	datomic/core2/val_store/s3.clj	clojure-aot=18	true	18	184	60	3496	630	0	519	796
core2-1.0.140.jar	datomic.core2.val-store.s3.aws-api	datomic/core2/val_store/s3/aws_api.clj	clojure-aot=41	true	41	281	132	5531	867	0	894	918
core2-1.0.140.jar	datomic.core2.val-store.s3.sdkv1	datomic/core2/val_store/s3/sdkv1.clj	clojure-aot=24	true	24	145	88	4081	813	0	404	1169
core2-1.0.140.jar	datomic.core2.val-store.spi	datomic/core2/val_store/spi.clj	clojure-aot=22	true	22	98	71	2706	573	0	277	787
datomic-lucene-core-3.3.0.jar	com.datomic.lucene		java=1	false	1	0	2	6	2	0	0	1
datomic-lucene-core-3.3.0.jar	com.datomic.lucene.analysis		java=53	false	53	131	424	10326	988	0	1115	1259
datomic-lucene-core-3.3.0.jar	com.datomic.lucene.analysis.standard		java=12	false	12	189	140	3450	294	0	570	492
datomic-lucene-core-3.3.0.jar	com.datomic.lucene.analysis.tokenattributes		java=16	false	16	12	115	1100	105	0	167	96
datomic-lucene-core-3.3.0.jar	com.datomic.lucene.collation		java=4	false	4	6	7	125	23	0	17	7
datomic-lucene-core-3.3.0.jar	com.datomic.lucene.document		java=36	false	36	79	224	2682	427	0	363	363
datomic-lucene-core-3.3.0.jar	com.datomic.lucene.index		java=237	false	237	1233	2098	57521	9121	0	8401	4912
datomic-lucene-core-3.3.0.jar	com.datomic.lucene.messages		java=5	false	5	5	27	325	82	0	14	27
datomic-lucene-core-3.3.0.jar	com.datomic.lucene.queryParser		java=13	false	13	139	182	8341	822	0	870	1624
datomic-lucene-core-3.3.0.jar	com.datomic.lucene.search		java=266	false	266	715	1543	28913	3974	0	4191	2082
datomic-lucene-core-3.3.0.jar	com.datomic.lucene.search.function		java=26	false	26	56	155	2068	350	0	260	150
datomic-lucene-core-3.3.0.jar	com.datomic.lucene.search.payloads		java=11	false	11	17	61	1454	221	0	150	108
datomic-lucene-core-3.3.0.jar	com.datomic.lucene.search.spans		java=32	false	32	97	259	5071	967	0	678	385
datomic-lucene-core-3.3.0.jar	com.datomic.lucene.store		java=47	false	47	118	348	6733	1014	0	773	577
datomic-lucene-core-3.3.0.jar	com.datomic.lucene.util	datomic/Attribute.java	java=87	false	87	226	616	20933	1578	0	1253	3908
datomic-lucene-core-3.3.0.jar	com.datomic.lucene.util.fst	datomic/Util.java	java=27	false	27	123	247	7600	951	0	1391	576
fressian-0.6.8.jar	org.fressian		java=14	false	14	20	129	2101	389	0	130	216
fressian-0.6.8.jar	org.fressian.handlers		java=9	false	9	1	13	90	21	0	4	9
fressian-0.6.8.jar	org.fressian.impl		java=51	false	51	116	167	3187	533	0	173	483
h2-2.1.214.jar	org.h2		java=2	false	2	4	13	138	21	0	13	35
h2-2.1.214.jar	org.h2.api		java=13	false	13	274	85	1817	229	0	235	510
h2-2.1.214.jar	org.h2.bnf		java=11	false	11	57	85	2084	421	0	221	317
h2-2.1.214.jar	org.h2.bnf.context		java=6	false	6	47	54	2147	356	0	153	287
h2-2.1.214.jar	org.h2.command		java=23	false	23	227	584	32809	6506	1	1634	4653
h2-2.1.214.jar	org.h2.command.ddl		java=62	false	62	265	488	10480	1855	4	1490	640
h2-2.1.214.jar	org.h2.command.dml	datomic/core2/log/spi/Delete.java	java=34	false	34	165	339	10275	1861	4	1053	1013
h2-2.1.214.jar	org.h2.command.query		java=19	false	19	117	286	9087	1332	2	1133	673
h2-2.1.214.jar	org.h2.compress		java=6	false	6	22	44	1484	127	0	89	165
h2-2.1.214.jar	org.h2.constraint		java=9	false	9	37	140	2434	389	2	293	254
h2-2.1.214.jar	org.h2.engine	datomic/Database.java	java=42	false	42	591	692	16094	2772	5	1994	1934
h2-2.1.214.jar	org.h2.expression		java=42	false	42	132	407	8562	1312	0	1051	808
h2-2.1.214.jar	org.h2.expression.aggregate		java=24	false	24	114	162	7323	1130	3	974	735
h2-2.1.214.jar	org.h2.expression.analysis		java=21	false	21	74	160	4582	634	0	510	396
h2-2.1.214.jar	org.h2.expression.condition		java=26	false	26	102	328	8115	1226	0	1158	652
h2-2.1.214.jar	org.h2.expression.function		java=56	false	56	266	360	17233	2621	0	1048	2775
h2-2.1.214.jar	org.h2.expression.function.table		java=5	false	5	10	41	1064	177	0	63	137
h2-2.1.214.jar	org.h2.fulltext		java=7	false	7	53	93	3724	839	0	155	412
h2-2.1.214.jar	org.h2.index	datomic/index/Index.java	java=21	false	21	89	231	4388	596	0	485	488
h2-2.1.214.jar	org.h2.jdbc		java=34	false	34	145	995	19711	5306	2	1038	2118
h2-2.1.214.jar	org.h2.jdbc.meta		java=7	false	7	68	181	6925	1377	0	459	1071
h2-2.1.214.jar	org.h2.jdbcx		java=8	false	8	32	90	1740	401	0	141	209
h2-2.1.214.jar	org.h2.jmx		java=3	false	3	4	39	523	153	0	33	53
h2-2.1.214.jar	org.h2.message		java=6	false	6	75	108	2385	468	0	165	380
h2-2.1.214.jar	org.h2.mode		java=26	false	26	190	160	7889	1271	0	806	1654
h2-2.1.214.jar	org.h2.mvstore	datomic/clusterfs/Chunk.java	java=45	false	45	288	823	23085	4007	13	2111	2229
h2-2.1.214.jar	org.h2.mvstore.cache		java=6	false	6	44	85	2047	205	0	329	115
h2-2.1.214.jar	org.h2.mvstore.db		java=33	false	33	194	416	10823	2012	4	964	890
h2-2.1.214.jar	org.h2.mvstore.rtree		java=9	false	9	14	87	2251	369	0	127	157
h2-2.1.214.jar	org.h2.mvstore.tx		java=29	false	29	128	297	5886	973	5	606	573
h2-2.1.214.jar	org.h2.mvstore.type		java=27	false	27	71	304	3580	568	0	137	345
h2-2.1.214.jar	org.h2.result		java=24	false	24	96	314	4733	616	1	672	403
h2-2.1.214.jar	org.h2.schema		java=14	false	14	65	213	5131	788	0	504	418
h2-2.1.214.jar	org.h2.security		java=8	false	8	91	74	7320	283	0	810	1245
h2-2.1.214.jar	org.h2.security.auth		java=14	false	14	29	83	1277	270	0	104	93
h2-2.1.214.jar	org.h2.security.auth.impl		java=6	false	6	14	21	372	78	0	44	47
h2-2.1.214.jar	org.h2.server		java=5	false	5	38	62	2514	495	0	312	214
h2-2.1.214.jar	org.h2.server.pg		java=4	false	4	74	89	3845	793	0	263	478
h2-2.1.214.jar	org.h2.server.web		java=13	false	13	92	196	10636	2322	1	731	1564
h2-2.1.214.jar	org.h2.store		java=19	false	19	79	165	3962	717	0	504	450
h2-2.1.214.jar	org.h2.store.fs		java=8	false	8	24	138	1100	258	0	93	88
h2-2.1.214.jar	org.h2.store.fs.async		java=2	false	2	2	13	111	29	0	12	7
h2-2.1.214.jar	org.h2.store.fs.disk		java=2	false	2	2	32	1015	218	3	65	153
h2-2.1.214.jar	org.h2.store.fs.encrypt		java=3	false	3	18	35	1160	152	0	63	146
h2-2.1.214.jar	org.h2.store.fs.mem		java=7	false	7	27	71	1249	171	0	142	110
h2-2.1.214.jar	org.h2.store.fs.niomapped		java=2	false	2	6	16	391	78	0	51	26
h2-2.1.214.jar	org.h2.store.fs.niomem		java=7	false	7	29	71	1295	202	2	140	112
h2-2.1.214.jar	org.h2.store.fs.rec		java=2	false	2	6	30	288	62	0	36	15
h2-2.1.214.jar	org.h2.store.fs.retry		java=3	false	3	6	24	321	54	0	34	16
h2-2.1.214.jar	org.h2.store.fs.split		java=2	false	2	6	29	853	145	0	51	62
h2-2.1.214.jar	org.h2.store.fs.zip		java=3	false	3	9	45	811	158	0	52	61
h2-2.1.214.jar	org.h2.table		java=35	false	35	277	647	28694	4691	4	1775	4683
h2-2.1.214.jar	org.h2.tools	datomic/impl/Shell.java,datomic/valcache/Server.java	java=24	false	24	104	523	15923	3043	1	763	1997
h2-2.1.214.jar	org.h2.util		java=65	false	65	321	660	20934	3568	6	956	2947
h2-2.1.214.jar	org.h2.util.geometry		java=14	false	14	60	159	4759	684	0	303	635
h2-2.1.214.jar	org.h2.util.json		java=19	false	19	55	171	3152	507	0	388	362
h2-2.1.214.jar	org.h2.value		java=56	false	56	328	913	23203	3757	1	1587	3236
h2-2.1.214.jar	org.h2.value.lob		java=5	false	5	11	30	235	38	0	43	15
httpclient-4.5.13.jar	org.apache.http.auth		java=21	false	21	51	112	1279	184	0	220	139
httpclient-4.5.13.jar	org.apache.http.auth.params		java=3	false	3	3	5	38	8	0	2	7
httpclient-4.5.13.jar	org.apache.http.client		java=20	false	20	7	59	98	23	0	4	11
httpclient-4.5.13.jar	org.apache.http.client.config		java=4	false	4	48	48	497	84	0	97	58
httpclient-4.5.13.jar	org.apache.http.client.entity		java=12	false	12	21	74	647	104	0	95	45
httpclient-4.5.13.jar	org.apache.http.client.methods		java=24	false	24	34	155	1407	265	0	160	103
httpclient-4.5.13.jar	org.apache.http.client.params		java=7	false	7	22	26	319	77	0	12	71
httpclient-4.5.13.jar	org.apache.http.client.protocol		java=17	false	17	43	70	1841	492	0	91	211
httpclient-4.5.13.jar	org.apache.http.client.utils		java=12	false	12	55	127	3311	666	0	278	390
httpclient-4.5.13.jar	org.apache.http.conn		java=26	false	26	16	107	742	146	0	76	66
httpclient-4.5.13.jar	org.apache.http.conn.params		java=11	false	11	14	38	310	57	0	24	53
httpclient-4.5.13.jar	org.apache.http.conn.routing		java=8	false	8	26	73	1189	158	0	171	155
httpclient-4.5.13.jar	org.apache.http.conn.scheme		java=14	false	14	12	60	673	106	0	78	47
httpclient-4.5.13.jar	org.apache.http.conn.socket		java=3	false	3	1	8	41	7	0	2	0
httpclient-4.5.13.jar	org.apache.http.conn.ssl		java=22	false	22	58	153	2950	663	0	151	316
httpclient-4.5.13.jar	org.apache.http.conn.util		java=7	false	7	17	36	829	154	0	48	92
httpclient-4.5.13.jar	org.apache.http.cookie		java=18	false	18	27	71	450	96	0	30	51
httpclient-4.5.13.jar	org.apache.http.cookie.params		java=2	false	2	2	3	18	3	0	2	4
httpclient-4.5.13.jar	org.apache.http.impl.auth		java=35	false	35	168	318	7732	1260	0	877	1041
httpclient-4.5.13.jar	org.apache.http.impl.client		java=64	false	64	231	532	9986	2121	0	973	697
httpclient-4.5.13.jar	org.apache.http.impl.conn		java=53	false	53	164	498	9007	2009	0	863	677
httpclient-4.5.13.jar	org.apache.http.impl.conn.tsccm		java=13	false	13	53	120	2444	570	0	346	156
httpclient-4.5.13.jar	org.apache.http.impl.cookie		java=60	false	60	99	319	6711	1389	0	298	889
httpclient-4.5.13.jar	org.apache.http.impl.execchain		java=14	false	14	49	97	3017	689	0	256	208
io-stats-1.0.14.jar	datomic.measure.io_stats		clojure-aot=33	true	33	198	126	4419	906	0	494	1135
io-stats-1.0.14.jar	datomic.measure.io_trace		clojure-aot=5	true	5	24	18	463	115	0	57	109
java-driver-core-shaded-4.17.0.jar	com.datastax.dse.driver.api.core		java=3	false	3	6	11	73	9	0	12	12
java-driver-core-shaded-4.17.0.jar	com.datastax.dse.driver.api.core.auth		java=11	false	11	30	47	443	92	0	60	36
java-driver-core-shaded-4.17.0.jar	com.datastax.dse.driver.api.core.config		java=2	false	2	43	10	493	50	0	86	167
java-driver-core-shaded-4.17.0.jar	com.datastax.dse.driver.api.core.cql.continuous		java=3	false	3	0	7	27	7	0	2	1
java-driver-core-shaded-4.17.0.jar	com.datastax.dse.driver.api.core.cql.continuous.reactive		java=2	false	2	0	2	13	4	0	1	0
java-driver-core-shaded-4.17.0.jar	com.datastax.dse.driver.api.core.cql.reactive		java=4	false	4	0	10	46	15	0	2	5
java-driver-core-shaded-4.17.0.jar	com.datastax.dse.driver.api.core.data.geometry		java=5	false	5	0	24	97	22	0	0	9
java-driver-core-shaded-4.17.0.jar	com.datastax.dse.driver.api.core.data.time		java=4	false	4	23	37	910	210	0	128	125
java-driver-core-shaded-4.17.0.jar	com.datastax.dse.driver.api.core.graph		java=17	false	17	27	152	725	113	0	135	80
java-driver-core-shaded-4.17.0.jar	com.datastax.dse.driver.api.core.graph.predicates		java=4	false	4	6	26	357	46	0	27	48
java-driver-core-shaded-4.17.0.jar	com.datastax.dse.driver.api.core.graph.reactive		java=3	false	3	0	3	8	2	0	1	0
java-driver-core-shaded-4.17.0.jar	com.datastax.dse.driver.api.core.metadata		java=1	false	1	8	1	3	1	0	0	8
java-driver-core-shaded-4.17.0.jar	com.datastax.dse.driver.api.core.metadata.schema		java=15	false	15	6	34	783	285	3	21	106
java-driver-core-shaded-4.17.0.jar	com.datastax.dse.driver.api.core.metrics		java=2	false	2	10	14	192	34	0	20	24
java-driver-core-shaded-4.17.0.jar	com.datastax.dse.driver.api.core.servererrors		java=1	false	1	0	4	28	7	0	0	3
java-driver-core-shaded-4.17.0.jar	com.datastax.dse.driver.api.core.type		java=1	false	1	4	2	20	5	0	4	4
java-driver-core-shaded-4.17.0.jar	com.datastax.dse.driver.api.core.type.codec		java=1	false	1	4	2	20	5	0	4	0
java-driver-core-shaded-4.17.0.jar	com.datastax.dse.driver.internal.core		java=2	false	2	7	7	77	16	0	16	9
java-driver-core-shaded-4.17.0.jar	com.datastax.dse.driver.internal.core.auth		java=3	false	3	1	5	168	46	0	17	7
java-driver-core-shaded-4.17.0.jar	com.datastax.dse.driver.internal.core.cql		java=1	false	1	0	3	250	65	0	11	10
java-driver-core-shaded-4.17.0.jar	com.datastax.dse.driver.internal.core.cql.continuous		java=13	false	13	72	176	3785	748	11	663	257
java-driver-core-shaded-4.17.0.jar	com.datastax.dse.driver.internal.core.cql.continuous.reactive		java=2	false	2	2	9	60	10	1	4	3
java-driver-core-shaded-4.17.0.jar	com.datastax.dse.driver.internal.core.cql.reactive		java=11	false	11	32	169	1623	343	7	232	72
java-driver-core-shaded-4.17.0.jar	com.datastax.dse.driver.internal.core.data.geometry		java=9	false	9	21	72	1044	242	0	68	97
java-driver-core-shaded-4.17.0.jar	com.datastax.dse.driver.internal.core.graph		java=91	false	91	185	511	7901	1602	15	935	694
java-driver-core-shaded-4.17.0.jar	com.datastax.dse.driver.internal.core.graph.binary		java=15	false	15	19	101	1053	278	0	27	96
java-driver-core-shaded-4.17.0.jar	com.datastax.dse.driver.internal.core.graph.binary.buffer		java=2	false	2	3	60	415	76	1	55	5
java-driver-core-shaded-4.17.0.jar	com.datastax.dse.driver.internal.core.graph.reactive		java=6	false	6	18	70	759	177	7	99	39
java-driver-core-shaded-4.17.0.jar	com.datastax.dse.driver.internal.core.insights		java=11	false	11	43	108	1971	550	20	170	175
java-driver-core-shaded-4.17.0.jar	com.datastax.dse.driver.internal.core.insights.configuration		java=1	false	1	3	4	21	1	0	6	0
java-driver-core-shaded-4.17.0.jar	com.datastax.dse.driver.internal.core.insights.exceptions		java=1	false	1	0	1	5	1	0	0	0
java-driver-core-shaded-4.17.0.jar	com.datastax.dse.driver.internal.core.insights.schema		java=21	false	21	106	165	1885	216	0	380	204
java-driver-core-shaded-4.17.0.jar	com.datastax.dse.driver.internal.core.loadbalancing		java=2	false	2	0	2	10	2	0	0	0
java-driver-core-shaded-4.17.0.jar	com.datastax.dse.driver.internal.core.metadata.schema		java=10	false	10	51	77	1427	270	0	200	151
java-driver-core-shaded-4.17.0.jar	com.datastax.dse.driver.internal.core.metadata.schema.parsing		java=5	false	5	14	29	1513	373	1	84	149
java-driver-core-shaded-4.17.0.jar	com.datastax.dse.driver.internal.core.protocol		java=1	false	1	1	59	517	104	0	7	20
java-driver-core-shaded-4.17.0.jar	com.datastax.dse.driver.internal.core.search		java=2	false	2	3	9	432	105	0	33	58
java-driver-core-shaded-4.17.0.jar	com.datastax.dse.driver.internal.core.session		java=1	false	1	0	1	4	1	0	0	0
java-driver-core-shaded-4.17.0.jar	com.datastax.dse.driver.internal.core.type.codec		java=4	false	4	1	8	54	11	0	9	8
java-driver-core-shaded-4.17.0.jar	com.datastax.dse.driver.internal.core.type.codec.geometry		java=4	false	4	3	55	264	54	0	9	25
java-driver-core-shaded-4.17.0.jar	com.datastax.dse.driver.internal.core.type.codec.time		java=1	false	1	8	20	297	82	3	12	32
java-driver-core-shaded-4.17.0.jar	com.datastax.dse.driver.internal.core.util.concurrent		java=2	false	2	5	10	161	25	1	26	10
java-driver-core-shaded-4.17.0.jar	com.datastax.oss.driver.api.core		java=22	false	22	63	125	1555	288	1	200	198
java-driver-core-shaded-4.17.0.jar	com.datastax.oss.driver.api.core.addresstranslation		java=1	false	1	0	2	0	0	0	0	0
java-driver-core-shaded-4.17.0.jar	com.datastax.oss.driver.api.core.auth		java=9	false	9	15	46	342	85	3	42	32
java-driver-core-shaded-4.17.0.jar	com.datastax.oss.driver.api.core.config		java=11	false	11	336	145	4165	734	2	970	725
java-driver-core-shaded-4.17.0.jar	com.datastax.oss.driver.api.core.connection		java=8	false	8	2	25	162	34	0	6	25
java-driver-core-shaded-4.17.0.jar	com.datastax.oss.driver.api.core.context		java=1	false	1	0	18	48	12	0	0	3
java-driver-core-shaded-4.17.0.jar	com.datastax.oss.driver.api.core.cql		java=27	false	27	44	248	1765	360	0	233	185
java-driver-core-shaded-4.17.0.jar	com.datastax.oss.driver.api.core.data		java=21	false	21	26	272	4722	1014	2	169	310
java-driver-core-shaded-4.17.0.jar	com.datastax.oss.driver.api.core.detach		java=3	false	3	1	8	12	2	0	3	0
java-driver-core-shaded-4.17.0.jar	com.datastax.oss.driver.api.core.loadbalancing		java=4	false	4	4	14	50	7	0	8	11
java-driver-core-shaded-4.17.0.jar	com.datastax.oss.driver.api.core.metadata	datomic/treewalk/Node.java	java=10	false	10	18	70	435	106	4	59	29
java-driver-core-shaded-4.17.0.jar	com.datastax.oss.driver.api.core.metadata.schema		java=15	false	15	11	145	1479	493	1	30	175
java-driver-core-shaded-4.17.0.jar	com.datastax.oss.driver.api.core.metadata.token		java=2	false	2	0	11	0	0	0	0	0
java-driver-core-shaded-4.17.0.jar	com.datastax.oss.driver.api.core.metrics	datomic/monitor/Metrics.java	java=5	false	5	43	21	566	69	0	86	158
java-driver-core-shaded-4.17.0.jar	com.datastax.oss.driver.api.core.paging		java=3	false	3	4	14	280	56	2	11	17
java-driver-core-shaded-4.17.0.jar	com.datastax.oss.driver.api.core.retry		java=3	false	3	9	23	144	21	5	18	14
java-driver-core-shaded-4.17.0.jar	com.datastax.oss.driver.api.core.servererrors		java=24	false	24	34	83	989	169	0	79	141
java-driver-core-shaded-4.17.0.jar	com.datastax.oss.driver.api.core.session		java=6	false	6	42	118	1123	200	5	176	26
java-driver-core-shaded-4.17.0.jar	com.datastax.oss.driver.api.core.session.throttling		java=2	false	2	0	6	0	0	0	0	0
java-driver-core-shaded-4.17.0.jar	com.datastax.oss.driver.api.core.specex		java=1	false	1	0	2	0	0	0	0	0
java-driver-core-shaded-4.17.0.jar	com.datastax.oss.driver.api.core.ssl		java=2	false	2	3	6	70	13	0	8	4
java-driver-core-shaded-4.17.0.jar	com.datastax.oss.driver.api.core.time		java=1	false	1	0	1	0	0	0	0	0
java-driver-core-shaded-4.17.0.jar	com.datastax.oss.driver.api.core.tracker		java=1	false	1	0	9	35	4	0	0	0
java-driver-core-shaded-4.17.0.jar	com.datastax.oss.driver.api.core.type		java=10	false	10	22	57	565	130	0	28	90
java-driver-core-shaded-4.17.0.jar	com.datastax.oss.driver.api.core.type.codec		java=12	false	12	42	94	751	163	0	70	36
java-driver-core-shaded-4.17.0.jar	com.datastax.oss.driver.api.core.type.codec.registry		java=3	false	3	1	13	61	12	0	1	3
java-driver-core-shaded-4.17.0.jar	com.datastax.oss.driver.api.core.type.reflect		java=30	false	30	25	65	549	157	0	54	28
java-driver-core-shaded-4.17.0.jar	com.datastax.oss.driver.api.core.uuid		java=3	false	3	14	34	816	164	0	30	123
java-driver-core-shaded-4.17.0.jar	com.datastax.oss.driver.internal.core		java=13	false	13	35	72	1258	281	7	132	108
java-driver-core-shaded-4.17.0.jar	com.datastax.oss.driver.internal.core.addresstranslation		java=4	false	4	8	18	321	58	0	23	45
java-driver-core-shaded-4.17.0.jar	com.datastax.oss.driver.internal.core.adminrequest		java=6	false	6	27	51	896	164	3	134	61
java-driver-core-shaded-4.17.0.jar	com.datastax.oss.driver.internal.core.auth		java=1	false	1	2	3	64	15	0	12	8
java-driver-core-shaded-4.17.0.jar	com.datastax.oss.driver.internal.core.channel		java=32	false	32	139	197	4023	784	23	639	357
java-driver-core-shaded-4.17.0.jar	com.datastax.oss.driver.internal.core.config		java=3	false	3	5	47	426	121	15	21	10
java-driver-core-shaded-4.17.0.jar	com.datastax.oss.driver.internal.core.config.cloud		java=2	false	2	5	22	551	128	0	12	60
java-driver-core-shaded-4.17.0.jar	com.datastax.oss.driver.internal.core.config.composite		java=3	false	3	11	35	499	120	18	50	17
java-driver-core-shaded-4.17.0.jar	com.datastax.oss.driver.internal.core.config.map		java=3	false	3	9	35	342	83	1	29	13
java-driver-core-shaded-4.17.0.jar	com.datastax.oss.driver.internal.core.config.typesafe		java=12	false	12	37	210	2082	594	30	135	82
java-driver-core-shaded-4.17.0.jar	com.datastax.oss.driver.internal.core.connection		java=4	false	4	11	22	305	59	1	57	37
java-driver-core-shaded-4.17.0.jar	com.datastax.oss.driver.internal.core.context		java=7	false	7	84	172	2178	475	52	321	207
java-driver-core-shaded-4.17.0.jar	com.datastax.oss.driver.internal.core.control		java=3	false	3	19	56	1299	327	20	177	101
java-driver-core-shaded-4.17.0.jar	com.datastax.oss.driver.internal.core.cql		java=41	false	41	222	557	10762	1684	27	2330	482
java-driver-core-shaded-4.17.0.jar	com.datastax.oss.driver.internal.core.data		java=8	false	8	15	53	1057	236	0	72	53
java-driver-core-shaded-4.17.0.jar	com.datastax.oss.driver.internal.core.loadbalancing		java=4	false	4	23	42	1071	187	3	117	83
java-driver-core-shaded-4.17.0.jar	com.datastax.oss.driver.internal.core.loadbalancing.helper		java=7	false	7	12	22	559	142	2	62	54
java-driver-core-shaded-4.17.0.jar	com.datastax.oss.driver.internal.core.loadbalancing.nodeset		java=4	false	4	6	23	169	39	2	19	6
java-driver-core-shaded-4.17.0.jar	com.datastax.oss.driver.internal.core.metadata		java=38	false	38	171	329	6143	1357	43	808	512
java-driver-core-shaded-4.17.0.jar	com.datastax.oss.driver.internal.core.metadata.schema		java=12	false	12	79	165	1963	368	19	286	211
java-driver-core-shaded-4.17.0.jar	com.datastax.oss.driver.internal.core.metadata.schema.events		java=12	false	12	24	48	1020	144	0	174	144
java-driver-core-shaded-4.17.0.jar	com.datastax.oss.driver.internal.core.metadata.schema.parsing		java=20	false	20	54	107	4679	1056	2	407	533
java-driver-core-shaded-4.17.0.jar	com.datastax.oss.driver.internal.core.metadata.schema.queries		java=16	false	16	65	157	1986	467	30	241	141
java-driver-core-shaded-4.17.0.jar	com.datastax.oss.driver.internal.core.metadata.schema.refresh		java=1	false	1	1	5	214	80	15	4	0
java-driver-core-shaded-4.17.0.jar	com.datastax.oss.driver.internal.core.metadata.token		java=26	false	26	51	160	3682	751	3	224	313
java-driver-core-shaded-4.17.0.jar	com.datastax.oss.driver.internal.core.metrics		java=27	false	27	46	156	1889	454	19	248	102
java-driver-core-shaded-4.17.0.jar	com.datastax.oss.driver.internal.core.os		java=12	false	12	29	59	637	155	8	79	103
java-driver-core-shaded-4.17.0.jar	com.datastax.oss.driver.internal.core.pool		java=5	false	5	31	79	1656	357	23	236	97
java-driver-core-shaded-4.17.0.jar	com.datastax.oss.driver.internal.core.protocol		java=19	false	19	34	143	2326	485	1	139	185
java-driver-core-shaded-4.17.0.jar	com.datastax.oss.driver.internal.core.retry		java=4	false	4	16	30	670	97	0	80	98
java-driver-core-shaded-4.17.0.jar	com.datastax.oss.driver.internal.core.servererrors		java=2	false	2	1	7	17	7	0	2	0
java-driver-core-shaded-4.17.0.jar	com.datastax.oss.driver.internal.core.session		java=21	false	21	77	185	4147	1032	62	636	257
java-driver-core-shaded-4.17.0.jar	com.datastax.oss.driver.internal.core.session.throttling		java=4	false	4	22	33	865	166	3	183	67
java-driver-core-shaded-4.17.0.jar	com.datastax.oss.driver.internal.core.specex		java=2	false	2	3	7	71	11	0	10	10
java-driver-core-shaded-4.17.0.jar	com.datastax.oss.driver.internal.core.ssl		java=4	false	4	7	13	363	83	0	30	27
java-driver-core-shaded-4.17.0.jar	com.datastax.oss.driver.internal.core.time		java=9	false	9	13	32	365	78	2	46	29
java-driver-core-shaded-4.17.0.jar	com.datastax.oss.driver.internal.core.tracker		java=4	false	4	12	50	1138	232	5	46	110
java-driver-core-shaded-4.17.0.jar	com.datastax.oss.driver.internal.core.type		java=10	false	10	35	100	1309	223	0	182	155
java-driver-core-shaded-4.17.0.jar	com.datastax.oss.driver.internal.core.type.codec		java=32	false	32	37	338	6024	1152	0	186	758
java-driver-core-shaded-4.17.0.jar	com.datastax.oss.driver.internal.core.type.codec.extras		java=1	false	1	0	7	83	19	1	1	7
java-driver-core-shaded-4.17.0.jar	com.datastax.oss.driver.internal.core.type.codec.extras.array		java=10	false	10	5	129	1326	242	0	19	98
java-driver-core-shaded-4.17.0.jar	com.datastax.oss.driver.internal.core.type.codec.extras.enums		java=2	false	2	2	10	83	17	0	6	6
java-driver-core-shaded-4.17.0.jar	com.datastax.oss.driver.internal.core.type.codec.extras.json		java=1	false	1	3	10	142	30	0	11	14
java-driver-core-shaded-4.17.0.jar	com.datastax.oss.driver.internal.core.type.codec.extras.time		java=4	false	4	4	37	298	67	0	23	25
java-driver-core-shaded-4.17.0.jar	com.datastax.oss.driver.internal.core.type.codec.extras.vector		java=2	false	2	2	23	253	51	0	6	23
java-driver-core-shaded-4.17.0.jar	com.datastax.oss.driver.internal.core.type.codec.registry		java=5	false	5	22	39	2023	377	2	179	174
java-driver-core-shaded-4.17.0.jar	com.datastax.oss.driver.internal.core.type.util		java=1	false	1	1	15	164	22	1	2	21
java-driver-core-shaded-4.17.0.jar	com.datastax.oss.driver.internal.core.util		java=16	false	16	36	84	2400	414	3	100	441
java-driver-core-shaded-4.17.0.jar	com.datastax.oss.driver.internal.core.util.collection		java=6	false	6	6	42	335	53	0	20	19
java-driver-core-shaded-4.17.0.jar	com.datastax.oss.driver.internal.core.util.concurrent		java=20	false	20	52	91	1928	379	21	271	184
java-driver-core-shaded-4.17.0.jar	com.datastax.oss.driver.shaded.fasterxml.jackson.annotation		java=71	false	71	141	380	4734	473	0	810	571
java-driver-core-shaded-4.17.0.jar	com.datastax.oss.driver.shaded.fasterxml.jackson.core		java=38	false	38	226	786	8483	1270	0	936	1012
java-driver-core-shaded-4.17.0.jar	com.datastax.oss.driver.shaded.fasterxml.jackson.core.async		java=3	false	3	0	4	0	0	0	0	0
java-driver-core-shaded-4.17.0.jar	com.datastax.oss.driver.shaded.fasterxml.jackson.core.base		java=3	false	3	95	172	3083	493	0	442	367
java-driver-core-shaded-4.17.0.jar	com.datastax.oss.driver.shaded.fasterxml.jackson.core.exc		java=3	false	3	8	25	156	23	0	20	10
java-driver-core-shaded-4.17.0.jar	com.datastax.oss.driver.shaded.fasterxml.jackson.core.filter		java=6	false	6	27	174	3782	468	0	844	183
java-driver-core-shaded-4.17.0.jar	com.datastax.oss.driver.shaded.fasterxml.jackson.core.format		java=5	false	5	22	32	567	67	0	97	53
java-driver-core-shaded-4.17.0.jar	com.datastax.oss.driver.shaded.fasterxml.jackson.core.io		java=18	false	18	99	226	7089	628	0	469	939
java-driver-core-shaded-4.17.0.jar	com.datastax.oss.driver.shaded.fasterxml.jackson.core.json		java=13	false	13	160	543	30666	2842	0	4286	3397
java-driver-core-shaded-4.17.0.jar	com.datastax.oss.driver.shaded.fasterxml.jackson.core.json.async		java=2	false	2	77	114	7612	617	0	1126	1045
java-driver-core-shaded-4.17.0.jar	com.datastax.oss.driver.shaded.fasterxml.jackson.core.sym	datomic/s3/Name.java	java=10	false	10	69	115	3964	226	0	464	478
java-driver-core-shaded-4.17.0.jar	com.datastax.oss.driver.shaded.fasterxml.jackson.core.type		java=4	false	4	15	37	152	20	0	20	27
java-driver-core-shaded-4.17.0.jar	com.datastax.oss.driver.shaded.fasterxml.jackson.core.util		java=22	false	22	84	385	4556	599	0	753	343
java-driver-core-shaded-4.17.0.jar	com.datastax.oss.driver.shaded.fasterxml.jackson.databind		java=71	false	71	314	1601	21168	3382	0	2768	1608
java-driver-core-shaded-4.17.0.jar	com.datastax.oss.driver.shaded.fasterxml.jackson.databind.annotation		java=15	false	15	14	51	135	19	0	22	30
java-driver-core-shaded-4.17.0.jar	com.datastax.oss.driver.shaded.fasterxml.jackson.databind.cfg		java=24	false	24	113	392	4348	579	0	817	198
java-driver-core-shaded-4.17.0.jar	com.datastax.oss.driver.shaded.fasterxml.jackson.databind.deser		java=42	false	42	141	673	17450	3202	0	1447	891
java-driver-core-shaded-4.17.0.jar	com.datastax.oss.driver.shaded.fasterxml.jackson.databind.deser.impl		java=45	false	45	165	364	7669	1106	0	842	536
java-driver-core-shaded-4.17.0.jar	com.datastax.oss.driver.shaded.fasterxml.jackson.databind.deser.std		java=85	false	85	268	890	20812	3473	1	1791	1427
java-driver-core-shaded-4.17.0.jar	com.datastax.oss.driver.shaded.fasterxml.jackson.databind.exc		java=9	false	9	19	49	555	78	0	47	42
java-driver-core-shaded-4.17.0.jar	com.datastax.oss.driver.shaded.fasterxml.jackson.databind.ext		java=16	false	16	38	86	1274	264	0	67	162
java-driver-core-shaded-4.17.0.jar	com.datastax.oss.driver.shaded.fasterxml.jackson.databind.introspect		java=71	false	71	224	952	17520	2964	1	1763	1158
java-driver-core-shaded-4.17.0.jar	com.datastax.oss.driver.shaded.fasterxml.jackson.databind.jdk14		java=4	false	4	13	12	435	72	0	35	43
java-driver-core-shaded-4.17.0.jar	com.datastax.oss.driver.shaded.fasterxml.jackson.databind.json		java=2	false	2	1	19	243	34	0	10	22
java-driver-core-shaded-4.17.0.jar	com.datastax.oss.driver.shaded.fasterxml.jackson.databind.jsonFormatVisitors		java=26	false	26	30	79	427	51	0	65	94
java-driver-core-shaded-4.17.0.jar	com.datastax.oss.driver.shaded.fasterxml.jackson.databind.jsonschema		java=3	false	3	2	12	60	6	0	9	8
java-driver-core-shaded-4.17.0.jar	com.datastax.oss.driver.shaded.fasterxml.jackson.databind.jsontype		java=24	false	24	37	136	1081	193	0	156	71
java-driver-core-shaded-4.17.0.jar	com.datastax.oss.driver.shaded.fasterxml.jackson.databind.jsontype.impl		java=21	false	21	50	185	4007	788	0	338	292
java-driver-core-shaded-4.17.0.jar	com.datastax.oss.driver.shaded.fasterxml.jackson.databind.module		java=6	false	6	29	72	1319	214	0	171	110
java-driver-core-shaded-4.17.0.jar	com.datastax.oss.driver.shaded.fasterxml.jackson.databind.node		java=30	false	30	80	680	5453	1021	0	573	367
java-driver-core-shaded-4.17.0.jar	com.datastax.oss.driver.shaded.fasterxml.jackson.databind.ser		java=24	false	24	57	300	6994	1300	0	582	407
java-driver-core-shaded-4.17.0.jar	com.datastax.oss.driver.shaded.fasterxml.jackson.databind.ser.impl		java=36	false	36	85	287	4246	630	0	437	192
java-driver-core-shaded-4.17.0.jar	com.datastax.oss.driver.shaded.fasterxml.jackson.databind.ser.std		java=76	false	76	133	690	11542	1847	0	1054	731
java-driver-core-shaded-4.17.0.jar	com.datastax.oss.driver.shaded.fasterxml.jackson.databind.type		java=20	false	20	97	415	7258	1117	0	897	651
java-driver-core-shaded-4.17.0.jar	com.datastax.oss.driver.shaded.fasterxml.jackson.databind.util		java=56	false	56	166	613	10933	1817	0	1019	1012
java-driver-core-shaded-4.17.0.jar	com.datastax.oss.driver.shaded.netty.bootstrap		java=21	false	21	63	164	2093	415	0	232	102
java-driver-core-shaded-4.17.0.jar	com.datastax.oss.driver.shaded.netty.buffer		java=124	false	124	344	3960	44704	7994	0	3380	2954
java-driver-core-shaded-4.17.0.jar	com.datastax.oss.driver.shaded.netty.buffer.search		java=14	false	14	19	33	682	72	0	70	70
java-driver-core-shaded-4.17.0.jar	com.datastax.oss.driver.shaded.netty.channel		java=184	false	184	428	1803	17297	3254	0	1855	1151
java-driver-core-shaded-4.17.0.jar	com.datastax.oss.driver.shaded.netty.channel.embedded		java=10	false	10	33	145	1325	264	0	143	86
java-driver-core-shaded-4.17.0.jar	com.datastax.oss.driver.shaded.netty.channel.group		java=18	false	18	33	214	1711	397	0	147	72
java-driver-core-shaded-4.17.0.jar	com.datastax.oss.driver.shaded.netty.channel.internal		java=1	false	1	2	1	3	1	0	0	2
java-driver-core-shaded-4.17.0.jar	com.datastax.oss.driver.shaded.netty.channel.local		java=16	false	16	48	99	1426	291	0	188	92
java-driver-core-shaded-4.17.0.jar	com.datastax.oss.driver.shaded.netty.channel.nio		java=27	false	27	70	198	3598	682	0	340	282
java-driver-core-shaded-4.17.0.jar	com.datastax.oss.driver.shaded.netty.channel.oio		java=11	false	11	18	53	965	201	0	79	57
java-driver-core-shaded-4.17.0.jar	com.datastax.oss.driver.shaded.netty.channel.pool		java=31	false	31	67	145	1878	375	0	240	92
java-driver-core-shaded-4.17.0.jar	com.datastax.oss.driver.shaded.netty.channel.socket		java=18	false	18	17	291	1767	340	0	150	58
java-driver-core-shaded-4.17.0.jar	com.datastax.oss.driver.shaded.netty.channel.socket.nio		java=16	false	16	36	197	2556	594	0	119	179
java-driver-core-shaded-4.17.0.jar	com.datastax.oss.driver.shaded.netty.channel.socket.oio		java=13	false	13	22	354	2380	535	0	122	101
java-driver-core-shaded-4.17.0.jar	com.datastax.oss.driver.shaded.netty.channel.unix		java=32	false	32	69	410	3268	600	0	292	287
java-driver-core-shaded-4.17.0.jar	com.datastax.oss.driver.shaded.netty.handler.address		java=4	false	4	6	11	151	32	0	14	1
java-driver-core-shaded-4.17.0.jar	com.datastax.oss.driver.shaded.netty.handler.codec		java=69	false	69	177	1007	11015	2066	0	992	944
java-driver-core-shaded-4.17.0.jar	com.datastax.oss.driver.shaded.netty.handler.codec.base64		java=6	false	6	20	47	3389	117	0	49	1346
java-driver-core-shaded-4.17.0.jar	com.datastax.oss.driver.shaded.netty.handler.codec.bytes		java=2	false	2	0	6	32	8	0	0	0
java-driver-core-shaded-4.17.0.jar	com.datastax.oss.driver.shaded.netty.handler.codec.compression		java=95	false	95	423	541	28406	2256	0	1539	5394
java-driver-core-shaded-4.17.0.jar	com.datastax.oss.driver.shaded.netty.handler.codec.json		java=1	false	1	11	9	381	60	0	38	52
java-driver-core-shaded-4.17.0.jar	com.datastax.oss.driver.shaded.netty.handler.codec.marshalling		java=15	false	15	25	50	579	100	0	70	23
java-driver-core-shaded-4.17.0.jar	com.datastax.oss.driver.shaded.netty.handler.codec.protobuf		java=6	false	6	4	23	517	103	0	14	45
java-driver-core-shaded-4.17.0.jar	com.datastax.oss.driver.shaded.netty.handler.codec.serialization		java=14	false	14	16	99	910	210	0	84	39
java-driver-core-shaded-4.17.0.jar	com.datastax.oss.driver.shaded.netty.handler.codec.string		java=4	false	4	8	20	196	40	0	27	12
java-driver-core-shaded-4.17.0.jar	com.datastax.oss.driver.shaded.netty.handler.codec.xml		java=1	false	1	1	8	446	54	0	4	91
java-driver-core-shaded-4.17.0.jar	com.datastax.oss.driver.shaded.netty.handler.flow		java=4	false	4	9	20	226	43	0	32	17
java-driver-core-shaded-4.17.0.jar	com.datastax.oss.driver.shaded.netty.handler.flush		java=2	false	2	9	24	227	38	0	33	15
java-driver-core-shaded-4.17.0.jar	com.datastax.oss.driver.shaded.netty.handler.ipfilter		java=12	false	12	24	61	886	156	0	90	72
java-driver-core-shaded-4.17.0.jar	com.datastax.oss.driver.shaded.netty.handler.logging		java=3	false	3	15	44	949	199	0	122	101
java-driver-core-shaded-4.17.0.jar	com.datastax.oss.driver.shaded.netty.handler.pcap		java=12	false	12	53	81	2319	427	0	294	303
java-driver-core-shaded-4.17.0.jar	com.datastax.oss.driver.shaded.netty.handler.ssl		java=243	false	243	783	1805	30389	5960	0	2859	2704
java-driver-core-shaded-4.17.0.jar	com.datastax.oss.driver.shaded.netty.handler.ssl.ocsp		java=1	false	1	1	3	39	8	0	2	2
java-driver-core-shaded-4.17.0.jar	com.datastax.oss.driver.shaded.netty.handler.ssl.util		java=29	false	29	49	199	2344	536	0	165	237
java-driver-core-shaded-4.17.0.jar	com.datastax.oss.driver.shaded.netty.handler.stream		java=10	false	10	31	90	1228	211	0	130	68
java-driver-core-shaded-4.17.0.jar	com.datastax.oss.driver.shaded.netty.handler.timeout		java=16	false	16	58	96	1467	238	0	274	114
java-driver-core-shaded-4.17.0.jar	com.datastax.oss.driver.shaded.netty.handler.traffic		java=20	false	20	102	175	4135	819	0	566	260
java-driver-core-shaded-4.17.0.jar	com.datastax.oss.driver.shaded.netty.resolver		java=29	false	29	60	143	1973	428	0	169	104
java-driver-core-shaded-4.17.0.jar	com.datastax.oss.driver.shaded.netty.util	datomic/Attribute.java	java=102	false	102	257	679	12284	2143	0	846	1530
java-driver-core-shaded-4.17.0.jar	com.datastax.oss.driver.shaded.netty.util.collection		java=95	false	95	200	780	7432	1080	0	970	531
java-driver-core-shaded-4.17.0.jar	com.datastax.oss.driver.shaded.netty.util.concurrent		java=86	false	86	182	783	8992	1752	0	824	705
java-driver-core-shaded-4.17.0.jar	com.datastax.oss.driver.shaded.netty.util.internal		java=107	false	107	254	764	13071	2247	0	898	1747
java-driver-core-shaded-4.17.0.jar	com.datastax.oss.driver.shaded.netty.util.internal.logging		java=21	false	21	40	298	3256	682	0	399	211
java-driver-core-shaded-4.17.0.jar	com.datastax.oss.driver.shaded.netty.util.internal.shaded.org.jctools.queues		java=41	false	41	1684	257	2706	459	0	157	215
java-driver-core-shaded-4.17.0.jar	com.datastax.oss.driver.shaded.netty.util.internal.shaded.org.jctools.queues.atomic		java=30	false	30	1554	230	2500	427	0	131	184
java-driver-core-shaded-4.17.0.jar	com.datastax.oss.driver.shaded.netty.util.internal.shaded.org.jctools.util		java=5	false	5	10	26	407	94	0	26	68
java-driver-core-shaded-4.17.0.jar	com.datastax.oss.driver.shaded.netty.util.internal.svm		java=4	false	4	4	4	12	4	0	0	0
java-io-0.1.29.jar	datomic.crypto	datomic/crypto.clj	clojure-aot=8	false	8	31	33	715	162	0	78	148
java-io-0.1.29.jar	datomic.io	datomic/io.clj	clojure-aot=12	false	12	39	48	609	156	0	93	122
java-io-0.1.29.jar	datomic.java.io	datomic/impl/JavaByteUtil.java	clojure-aot=1,java=3	true	4	26	20	1075	205	0	65	278
java-io-0.1.29.jar	datomic.java.io.bbuf		clojure-aot=42	true	42	166	171	5349	1204	0	379	1359
java-io-0.1.29.jar	datomic.java.io.bbuf.specs		clojure-aot=6	true	6	57	22	1586	371	0	136	533
java-io-0.1.29.jar	datomic.java.io.crypto		clojure-aot=1	true	1	17	3	493	119	0	36	163
java-io-0.1.29.jar	datomic.java.io.crypto.specs		clojure-aot=8	true	8	51	28	1386	329	0	115	454
java-io-0.1.29.jar	datomic.java.io.generators		clojure-aot=11	true	11	66	40	1243	306	0	143	327
java-io-0.1.29.jar	datomic.java.io.protocols		clojure-aot=21	true	21	77	67	2068	447	0	228	550
java-io-0.1.29.jar	datomic.java.io.protocols.impls		clojure-aot=7	true	7	27	26	535	137	0	66	115
java-io-0.1.29.jar	datomic.java.io.stream		clojure-aot=4	true	4	17	16	346	89	0	39	85
jcl-over-slf4j-1.7.36.jar	org.apache.commons.logging	datomic/Log.java	java=3	false	3	14	46	187	65	0	18	28
jcl-over-slf4j-1.7.36.jar	org.apache.commons.logging.impl		java=6	false	6	32	103	1121	244	0	113	172
jul-to-slf4j-1.7.36.jar	org.slf4j.bridge		java=1	false	1	6	14	266	49	0	18	19
log4j-over-slf4j-1.7.36.jar	org.apache.log4j		java=19	false	19	34	146	1012	181	0	118	140
log4j-over-slf4j-1.7.36.jar	org.apache.log4j.helpers		java=2	false	2	8	15	129	37	0	21	14
log4j-over-slf4j-1.7.36.jar	org.apache.log4j.spi		java=8	false	8	2	23	9	3	0	0	2
log4j-over-slf4j-1.7.36.jar	org.apache.log4j.xml		java=1	false	1	0	12	15	1	0	0	0
memcache-asg-java-client-1.1.0.36.jar	datomic.spy.memcached		java=86	false	86	369	899	13398	2825	0	1425	1108
memcache-asg-java-client-1.1.0.36.jar	datomic.spy.memcached.auth		java=6	false	6	21	26	761	177	0	82	65
memcache-asg-java-client-1.1.0.36.jar	datomic.spy.memcached.compat		java=4	false	4	8	13	195	36	0	25	14
memcache-asg-java-client-1.1.0.36.jar	datomic.spy.memcached.compat.log		java=11	false	11	19	85	1009	197	0	136	107
memcache-asg-java-client-1.1.0.36.jar	datomic.spy.memcached.config		java=4	false	4	5	15	231	65	0	25	16
memcache-asg-java-client-1.1.0.36.jar	datomic.spy.memcached.internal	datomic/ListenableFuture.java	java=16	false	16	30	100	1182	221	0	139	78
memcache-asg-java-client-1.1.0.36.jar	datomic.spy.memcached.metrics		java=5	false	5	11	42	343	82	0	51	28
memcache-asg-java-client-1.1.0.36.jar	datomic.spy.memcached.ops		java=61	false	61	54	138	1171	224	0	147	148
memcache-asg-java-client-1.1.0.36.jar	datomic.spy.memcached.protocol		java=5	false	5	49	89	1793	366	0	252	146
memcache-asg-java-client-1.1.0.36.jar	datomic.spy.memcached.protocol.ascii		java=27	false	27	116	190	3567	717	0	499	445
memcache-asg-java-client-1.1.0.36.jar	datomic.spy.memcached.protocol.binary		java=42	false	42	149	300	4760	931	0	523	521
memcache-asg-java-client-1.1.0.36.jar	datomic.spy.memcached.spring		java=1	false	1	4	27	169	26	0	32	4
memcache-asg-java-client-1.1.0.36.jar	datomic.spy.memcached.tapmessage	datomic/Util.java	java=11	false	11	89	97	2072	224	0	403	291
memcache-asg-java-client-1.1.0.36.jar	datomic.spy.memcached.transcoders		java=11	false	11	62	90	2392	412	0	84	318
memcache-asg-java-client-1.1.0.36.jar	datomic.spy.memcached.util		java=6	false	6	13	22	331	64	0	32	33
memcache-asg-java-client-1.1.0.36.jar	net.spy.memcached		java=1	false	1	6	4	147	35	0	4	31
peer-1.0.7277.jar	com.datomic.impl.peer	com/datomic/impl/peer/ActiveMQInputStream.java	java=1	false	1	1	3	40	6	0	6	3
peer-1.0.7277.jar	com.datomic.lucene.store	com/datomic/lucene/store/DatomicThunk.java	java=1	false	1	0	3	12	3	0	0	0
peer-1.0.7277.jar	datomic	datomic/Attribute.java,datomic/Connection.java,datomic/Database.java,datomic/Datom.java,datomic/Entity.java,datomic/ListenableFuture.java,datomic/Log.java,datomic/Peer.java,datomic/QueryRequest.java,datomic/Util.java	java=11	false	11	57	111	641	148	1	98	140
peer-1.0.7277.jar	datomic.adopter	datomic/adopter.clj	clojure-aot=4	true	4	30	14	506	112	0	70	97
peer-1.0.7277.jar	datomic.aggregation	datomic/aggregation.clj	clojure-aot=20	true	20	73	79	1782	429	0	150	483
peer-1.0.7277.jar	datomic.api	datomic/api.clj	clojure-aot=67	true	67	249	286	7610	1538	0	539	2312
peer-1.0.7277.jar	datomic.artemis-client	datomic/artemis_client.clj	clojure-aot=92	true	92	371	347	8608	1693	0	884	2023
peer-1.0.7277.jar	datomic.assert	datomic/assert.clj	clojure-aot=10	true	10	72	36	1191	325	0	212	255
peer-1.0.7277.jar	datomic.async	datomic/async.clj	clojure-aot=9	true	9	43	32	830	183	0	101	199
peer-1.0.7277.jar	datomic.aws	datomic/aws.clj	clojure-aot=15	true	15	300	58	6580	1516	0	1099	1196
peer-1.0.7277.jar	datomic.aws-detect	datomic/aws_detect.clj	clojure-aot=8	true	8	36	30	621	156	0	77	147
peer-1.0.7277.jar	datomic.aws-monitor	datomic/aws_monitor.clj	clojure-aot=26	true	26	166	91	3502	714	0	400	986
peer-1.0.7277.jar	datomic.backup	datomic/backup.clj	clojure-aot=136	true	136	1118	532	21582	4296	0	2809	5021
peer-1.0.7277.jar	datomic.btset	datomic/btset.clj	clojure-aot=53	true	53	144	222	6026	1211	0	492	1356
peer-1.0.7277.jar	datomic.builtins	datomic/builtins.clj	clojure-aot=11	true	11	88	40	1670	315	0	227	386
peer-1.0.7277.jar	datomic.cache	datomic/cache.clj	clojure-aot=32	true	32	185	153	3933	732	0	469	942
peer-1.0.7277.jar	datomic.cache.caffeine	datomic/cache/caffeine.clj	clojure-aot=29	true	29	122	133	2995	700	0	301	731
peer-1.0.7277.jar	datomic.cache.impl	datomic/cache/impl.clj	clojure-aot=30	true	30	99	97	3034	650	0	309	846
peer-1.0.7277.jar	datomic.callback	datomic/callback.clj	clojure-aot=8	true	8	63	28	1217	286	0	164	266
peer-1.0.7277.jar	datomic.cassandra	datomic/cassandra.clj	clojure-aot=18	true	18	124	69	3169	694	0	308	865
peer-1.0.7277.jar	datomic.cassandra-v4	datomic/cassandra_v4.clj	clojure-aot=17	true	17	118	65	3125	687	0	302	850
peer-1.0.7277.jar	datomic.cassandra-values	datomic/cassandra_values.clj	clojure-aot=22	true	22	344	72	5149	949	0	826	1068
peer-1.0.7277.jar	datomic.cassandra-values-v4	datomic/cassandra_values_v4.clj	clojure-aot=23	true	23	344	75	5141	947	0	826	1061
peer-1.0.7277.jar	datomic.cast2slf4j	datomic/cast2slf4j.clj	clojure-aot=11	true	11	57	37	943	223	0	133	194
peer-1.0.7277.jar	datomic.catalog	datomic/catalog.clj	clojure-aot=43	true	43	280	157	5106	1087	0	674	1232
peer-1.0.7277.jar	datomic.cleanup	datomic/cleanup.clj	clojure-aot=13	true	13	40	48	934	215	0	94	195
peer-1.0.7277.jar	datomic.cli	datomic/cli.clj	clojure-aot=17	true	17	165	69	3587	730	0	448	777
peer-1.0.7277.jar	datomic.cloudwatch	datomic/cloudwatch.clj	clojure-aot=33	true	33	530	130	10762	2101	0	1624	2055
peer-1.0.7277.jar	datomic.cluster	datomic/cluster.clj	clojure-aot=88	true	88	485	320	15139	3114	0	1309	4332
peer-1.0.7277.jar	datomic.cluster-stack	datomic/cluster_stack.clj	clojure-aot=50	true	50	282	177	5363	974	0	790	1017
peer-1.0.7277.jar	datomic.clusterfs	datomic/clusterfs.clj	clojure-aot=37	true	37	333	222	6549	1291	0	883	1363
peer-1.0.7277.jar	datomic.codec	datomic/codec.clj	clojure-aot=8	true	8	22	30	575	140	0	48	151
peer-1.0.7277.jar	datomic.combined-cluster	datomic/combined_cluster.clj	clojure-aot=7	true	7	47	38	886	183	0	115	177
peer-1.0.7277.jar	datomic.common	datomic/common.clj	clojure-aot=101	true	101	524	424	13225	2782	0	1374	3081
peer-1.0.7277.jar	datomic.config	datomic/config.clj	clojure-aot=76	true	76	328	294	7156	1666	0	956	1772
peer-1.0.7277.jar	datomic.config-ext	datomic/config_ext.clj	clojure-aot=3	true	3	19	11	1510	319	0	40	564
peer-1.0.7277.jar	datomic.connector	datomic/connector.clj	clojure-aot=85	true	85	548	300	12329	2377	0	1444	2950
peer-1.0.7277.jar	datomic.coordination	datomic/coordination.clj	clojure-aot=27	true	27	238	103	4104	851	0	535	1020
peer-1.0.7277.jar	datomic.coordination-ext	datomic/coordination_ext.clj	clojure-aot=15	true	15	80	57	1288	295	0	183	327
peer-1.0.7277.jar	datomic.core2.algo.hash	datomic/core2/algo/hash.clj	clojure-aot=8	true	8	35	27	675	151	0	79	135
peer-1.0.7277.jar	datomic.core2.algo.lazy	datomic/core2/algo/lazy.clj	clojure-aot=10	true	10	41	34	790	156	0	104	167
peer-1.0.7277.jar	datomic.core2.algo.search	datomic/core2/algo/search.clj	clojure-aot=7	true	7	21	32	541	117	0	51	123
peer-1.0.7277.jar	datomic.core2.anomalies	datomic/core2/anomalies.clj	clojure-aot=19	true	19	131	78	2500	590	0	355	550
peer-1.0.7277.jar	datomic.core2.async	datomic/core2/async.clj	clojure-aot=26	true	26	172	99	4305	809	0	660	857
peer-1.0.7277.jar	datomic.core2.atom	datomic/core2/atom.clj	clojure-aot=11	true	11	50	40	914	208	0	106	219
peer-1.0.7277.jar	datomic.core2.atom.logged	datomic/core2/atom/logged.clj	clojure-aot=90	true	90	594	296	16386	2635	0	2557	2747
peer-1.0.7277.jar	datomic.core2.atom.spi	datomic/core2/atom/spi.clj	clojure-aot=11	true	11	45	36	1248	267	0	113	379
peer-1.0.7277.jar	datomic.core2.aws.ddb	datomic/core2/aws/ddb.clj	clojure-aot=11	true	11	95	40	1695	334	0	218	417
peer-1.0.7277.jar	datomic.core2.aws.s3.aws-api	datomic/core2/aws/s3/aws_api.clj	clojure-aot=16	true	16	130	54	2399	436	0	355	502
peer-1.0.7277.jar	datomic.core2.aws.s3.sdkv1	datomic/core2/aws/s3/sdkv1.clj	clojure-aot=14	true	14	64	56	1888	410	0	150	527
peer-1.0.7277.jar	datomic.core2.datafy	datomic/core2/datafy.clj	clojure-aot=10	true	10	45	36	776	183	0	104	182
peer-1.0.7277.jar	datomic.core2.log	datomic/core2/log.clj	clojure-aot=11	true	11	101	40	2239	439	0	334	461
peer-1.0.7277.jar	datomic.core2.log.ddb	datomic/core2/log/ddb.clj	clojure-aot=27	true	27	222	91	5527	941	0	920	966
peer-1.0.7277.jar	datomic.core2.log.mem	datomic/core2/log/mem.clj	clojure-aot=9	true	9	81	36	1363	285	0	196	296
peer-1.0.7277.jar	datomic.core2.log.spi	datomic/core2/log/spi.clj	clojure-aot=28	true	28	118	89	3520	743	0	352	1026
peer-1.0.7277.jar	datomic.core2.retry	datomic/core2/retry.clj	clojure-aot=9	true	9	61	40	1599	337	0	156	423
peer-1.0.7277.jar	datomic.core2.thread	datomic/core2/thread.clj	clojure-aot=35	true	35	209	160	4546	956	0	559	1076
peer-1.0.7277.jar	datomic.core2.val-store	datomic/core2/val_store.clj	clojure-aot=6	true	6	35	28	736	161	0	75	196
peer-1.0.7277.jar	datomic.core2.val-store.double-store	datomic/core2/val_store/double_store.clj	clojure-aot=20	true	20	143	69	5164	808	0	709	869
peer-1.0.7277.jar	datomic.core2.val-store.fs	datomic/core2/val_store/fs.clj	clojure-aot=27	true	27	187	97	4264	874	0	487	1154
peer-1.0.7277.jar	datomic.core2.val-store.s3	datomic/core2/val_store/s3.clj	clojure-aot=18	true	18	184	60	3496	630	0	519	796
peer-1.0.7277.jar	datomic.core2.val-store.s3.aws-api	datomic/core2/val_store/s3/aws_api.clj	clojure-aot=41	true	41	281	132	5531	867	0	894	918
peer-1.0.7277.jar	datomic.core2.val-store.s3.sdkv1	datomic/core2/val_store/s3/sdkv1.clj	clojure-aot=24	true	24	145	88	4081	813	0	404	1169
peer-1.0.7277.jar	datomic.core2.val-store.spi	datomic/core2/val_store/spi.clj	clojure-aot=22	true	22	98	71	2706	573	0	277	787
peer-1.0.7277.jar	datomic.crypto	datomic/crypto.clj	clojure-aot=31	true	31	138	125	4237	966	0	318	1114
peer-1.0.7277.jar	datomic.data	datomic/data.clj	clojure-aot=3	true	3	13	11	817	176	0	28	291
peer-1.0.7277.jar	datomic.datafy	datomic/datafy.clj	clojure-aot=77	true	77	550	285	10714	2762	0	1626	2252
peer-1.0.7277.jar	datomic.datalog	datomic/datalog.clj	clojure-aot=218	true	218	1508	749	32240	6335	0	4153	6644
peer-1.0.7277.jar	datomic.db	datomic/db.clj	clojure-aot=579	true	579	3812	2634	95792	18107	0	11883	21506
peer-1.0.7277.jar	datomic.db-io	datomic/db_io.clj	clojure-aot=12	true	12	87	46	1581	346	0	193	388
peer-1.0.7277.jar	datomic.ddb	datomic/ddb.clj	clojure-aot=69	true	69	1016	269	20544	4064	0	3071	4022
peer-1.0.7277.jar	datomic.ddb-cluster	datomic/ddb_cluster.clj	clojure-aot=5	true	5	39	18	676	161	0	87	189
peer-1.0.7277.jar	datomic.ddb-s3-cluster	datomic/ddb_s3_cluster.clj	clojure-aot=25	true	25	280	90	4910	1007	0	644	1318
peer-1.0.7277.jar	datomic.ddb-values	datomic/ddb_values.clj	clojure-aot=27	true	27	361	91	5477	1016	0	856	1155
peer-1.0.7277.jar	datomic.domain	datomic/domain.clj	clojure-aot=32	true	32	213	127	3551	823	0	515	768
peer-1.0.7277.jar	datomic.error	datomic/error.clj	clojure-aot=30	true	30	213	145	4655	1135	0	655	1047
peer-1.0.7277.jar	datomic.excise	datomic/excise.clj	clojure-aot=44	true	44	240	166	5192	1042	0	618	1203
peer-1.0.7277.jar	datomic.extension-resolver	datomic/extension_resolver.clj	clojure-aot=23	true	23	139	89	2752	588	0	322	700
peer-1.0.7277.jar	datomic.extensions	datomic/extensions.clj	clojure-aot=22	true	22	117	86	2847	615	0	281	715
peer-1.0.7277.jar	datomic.external-sort	datomic/external_sort.clj	clojure-aot=41	true	41	207	145	5862	1146	0	591	1508
peer-1.0.7277.jar	datomic.external-sort-datoms	datomic/external_sort_datoms.clj	clojure-aot=10	true	10	57	39	1122	261	0	134	265
peer-1.0.7277.jar	datomic.fressian	datomic/fressian.clj	clojure-aot=39	true	39	172	181	4204	904	0	403	1073
peer-1.0.7277.jar	datomic.fulltext	datomic/fulltext.clj	clojure-aot=58	true	58	524	288	11263	2192	0	1423	2397
peer-1.0.7277.jar	datomic.fulltext-index	datomic/fulltext_index.clj	clojure-aot=15	true	15	108	83	2434	503	0	287	565
peer-1.0.7277.jar	datomic.function	datomic/function.clj	clojure-aot=24	true	24	173	148	4114	770	0	594	804
peer-1.0.7277.jar	datomic.functions	datomic/functions/Fn.java,datomic/functions/Fn0.java,datomic/functions/Fn1.java,datomic/functions/Fn10.java,datomic/functions/Fn2.java,datomic/functions/Fn3.java,datomic/functions/Fn4.java,datomic/functions/Fn5.java,datomic/functions/Fn6.java,datomic/functions/Fn7.java,datomic/functions/Fn8.java,datomic/functions/Fn9.java	java=12	false	12	0	14	0	0	0	0	0
peer-1.0.7277.jar	datomic.future	datomic/future.clj	clojure-aot=28	true	28	214	107	4424	1084	0	728	940
peer-1.0.7277.jar	datomic.garbage	datomic/garbage.clj	clojure-aot=54	true	54	536	193	9449	1930	0	1300	1940
peer-1.0.7277.jar	datomic.garbage.fressian	datomic/garbage/fressian.clj	clojure-aot=24	true	24	153	198	3741	719	0	473	708
peer-1.0.7277.jar	datomic.garbage.pod	datomic/garbage/pod.clj	clojure-aot=12	true	12	95	43	2687	519	0	408	510
peer-1.0.7277.jar	datomic.h2	datomic/h2.clj	clojure-aot=20	true	20	179	77	4137	763	0	446	1088
peer-1.0.7277.jar	datomic.impl	datomic/impl/Circular.java,datomic/impl/Config.java,datomic/impl/Exceptions.java,datomic/impl/FnCacheLoader.java,datomic/impl/JavaByteUtil.java,datomic/impl/LoggedOutputStream.java,datomic/impl/MersenneTwisterFast.java,datomic/impl/ModifiedFNVHash.java,datomic/impl/MurmurHash.java,datomic/impl/PriorityExecutor.java,datomic/impl/Shell.java	java=14	false	14	32	74	5632	235	19	320	1105
peer-1.0.7277.jar	datomic.impl.clusterfs	datomic/impl/clusterfs/Closed.java,datomic/impl/clusterfs/IClusterFS.java	java=2	false	2	1	11	33	7	0	1	5
peer-1.0.7277.jar	datomic.impl.db	datomic/impl/db/IDatum.java	java=1	false	1	0	12	0	0	0	0	0
peer-1.0.7277.jar	datomic.impl.lucene	datomic/impl/lucene/ClusterDirectory.java,datomic/impl/lucene/ClusterIndexInput.java,datomic/impl/lucene/DirectoryRef.java,datomic/impl/lucene/EmptyIndexInput.java,datomic/impl/lucene/HybridDirectory.java	java=5	false	5	17	51	597	120	6	95	25
peer-1.0.7277.jar	datomic.index	datomic/index.clj	clojure-aot=248	true	248	2240	934	46829	8820	0	6251	9712
peer-1.0.7277.jar	datomic.integrity	datomic/integrity.clj	clojure-aot=189	true	189	2081	684	38259	7672	0	5301	8230
peer-1.0.7277.jar	datomic.io	datomic/io.clj	clojure-aot=62	true	62	226	241	7441	1689	0	558	1936
peer-1.0.7277.jar	datomic.iter	datomic/iter.clj	clojure-aot=42	true	42	106	177	3714	737	0	297	940
peer-1.0.7277.jar	datomic.janino	datomic/janino.clj	clojure-aot=4	true	4	32	14	524	145	0	84	111
peer-1.0.7277.jar	datomic.kv-cache	datomic/kv_cache.clj	clojure-aot=9	true	9	51	32	770	177	0	112	191
peer-1.0.7277.jar	datomic.kv-cassandra	datomic/kv_cassandra.clj	clojure-aot=9	true	9	98	35	1753	316	0	279	357
peer-1.0.7277.jar	datomic.kv-cassandra2	datomic/kv_cassandra2.clj	clojure-aot=9	true	9	106	34	1869	337	0	303	364
peer-1.0.7277.jar	datomic.kv-cassandra3	datomic/kv_cassandra3.clj	clojure-aot=9	true	9	104	34	1826	335	0	302	335
peer-1.0.7277.jar	datomic.kv-cluster	datomic/kv_cluster.clj	clojure-aot=58	true	58	700	202	11473	2019	0	1831	2332
peer-1.0.7277.jar	datomic.kv-dynamo	datomic/kv_dynamo.clj	clojure-aot=13	true	13	92	51	1623	327	0	236	364
peer-1.0.7277.jar	datomic.kv-dynamo-skv	datomic/kv_dynamo_skv.clj	clojure-aot=9	true	9	89	35	1566	319	0	226	365
peer-1.0.7277.jar	datomic.kv-hotrod	datomic/kv_hotrod.clj	clojure-aot=11	true	11	64	42	1222	239	0	170	243
peer-1.0.7277.jar	datomic.kv-mem	datomic/kv_mem.clj	clojure-aot=8	true	8	33	31	650	142	0	88	131
peer-1.0.7277.jar	datomic.kv-sql	datomic/kv_sql.clj	clojure-aot=10	true	10	79	39	1319	271	0	202	286
peer-1.0.7277.jar	datomic.kv-sql-ext	datomic/kv_sql_ext.clj	clojure-aot=16	true	16	90	58	1760	368	0	213	413
peer-1.0.7277.jar	datomic.kv-store	datomic/kv_store.clj	clojure-aot=24	true	24	78	81	2671	568	0	231	788
peer-1.0.7277.jar	datomic.log	datomic/log.clj	clojure-aot=194	true	194	1380	907	31758	6397	0	3921	7038
peer-1.0.7277.jar	datomic.lucene	datomic/lucene.clj	clojure-aot=41	true	41	154	165	4993	1084	0	403	1343
peer-1.0.7277.jar	datomic.math	datomic/math.clj	clojure-aot=14	true	14	90	59	2008	471	0	199	517
peer-1.0.7277.jar	datomic.memcached	datomic/memcached.clj	clojure-aot=44	true	44	256	174	6599	1355	0	672	1735
peer-1.0.7277.jar	datomic.memory	datomic/memory.clj	clojure-aot=9	true	9	64	36	1955	431	0	140	677
peer-1.0.7277.jar	datomic.memory-size	datomic/memory_size.clj	clojure-aot=42	true	42	141	159	2984	748	0	441	624
peer-1.0.7277.jar	datomic.monitor	datomic/monitor.clj	clojure-aot=30	true	30	133	118	2946	655	0	325	723
peer-1.0.7277.jar	datomic.peer	datomic/peer.clj	clojure-aot=127	true	127	1074	548	22234	4267	0	2918	4817
peer-1.0.7277.jar	datomic.process	datomic/process.clj	clojure-aot=32	true	32	167	157	4277	837	0	486	998
peer-1.0.7277.jar	datomic.process-monitor	datomic/process_monitor.clj	clojure-aot=19	true	19	142	65	2204	481	0	320	480
peer-1.0.7277.jar	datomic.process.events	datomic/process/events.clj	clojure-aot=7	true	7	39	26	722	162	0	86	165
peer-1.0.7277.jar	datomic.promise	datomic/promise.clj	clojure-aot=11	true	11	60	51	1351	274	0	178	254
peer-1.0.7277.jar	datomic.pull	datomic/pull.clj	clojure-aot=59	true	59	474	220	8943	1744	0	1189	2027
peer-1.0.7277.jar	datomic.qtune	datomic/qtune.clj	clojure-aot=19	true	19	156	67	2926	620	0	384	652
peer-1.0.7277.jar	datomic.query	datomic/query.clj	clojure-aot=115	true	115	796	434	17060	3416	0	2151	3532
peer-1.0.7277.jar	datomic.query.support	datomic/query/support.clj	clojure-aot=32	true	32	89	157	2686	504	0	258	463
peer-1.0.7277.jar	datomic.queue	datomic/queue.clj	clojure-aot=56	true	56	170	197	5480	1123	0	522	1465
peer-1.0.7277.jar	datomic.reconnector2	datomic/reconnector2.clj	clojure-aot=17	true	17	108	61	2065	417	0	274	478
peer-1.0.7277.jar	datomic.require	datomic/require.clj	clojure-aot=8	true	8	35	31	717	156	0	77	162
peer-1.0.7277.jar	datomic.s3	datomic/s3.clj	clojure-aot=47	true	47	266	189	6180	1327	0	639	1537
peer-1.0.7277.jar	datomic.s3-api	datomic/s3_api.clj	clojure-aot=41	true	41	523	163	12137	2406	0	1661	2428
peer-1.0.7277.jar	datomic.s3-kv	datomic/s3_kv.clj	clojure-aot=9	true	9	54	36	1015	225	0	128	251
peer-1.0.7277.jar	datomic.simple-kv	datomic/simple_kv.clj	clojure-aot=17	true	17	75	59	2310	490	0	197	638
peer-1.0.7277.jar	datomic.slf4j	datomic/slf4j.clj	clojure-aot=32	true	32	223	140	4970	1309	0	732	1152
peer-1.0.7277.jar	datomic.sql	datomic/sql.clj	clojure-aot=19	true	19	93	67	2487	516	0	221	609
peer-1.0.7277.jar	datomic.stats	datomic/stats.clj	clojure-aot=59	true	59	403	208	6980	1446	0	968	1489
peer-1.0.7277.jar	datomic.summary	datomic/summary.clj	clojure-aot=12	true	12	74	41	1387	360	0	219	326
peer-1.0.7277.jar	datomic.tools	datomic/tools.clj	clojure-aot=81	true	81	593	298	10307	2229	0	1316	2424
peer-1.0.7277.jar	datomic.tools.index-checks	datomic/tools/index_checks.clj	clojure-aot=22	true	22	167	81	3381	733	0	428	778
peer-1.0.7277.jar	datomic.transaction	datomic/transaction.clj	clojure-aot=17	true	17	138	78	3131	632	0	367	700
peer-1.0.7277.jar	datomic.treewalk	datomic/treewalk.clj	clojure-aot=44	true	44	207	178	4685	988	0	516	1208
peer-1.0.7277.jar	datomic.uri	datomic/uri.clj	clojure-aot=63	true	63	491	239	8393	1745	0	1154	1938
peer-1.0.7277.jar	datomic.val-cluster	datomic/val_cluster.clj	clojure-aot=18	true	18	186	64	3133	616	0	451	721
peer-1.0.7277.jar	datomic.valcache	datomic/valcache.clj	clojure-aot=65	true	65	555	242	12178	2438	0	1436	2899
peer-1.0.7277.jar	datomic.valcache-direct	datomic/valcache_direct.clj	clojure-aot=11	true	11	89	41	1621	348	0	214	409
peer-1.0.7277.jar	datomic.valcache.puts-pool	datomic/valcache/puts_pool.clj	clojure-aot=14	true	14	61	48	1534	329	0	147	440
peer-1.0.7277.jar	datomic.valcache.puts-pool-impl	datomic/valcache/puts_pool_impl.clj	clojure-aot=12	true	12	73	49	1383	306	0	195	295
peer-1.0.7277.jar	datomic.validators	datomic/validators.clj	clojure-aot=5	true	5	43	20	634	159	0	97	148
postgresql-42.5.1.jar	org.postgresql		java=11	false	11	109	105	2820	381	4	301	763
postgresql-42.5.1.jar	org.postgresql.copy		java=7	false	7	12	62	884	170	0	81	63
postgresql-42.5.1.jar	org.postgresql.core		java=57	false	57	275	564	9839	1104	2	899	1556
postgresql-42.5.1.jar	org.postgresql.core.v3		java=22	false	22	122	301	10467	1762	6	1132	1250
postgresql-42.5.1.jar	org.postgresql.core.v3.adaptivefetch		java=2	false	2	8	19	276	33	0	46	16
postgresql-42.5.1.jar	org.postgresql.core.v3.replication		java=3	false	3	16	30	722	150	0	92	82
postgresql-42.5.1.jar	org.postgresql.ds		java=7	false	7	26	73	1511	265	0	179	141
postgresql-42.5.1.jar	org.postgresql.ds.common		java=3	false	3	8	216	2019	378	0	373	114
postgresql-42.5.1.jar	org.postgresql.fastpath		java=2	false	2	7	19	452	58	0	44	67
postgresql-42.5.1.jar	org.postgresql.geometric		java=7	false	7	14	80	2050	236	0	212	275
postgresql-42.5.1.jar	org.postgresql.gss		java=6	false	6	36	29	1303	196	0	150	152
postgresql-42.5.1.jar	org.postgresql.hostchooser		java=18	false	18	32	52	664	99	0	94	65
postgresql-42.5.1.jar	org.postgresql.jdbc		java=92	false	92	441	1591	41086	7763	0	2720	6089
postgresql-42.5.1.jar	org.postgresql.jdbc2		java=2	false	2	1	7	21	6	0	3	0
postgresql-42.5.1.jar	org.postgresql.jdbc2.optional		java=3	false	3	0	3	9	3	0	0	0
postgresql-42.5.1.jar	org.postgresql.jdbc3		java=3	false	3	0	3	9	3	0	0	0
postgresql-42.5.1.jar	org.postgresql.jdbcurlresolver		java=2	false	2	9	17	1183	216	2	59	122
postgresql-42.5.1.jar	org.postgresql.jre7.sasl		java=4	false	4	13	12	385	77	0	62	41
postgresql-42.5.1.jar	org.postgresql.largeobject		java=4	false	4	27	55	987	135	0	118	124
postgresql-42.5.1.jar	org.postgresql.osgi		java=3	false	3	2	15	311	87	0	5	38
postgresql-42.5.1.jar	org.postgresql.plugin		java=2	false	2	5	5	58	7	0	10	14
postgresql-42.5.1.jar	org.postgresql.replication		java=6	false	6	11	38	301	51	0	33	36
postgresql-42.5.1.jar	org.postgresql.replication.fluent		java=11	false	11	11	34	145	28	0	25	5
postgresql-42.5.1.jar	org.postgresql.replication.fluent.logical		java=6	false	6	3	28	225	43	0	21	17
postgresql-42.5.1.jar	org.postgresql.replication.fluent.physical		java=6	false	6	1	13	135	26	0	12	15
postgresql-42.5.1.jar	org.postgresql.shaded.com.ongres.saslprep		java=1	false	1	1	2	186	60	0	1	7
postgresql-42.5.1.jar	org.postgresql.shaded.com.ongres.scram.client		java=12	false	12	37	60	855	140	0	125	94
postgresql-42.5.1.jar	org.postgresql.shaded.com.ongres.scram.common		java=6	false	6	29	51	1014	161	0	71	169
postgresql-42.5.1.jar	org.postgresql.shaded.com.ongres.scram.common.bouncycastle.base64		java=5	false	5	6	28	1311	116	0	52	238
postgresql-42.5.1.jar	org.postgresql.shaded.com.ongres.scram.common.bouncycastle.pbkdf2		java=19	false	19	32	102	2549	231	0	280	395
postgresql-42.5.1.jar	org.postgresql.shaded.com.ongres.scram.common.exception		java=4	false	4	1	10	57	15	0	3	1
postgresql-42.5.1.jar	org.postgresql.shaded.com.ongres.scram.common.gssapi		java=4	false	4	13	24	372	69	0	43	66
postgresql-42.5.1.jar	org.postgresql.shaded.com.ongres.scram.common.message		java=5	false	5	27	47	850	171	0	92	131
postgresql-42.5.1.jar	org.postgresql.shaded.com.ongres.scram.common.stringprep		java=4	false	4	3	12	83	14	0	6	14
postgresql-42.5.1.jar	org.postgresql.shaded.com.ongres.scram.common.util		java=10	false	10	6	31	443	84	0	9	52
postgresql-42.5.1.jar	org.postgresql.shaded.com.ongres.stringprep		java=1	false	1	0	19	21321	21	0	0	8778
postgresql-42.5.1.jar	org.postgresql.ssl		java=15	false	15	28	60	2577	456	0	172	371
postgresql-42.5.1.jar	org.postgresql.ssl.jdbc4		java=1	false	1	1	3	48	10	0	4	6
postgresql-42.5.1.jar	org.postgresql.sspi		java=4	false	4	13	17	332	63	0	54	44
postgresql-42.5.1.jar	org.postgresql.translation		java=30	false	30	45	135	17483	134	0	283	8018
postgresql-42.5.1.jar	org.postgresql.util		java=45	false	45	173	285	7406	1113	0	647	1149
postgresql-42.5.1.jar	org.postgresql.util.internal		java=1	false	1	1	4	40	8	0	3	5
postgresql-42.5.1.jar	org.postgresql.xa		java=7	false	7	16	46	1663	325	0	169	268
postgresql-42.5.1.jar	org.postgresql.xml		java=5	false	5	4	35	284	75	0	8	34
query-stats-1.0.13.jar	datomic.measure.query_stats		clojure-aot=33	true	33	202	118	3305	726	0	490	750
query-support-0.8.28.jar	datomic.query.support		java=2	false	2	5	28	266	45	0	37	14
slf4j-api-1.7.32.jar	org.slf4j		java=9	false	9	31	120	721	181	0	53	114
slf4j-api-1.7.32.jar	org.slf4j.event		java=5	false	5	27	101	674	84	0	91	90
slf4j-api-1.7.32.jar	org.slf4j.helpers	datomic/Util.java	java=16	false	16	34	223	2113	393	0	96	166
slf4j-api-1.7.32.jar	org.slf4j.spi		java=4	false	4	5	11	0	0	0	0	5
tomcat-jdbc-7.0.109.jar	org.apache.tomcat.jdbc.naming		java=1	false	1	1	5	508	139	0	16	67
tomcat-jdbc-7.0.109.jar	org.apache.tomcat.jdbc.pool		java=31	false	31	232	677	9493	1979	0	934	1025
tomcat-jdbc-7.0.109.jar	org.apache.tomcat.jdbc.pool.interceptor	datomic/peer/ConnectionState.java	java=20	false	20	95	169	3495	552	0	389	413
tomcat-jdbc-7.0.109.jar	org.apache.tomcat.jdbc.pool.jmx		java=2	false	2	12	154	887	304	0	44	42
