namespace	relationship	transactor_init_sha256	peer_init_sha256
datomic.adopter	shared	a2baab834db3d5974724cae58a568decdd1b7987a025181c7df0cac8bda586da	fa8747dcdd3ff946b9acf5e2e2a25cb062820bc7b5f75983c6aec23087701a94
datomic.aggregation	shared	55a31558ca09660bd9131c60143958103df45bc5ad2a0bec97804e64feacf7d4	5a8d68ad64e711670bf7a7b0e5b5de237e6d80416921d153b9326bfa1498cb46
datomic.api	shared	334c8c9c29df7bb1ff0ee402472e8a973cf8d7672a1a03a677e4f836fe0159d1	8160df617061556ae306d1dbb467dd5ba1bd78a139aaa08da30dc157a71c5c6a
datomic.artemis_client	shared	9e9e71764d0db644b008dec4affc6a51cd749063cb6fa6fe99a8dc1770989549	09c92dcffc5a69211fce401e07f58f2dfcdb7f35fc5f7ad431104091771b9467
datomic.artemis_server	transactor-only	03377466403209dfbf60141778f88d5aa42374e6d1cb31c4d65ee04402f2a001	
datomic.assert	shared	e5131f7b488956da58503d88b134801e95f0ff7ef93b9a2ef4c0cc9cb2711197	75d33a4bb19894cd075201ca36ead617f172b38e076778eabe3bf3ce692e42c0
datomic.async	shared	7c88bf1c68dda742dfe48384b4c910d894df2a878943d39e3d90d43da6eed76d	9791497cd1782b2140e76fcbcffb66b04d6f21b1a2e4f4795bd93ba86628aa61
datomic.aws	shared	03d111a914cb4dec3e8a399d70f3c407cd136c2136b868bb4f11dc1bc8968b95	8f91870156096e1a198a15ac4428f79c22bb2dc7d0ac6553688bac74356d32fd
datomic.aws_detect	shared	3bf1cf30023e8d2293708014699e1071bf2288dc7503e663ac8a204649402d35	c5c6a40a6d2a56321fe008f081a5edf4ccb490ea3e6cfbca107073cc5e470053
datomic.aws_monitor	shared	bdbac87d25c74ddd9b24e7dc141f447cc449caff589e01015812cea275b8d21d	f4b3e4ee591871ea735cd73beb575288379f392a9f533b7b524627c52d5d3111
datomic.backup	shared	8f8f4d7ef5a51c6e8298574715430d6679c31a22273ea064a62110df40c75e3c	b8284eb359713c1bc2dd4df26ba65cc66dd752b03ba70fface01e9483ee0eab7
datomic.backup_cli	transactor-only	8e69715ec8d8333d0b9f52b4ff9b2daa69b352f533beea69a076f0ae8b9d436f	
datomic.btset	shared	481f69d4bc624f88ca628c78c099066b41fce232aecd803c74393c64e846eb6b	78d67091ae74efdbb5fed390df3d483aebd312de7efc1b9df1dfd25f1eb9c858
datomic.builtins	shared	e694ac33bcd74c7ea7c51b9dd0d9eb9b053218df0fc8fd37e3f66af261038107	5b2a31c8d5b1c4e4c2ab8c0fdd68ffa9a5978e329c6f6c085e1df73421ea18ee
datomic.cache	shared	f39e69190378cddba5c717f00da465f2cff70cfe80d48de713691067f51305a0	76be029761891f37b5f71b3a4034de4a5782a54b17c285d2a390bd2626990e04
datomic.cache.caffeine	shared	3cc79e141fe5031a8b193dfc68a49aaa74cf9d06a1c8d483d7514bca28a6cd6a	7b86cf7a77fe7a3e1fa9e002c2e835042768d72b063d92c8bb06f022dc189c2a
datomic.cache.impl	shared	1f8b837bba78bb86424e33cebbdadcf9463f023177eed901112e9d1bdb681780	45dbdfe6ee75523d1a006ab771c43fcd6a57c6e897eb360ae270584338e7ca4d
datomic.callback	shared	f27578d5b1d8125c4478c40794cf10888dda7cc7d69f4fadbe5507fd0083d005	b41b7a7924059e889fb3959e892406cd5d6137287d20bb19864d26c381f5904a
datomic.cassandra	shared	80117502ef511b8f62489e8f4bc2167c4e87d844dca60727223c451a1aa79a84	63f35e2649f3ee5f22b1c6c768fd3f9f9d7bb94a872b1e93863232cec5489d3e
datomic.cassandra_v4	shared	bd7ce80f8dbbe40e1ef4a96a14aa278aeee3f52f968f5a80a224a4215bd82cb4	35f18a7099334b506ed4c9e9c4c112476472662f4c20a54b6d25a9614c6a05f5
datomic.cassandra_values	shared	2107e11a489e9c02820905026967d0fef91f95495ef00947cdd9a6a5b7e2f44d	912bbd7b2804e2b8651764791d4a56bb43961c93a5d9f9de435db40d7915273b
datomic.cassandra_values_v4	shared	6b53ca25daca4fd1acfe6cb8b6239c4b8b44272c30289b0777925f119f7f1c22	d65a31a062b8b12b8c4e44de30405a66e697b5d3c73dd68574c541e51ecb2f31
datomic.cast2slf4j	shared	dea9c24ebae4ffa1c868b4b15f5bf14c9755b6c9824c3ef6851656f8feac8af8	e06f2507ffad14af08730692bd4f9db91941d21537b1a086b7e1a4b5c0c3e590
datomic.cast2slf4j.peer_server	transactor-only	accd09242be8469423831d107e2703f00a5f5f7caf03a16b09a9bff5399f61e4	
datomic.catalog	shared	8e07fd4500466bd586772449d65cd61216bc0da0fcd433ad75280ffe99bcf696	da01c3e08ff85331675c750c1d58c6305bb8b61b394ea88237b6929af3bda9a0
datomic.cleanup	shared	6faa7325e50daf0b015a7578b4bf95cc17c3457100b711e3305e8ea8390f2c15	b889f2d4d6721c713b9366de7b7bcbbcf4c463792306fba4667d33f2774d88e2
datomic.cli	shared	154ccd0eb18c1e4f077301a1bfbec1f87a77395d716dbac10dc4f5b51103615a	e771f812cdbb5927cc73673fdc02f3a75b35761f9abe6650417d2a67330bb941
datomic.client_server.auth	transactor-only	fe7454cbf17486676faf2bc05f0bd6b7f0b9e5fa5484c7417aee3424b6421953	
datomic.client_server.marshaling	transactor-only	adce4b5641ccc4793747f62ce7d4e1cfaa8d7940f89c42d1e6b3ac9e83a3af42	
datomic.client_server.spi_support	transactor-only	55588238c46625d09ffdbca4037bc5ecbc5e19b0803a38eae11e327efd390dae	
datomic.cloudformation	transactor-only	bbfda5f0889bf8a1f8ad259f16b986ee499ff8ab388606fec63d9c37f7185537	
datomic.cloudwatch	shared	9e09b223f3216de8a5e961f3346843d8ace4085281584bcdb8228ad877034d99	b7a380a65aa362b50767b18799c56b633a8b5a0586628b2820c50cb04646153b
datomic.cluster	shared	7fef82c55f68a580db9d705dfa8e67b8069b7006d992fe415654e08734895b60	a7df83d5831e261b210c1722626874f9b431ba5ebabad91cebc765db7a1a4ea3
datomic.cluster_stack	shared	d6953304f30b7000c3a13cb649df5e85aadeead76bb94a834c49767a4678c22f	a80aca4efa1d18f86719c7340e33a4b6a938c0adccdb62e1c143a07c46527cb0
datomic.clusterfs	shared	61c73d46280edd7a71de5f4aafac39d73b66dd0f9d43da52da42d30d3756e3b1	3f3d7d6be95825c1d400c7425043fffec4a5937ff2f14e5afe53d23cf9283b9a
datomic.codec	shared	8f78c2b09998d6f3fafb0f2e6b5b460fddce5bba52eaf3501c3247a5c3461486	b4aa1859e8d43960a1bb89d6aadc145eac9ea7b8bbeb8b246e323dd67ae72dd4
datomic.combined_cluster	shared	d7d839b5a72e4279a1c54235e7c24f7ff2f7a7a953def6ef25440a5b882000c0	511d099ae8217412c49690b5e58840207501329ba3f4b43bf271187fedc63f96
datomic.common	shared	e4ea04ff4e3c3455f3272fdaca6c6784e6abaac88f59184cba9afb789f17f978	57db30622f45e49d3b7ceeb03bd0af7bde6595ae2f14e1b94c531505a64b9251
datomic.config	shared	28106128372e6c4c192ca41e6490cb97585bfc843813abb37ff176966e936bbd	b01a0672ee37d4d39e9940760fef0e415f156bf90d11369a8a7ffff3ed7ba693
datomic.config_ext	shared	fd30156595cbe14da686eebade2cbf65f022197110d4222d240125855b5dd27a	31e8e4202ee95e9cf751dd83d3d00e6f9d91a7dd28dd9448a91233b0e347c6ac
datomic.connector	shared	243897521544450e1fdb3f9ee48fa1078faca982031644b6d8ff199b57e445fd	94277348fd2397849d0aeba3511731b2892e214cde63da7956526882cb49937d
datomic.coordination	shared	9fa153c5f7f304c34f707caf0a35bd0efa5c8f2164a74a8bc80dce0635c89a25	62d995d5c4259aa32bc54ec4140a1fbbc564dfe776b476fac9a6b244190fafed
datomic.coordination_ext	shared	7db64019cd221d783f4affe6a17cb2feff47f11e956f26d2396fe1abcc02fcf0	eb8e4321d3bd4b880775ac2002c6570327466ff4a980b5e492becc028068e10a
datomic.core2.algo.hash	peer-only		21d0501e50a7eac969207a5614050a2c81eca64381d51d952c33db941bd85362
datomic.core2.algo.lazy	peer-only		3a7f2dab8e28cca5b8e3a12a2fddc94d8fe807b9fa5afe62db207fd6547de06c
datomic.core2.algo.search	peer-only		1c12e50911fdaf43f29af3d8945a0cfb4eb00367e027117fb9cba5a89d070fdb
datomic.core2.anomalies	peer-only		22bea86c11487fa3f1565aaa7edef891c3f8b7af4df824c02acebc5e197c7758
datomic.core2.async	peer-only		1e6cc685fe93ed45868189ddb59eff44e522753f83783ef61a122638c6d5011f
datomic.core2.atom	peer-only		e7a077e9682cb4111a2212f58eac06e723fbcbbce8decb3fdec761f3eafc0398
datomic.core2.atom.logged	peer-only		6d0b6b515d41a5108e7357b7a7a98f635df8cca404c457c1a0c385e42c79f66b
datomic.core2.atom.spi	peer-only		fe6610c8369394f35183f6ce695d105f9fb0bc9c9348457a7319276c08f32823
datomic.core2.aws.ddb	peer-only		b5f141ae691de22a07a72bf02677f70e445675e2174f2a93242490ade309ed8f
datomic.core2.aws.s3.aws_api	peer-only		0d9b2decb9f106f95cf320bf14a4d7e48bded532de2e4cdf275bd149e2adae5a
datomic.core2.aws.s3.sdkv1	peer-only		69c00e24d8046c6ae90d538dae9369f0e5a4e075cfadd627b1d6ec309c9d2b7c
datomic.core2.datafy	peer-only		5de5ff0077ecd5a89e133c5f7198447cbcc2909c68c8f43bba5b0a8ea1d7af22
datomic.core2.log	peer-only		681d8fc71b7ca19827ddb9cd12528e8cd129c14e735e221e6e8ef0fd43855722
datomic.core2.log.ddb	peer-only		34bb046439b23ef72b00dd31ea84f686e917d62fcd7d3524af3da21f79943946
datomic.core2.log.mem	peer-only		b501bf77933cf6d3ea3722c97840736e8bc3c5c77c73a7bee1c3f702886450b4
datomic.core2.log.spi	peer-only		5471c5800f51ed2dd5a3edf34fdf9868f66083e14e26097cf956eb6136fae8b0
datomic.core2.retry	peer-only		02915d80b1d21930565ed2bf65aacbfe9fdc135138c3f790c36f172fdb8dca81
datomic.core2.thread	peer-only		4b40786094ae86585a66a30be40d60354927ec0ff60f74d18ecb5bb3fb7bf79c
datomic.core2.val_store	peer-only		5a13ef5f7908ae83fd9c4cade94735b0d8e32b965cf98c432d3c3ecd628bbf41
datomic.core2.val_store.double_store	peer-only		4ff8a0e6974bca6156569eb701bcc8bd649c01fb8b624669fc8ae54bbf88856d
datomic.core2.val_store.fs	peer-only		c2316f8879807baa382943ba2d5751a9f2be59621fbf5e9a42981a4041470985
datomic.core2.val_store.s3	peer-only		69660fddb6ff84f492bac0c3ec57a939cd3f80e13fd06d59437421a124a7f58e
datomic.core2.val_store.s3.aws_api	peer-only		3d91e15ad8f6db45e8a8cfda28eec06d72c5b0102b1d55309f7f1d916a48cd74
datomic.core2.val_store.s3.sdkv1	peer-only		d343b6c519a2367453d8bb2e4ca90b091e0d73f887edeb9a62adce24bb4c5143
datomic.core2.val_store.spi	peer-only		ceed99a4fa5fcf0853360e93833fa83f4102516fd4e39024b6432bbfeabc20c4
datomic.crypto	shared	d4ed420213ded133ed1db8c4cd86c4bf7d092edf6cdf1a917b770b7f7ef8c51e	9beca052ff422fb8efb7ea18fabf8539dc4a14c413447984bdd77e0fc96991c6
datomic.data	shared	d68db0fa70ad9c30ee30a645461499de41a5738aacdfe4e6a09e3ec5fe80163c	5633b47186af1db09e103fbbb9a2a4baadb5d1061de1eeaa85e65220b6bc6de9
datomic.datafy	shared	1f3465511f95d0c8a093c0a7ace328b08f25b0bdedcd795942d94963a9463e71	7e2be0f7f5805f19ffbd3459859b21b83d7344f3f1ea8438fd5fb71ba2a03276
datomic.datalog	shared	ee8faba4f5ea7527c23461ab946ae7a681cd48ef41d8e3c0f9cd93d5b046e167	f33653c39ad0679e76892d0e7fef732014e7873b8fbb8e60b680e28feca3ff94
datomic.db	shared	e59822e61d6ea86e0bb11ddd7cc2050d49d67a06682d15182d89a5a79dda2e9c	7e532d47b6ddd394b00e3f3af842a03b78e6050647e5ca63a507f457f154257c
datomic.db.specs	transactor-only	f579be80211fab2386e2c4c8618e003e2860e82da18ddb352720b6be058167e9	
datomic.db_io	shared	663f5fc1fc7a624af96752779be1a58b0c2aafae40e52466f4b7e7817f3ee971	a004d8247200c68d229f190a562973508eff0ed3da5d0900c1ed04313928f255
datomic.ddb	shared	5cf0049f91f9214455e9557a9d65a9ee47f4710ab6d68f340b425a4b35e78247	45294775f6a24b510f9f727f6392adc1a99e60fa9facbef096a0a44afeb624d6
datomic.ddb_cluster	shared	7a8d451b2641fc9264334337ace7820ec48fe68bb44b677110167a076d151fbb	195326c2cb556e9b84d177d1020a7e3572507ed426f537af88791a7712a312d6
datomic.ddb_s3_cluster	shared	20a9b209919748f40bd037dc994f438e6f42bcb922ef0488ec3c5d04e5afb484	208042fa68e2d5fa3c2a6b15f4ed5632487acb2ca447f274ba90bfcd5fff75b4
datomic.ddb_values	shared	89e94b84671cbb25d172de911b3a7c8881b85dbfe47421b0e81a12300c416348	186458f299301219f410927cefe6334ab012f7adc31856b88811867d6f7a4186
datomic.domain	shared	05bff221a0e5f52472f45f3a27c55faf12e7ce1eb4ff7b2f57d684b5998c81e7	db59ba642d4c594357027b651e8ce7d993f04d0d17de39165c2318bf08419cdc
datomic.ec2	transactor-only	21eff65b32153cb9372571bea37ff4ec62be312fdd08b98b8079c66d257b8c9a	
datomic.error	shared	9ff765a5edbb27460604b6ef61a9b1a8a36a5b7b2ae74f6256e12d5977276df7	feab17630be769b8563cd7645380e92a484f8f1a7ac6ea7e73251e3e90062e66
datomic.excise	shared	63c520ee6437967ca094469e05690eecdddc1c868178b4d3e4d7758abdc04f4b	46efe8842f23a4defe5751ddb76b872d7115ac6979b291e6588a47c6d3a25258
datomic.extension_resolver	shared	997815618002831def27c63b57caa99cd5c23f36c96fe25ad69c809c64c936bd	0b8ccb9d2db58a3ee10c589ebe9c81af3dcf888654c97d963f2e12c840e7c1e5
datomic.extensions	shared	9cbdbdf75f5de9f8c9e46b8e9bc2615663b089dffae941396db161ffb87f6d10	3764b91d435eeae6736959ae0e20f612d11b538c22cb8b2c73b55e84033efe77
datomic.external_sort	shared	18daed72ec5be9675b1682ae1f0e6fb0744461591cc3716aefecd45a68277df2	a0217d523aa415188a0f85d67e3f9f5da7178fd78a32a3955af7c6e20652c953
datomic.external_sort_datoms	shared	557f4338ef796711519533137aef011f42aded66559c58cd2532631f8395842b	bba279ecb3c4ddea003f28d64e2b1e62c35e886c3a03aea43ea1a61e3f00b375
datomic.fressian	shared	d7ba61f8ee071e07620d13fb552162957539b9a214e08018465b960944725c3d	b10238dbccf2dfb5291b221e80bc9143a4a2b522bec611a1e8c35c0390d7fe68
datomic.fsbackup	transactor-only	73386734a80dd0eeb977a5c3647a6eb8c33c855cd34b9c8814b39a84dd30208e	
datomic.fulltext	shared	9e516fd1f76c21d11387896f4023f0852d8fd00f0a96c947de855c4a896d6918	2b9bd2d17e1a4d1dd06beab7199811691b2d3c560bf6c757324dc561367d7de3
datomic.fulltext_index	shared	0a0fc5db2082279dba33527c91e34b509d93307a29847ad410ad5ef6c8c1e141	2aa7d1990d64ee4ef9b6247a0b142e678dce6e32ee2c81e1ffbe68ebc85dc2ba
datomic.function	shared	35e85ea285d7b0d1ace10d8aeb325740643145571adb34b318ed7e500ec9602f	714dc9c47a7bf3cf56733b9f862bee56421527d96d073edd9b30f5d8595e7712
datomic.future	shared	0578f1db365c06928d2e5d028a068f01b4e9e544facaf95a652934e02ea3aa76	a61a3192b94781a60a4d9cbfde84e71903cf46c712d4a27d28e19280cf77c659
datomic.garbage	shared	89eb4396c794f4269f2b027e807fa3723acb0a0a99619c511ce3bfcf133be419	8f14b0fb212a0baa02dbb5421bb4279d0fa5b2798cace77a8e5f0e15c08ffa33
datomic.garbage.fressian	shared	d9c22d57397320d2f598fac7ee1aff2a5c9fea803d4fa27169161715bcb20741	81f763d7476b67cce5dfa0303b718b9826ba45cd03b34b118a81a8e57f50d2ce
datomic.garbage.pod	shared	83990ae0abd78c0298f532f03e36671137663c76cb05ae0b7fc4ae68dc693567	8b7cdd51ab42e6bdc5a4a12ed0d2f5081c0f35fe494fefe8cb8bfaa7925cfc38
datomic.h2	shared	5998fbdceca7325be58e59663580339ec04e1e6baae83409817926e2022a611a	f64d7a62465f7669683a562888c9dbc1d49cedecf1ae52bd5a34f153d0fc1a83
datomic.iam	transactor-only	702697a3b34815066ea8bcecceef4eda51748d949196f7e47d1db2cb557208f9	
datomic.index	shared	f473d59b693aec277a41275677bebf74b40fa23d9301fe284d7c86016f00ce0d	eaf0ebae7ea7a202bf0e061d6e1c1346209a4b75ad3df5de8339aca9f2d7f5c9
datomic.indexer	transactor-only	1870def1813a932a161c0c4c4abeabf523014b6c0784307f2913c62682959eb5	
datomic.integrity	shared	198a06c188ae050f5ada1932d06c7d020687d17497d85249b8cf74d11f6b35ff	d5785d284b05620fad544d38680f9bab7399dd16a12813a7411b362477dcf22e
datomic.io	shared	2c11af6f8c4bfab1f87fa1c8badf6d195fa98994bb4660b2315f99731c658eff	dea05cea03a2c80170ce760b1411fed913bf684da333f9b06e81ba9b690dffda
datomic.iter	shared	ca6dcc16af6e9ccdd462e506483b4250bcd5755dfb9f0718a578c7f48dc57768	6c48d3c82b0f8d1d17a7d7983aea1aba2bfd5c9d909cfb2e87d46bffa820be7d
datomic.janino	shared	e574599de64ef084e22a9754a8d5a858031493ecb9c372c65488b38c25532c1e	e786eaff0c4e3702ef6679a8f5162c5a472ea34136cdceb3def3d03bf747254f
datomic.jar	transactor-only	6431d5aad09c9322214728060ec8b7ca5047e0a96d48d1731b2a7c694c5913f4	
datomic.jetty	transactor-only	d8694d9f735931aa4c31b2b0ad9ab69a968ece04c2a9a1edea9d8fb67d5ed696	
datomic.kv_cache	shared	f6ac1fcab08aba62baff7569ab8d19970989f630cdc1d37a3eb8724b8e802fca	321e26118bf8ee61e243a2137920c6d19f42aaca27d6ed906ac59bac0827d920
datomic.kv_cassandra	shared	29c22265ca1bd5be091476c723632025891a4217a772c1f775cb2a85d676ed00	5ead5e56741a894583daacf19181f280523948bd245ddbca9538c5732b9f7d51
datomic.kv_cassandra2	shared	b5020f4c2cbaa99976cceac9d45469256ed94769340d0151d544b57cd7ea0a06	718ce4610a9547fbd177a46e370549512609c21130d1f05480faf8db02be1eeb
datomic.kv_cassandra3	shared	2207b1877ca1aa5518479f0a214b72aff4c3324fd0615fd1e22563615af07649	2bfed6fcb410b171b5eeca1bad53a2d75f74d11be64d255b4e87b060349fc61e
datomic.kv_cluster	shared	17cbdc0522779207dc18b430ce9208baeef04ef29b4c3e3044b09dafce08adee	5e30501710a0a2c245f9f2642606c5d6e9ee88b39c3803188b9a6aa21bf543d7
datomic.kv_dynamo	shared	ac9d243a4ab211e360a66560018878febce1a32c596008d43db1b7842da60cf2	7b2414e964db5f4877ef76b990844c21d974266b743b731ab2a91c72e6cb8ea6
datomic.kv_dynamo_skv	shared	89a0ba9f0845cb37ff85e988f0b79280abb42990c33a4444a7c3940752c20aa5	ec0f01c89671d0bf1d7f387547827e843b1ff90e790368bad4c3fc4f1851f4ee
datomic.kv_hotrod	shared	9d58ce4354a28d8f02de3b1330c32d23a581f38277a7c032d4c860519aa45fe7	38fa0ce2a5ed6c1350d6f402f10067071d696c523a54d1e14f1b167593886f36
datomic.kv_mem	shared	be60b0c28e71d92234ccac2d3abf0b2bb44b8396f147c73231c075e2e8895bb1	085ce46954215486df4511ac2703cdfab15e872f4f93ed38b396b5bf15b5b200
datomic.kv_sql	shared	e1fa9a5ac3c20082c7db08e4afe7a7768b50aef78b86417c9d8f87b70cc22885	db94a644e89f915f445ff36062905a3c48880e6d330be1a171c7b930454a5a85
datomic.kv_sql_ext	shared	9d674cf3c92f1c17743807178d9936fce7611423b6360c1b06b6bef612508496	239f2dd4ea88b37db04fb58a920e9534c210bd24e7a01380d1471ce5ba8363e4
datomic.kv_store	shared	97399045855884b65cb23f918483cbe8b9d31f870119e00872c43c226e64b581	5462404914b71e714b3228f9bf9f0c43c8b9c177e6f7be34637b9fe47853ee52
datomic.launcher	transactor-only	ba2f8159a631dc9ae8e7c7e085d0a7e4c06492f4f1fdfb69d6ac93d934b7974e	
datomic.lifecycle	transactor-only	a7178d8a811e8152d9f2278129ad8db12b8f053693cae9fe2716f892f719ac1f	
datomic.lifecycle_ext	transactor-only	a23df0757867d5cf13dc93cced6b154eb7e864ca840eb04c3fddfa783bae8ee0	
datomic.log	shared	19d729e19fb0a4af79317fc8d0eb1395ec8e120f54ec4d1838a013f86c9f2dfe	e04cb28ebcd693d8465a14810d18f2595b49a204de2edd1b0c79a6a028aaeb0d
datomic.log.specs	transactor-only	7c85245cd7281dec346586ba3b5acf2d15f89f61b8cb0b9f5cf132c0484701cc	
datomic.log_gc	transactor-only	65c137f29fe4b21d36c915e3bac537b309b676e275598b24c0ae4fcba90b130e	
datomic.logrotate	transactor-only	f94c99365d0c01edc8d131ebb1d2791fe385b0c7bfa69f3c90395cddf40b7058	
datomic.lucene	shared	ae5d47b875246760556eeab9c599404bbc3dc37aa0303ee04821e7e9c9c4007c	1aa1c60b0d132e05e98d6ff88b82eaf4b6aabece507861d7aca6443591beac49
datomic.math	shared	12a54ec0cd9b1302ce550ee3ccc5f0db51a687d5f6822f86bc6b45d6a3548573	34e0c0d7c3eea765a49263e259df93ddb3df19c5d7ebbe9f97fefa6f1796598a
datomic.memcached	shared	8172331373a75a2f33b500095ecbc5cea6a482d56ec87828b4e9ceab28cf2215	9054fd6791c935dc69fa023555a18efca4f4491700db7932054736cc32d05f9d
datomic.memory	shared	d30c70e980dbe4a6f3e734645ef480ea12be08ae9c7c11eb8a013b232ab4b1de	510ed646d5edbc01889d51d1b160ccff57189d0d3146ce2b358f25027b0f330d
datomic.memory_size	shared	d26a2e79e846a2c4997126383cfaad7b0fb6eafddc9619cdf7cc19bdd267bc99	87682108f01cd1469cffcac4dd537ae20eed05a06c0da41560605bcce5f596e6
datomic.monitor	shared	f09fc9f3c40edfe5210ba7291054007a26586f049e2b5deec9ff7ad2a516f8af	ae7d7698b21c830d0b3c64742b0bbd1be941bbd8cb7c9c782cf1e4f1d216dba5
datomic.peer	shared	db416c28d3545ea4c7b306ddf26f3bc7a1c6814fc47eeef26af5c5a5303b019e	3c0c0f1fbebe56386a3d8584e54d3b8f8da0c80043c2e5801fd58743404b77b3
datomic.peer_client	transactor-only	46c777b579813b5415909229d6c501e8359de11cebc86c1c037a7089e87f4714	
datomic.peer_server	transactor-only	62e5d0970213b2b25ce77ff5e4211ca795464e64271dfbac5c47afe32d334ac3	
datomic.process	shared	ff22634bbcbc57c94b9b6eaa93494923c81a8b623a87501192761023581bf7c6	af31432b34f550041b18c78b456201c9c83efa5c498ae6f887f15a264a0a3082
datomic.process.events	shared	93eb8b8dcd160480fac8479bbfe878abfbc26136dc800bf254f1f55dae047710	91b6f5c2f2588cf9746978c06d52537752de64988fd0a1ee0198860fdde56c4b
datomic.process_monitor	shared	c081ebb2a30fe50b6e13afb4e380ac4ef24f647d83bd4c768529a9e6a2238228	7e2302fd1f0bd5ae0a88780426653d1bbc1139d5729367c3424e62110a386b5d
datomic.promise	shared	efe730f9658d365c6681b153e99cd4cf77c2f7617d9fc3310dadfebd29a743ae	c50a5b70ad303ff0c25b202a6e0d77db71bcb7403abb7008a2ec40417ed7fde4
datomic.provisioning.aws	transactor-only	21c6188dc098b81745d9f4c1e412dbaf7c56045716c9afa7aa6ef5b5a673a7b7	
datomic.pull	shared	691d6f944e6c8fc5e08b325f8dc50af8670a25488227f27709559d485713ac6c	86981043e07242359deb880029550cd0fa4d59af49b599346d2c1f090a61435f
datomic.qtune	shared	fe35873531313b2fa04c8c21fd0f3ed1696dcc032d9b6cfbd64ac1c27dd9680a	df6415765495f3c45f86d94ee45a74572be9275232de3722d031a71b51312b14
datomic.query	shared	db5aeac4fe693b93d1ff894b5f609581e82e75d5483db5a920a6779cf2dc5e70	94a9d4b661eaa0279d0a7d497f88a08a0b7bba8123d5b39739fa3cb7a8ce411a
datomic.query.support	shared	b6347dc1052a891b042517b66edf605682815516c80608c10c3d91f3f77fceb0	b497abbe62225d39d25335fed22d81a312b026a559258c286268c57027ae0a37
datomic.queue	shared	f370a69bc807279f6090233741f5032cde4cbb66b24b66902b597eca20d81e83	1cde3f10d5cda117b29c0031672ae3554ba690aa00b29484bdd9e25c4bb04082
datomic.reconnector2	shared	7e49fadb0ba3f7f4d7d91c8d32c283503fe390ee7ca7a5686e41658047a65462	4b7289aec0748a855e08ced7556c164874a97f836eadf730db57600b2ab48a43
datomic.require	shared	58a40a539c1dc0d362e429e8b7487798f341076b8c55e0abd2c310eb9c54a208	00b2d9c70758dd7a2bc2afe644bd41da4ee2f48fa65166f8661de6f0686e61b4
datomic.rest	transactor-only	e154f1a2d8d2114c6f5b99e2e02639d4bc72c101394a0016839426ca2e216aa3	
datomic.s3	shared	c410fca04a147f3b011b39265426f92316b18a595e140c55e4c85b65eb88b5dd	504475e408ab3eca5357a7a488081a5b6209b61a01b21042e2eed4254217a9d4
datomic.s3_api	shared	5b1522de7d39d9c7e99f7e993c75bdac9122e9f2e9820e0188d073e73bf16bf7	b8eb0191d620ba41c68968b08340b2ab7fe8349ef860762180493f888e6cbb5f
datomic.s3_kv	shared	9b4a7d7f016113f7840fadd8b15c7bbd33af0f2eb1a16a035424bd267bac8d95	cfd1ea5d906133f26f233001e35c929a16b7ff4303bc729e0705bb48b49e04bc
datomic.s3backup	transactor-only	2a596da2ee369753c1c1202dacf8d977b179ecc22f76528dd77425c50d60f31c	
datomic.simple_kv	shared	1d3964e1fb5c5af4e3efd427d57a0041a3968e8b1f9c49580c5273ac3c0557e7	a4ae40d3da40a666b4fb4ae6056d98158ace3dc24e7a7a7a4ce06e9d1cafa2b7
datomic.slf4j	shared	93fca7e0ce8ae62f5266a46559b571f5d21ecceb5b50e4625e4ca8900417ecf6	0fc4c8a1f635c65c2bc631f1e179bcac996a71a8eab0f9c588472667e1dc6923
datomic.slf4j.bridge	transactor-only	e46baa7bb79d75b0a795279b56d12683d6749f472cccf355233ae9f706c16bc0	
datomic.spec	transactor-only	d6760efc6062d99910c7075401367692f581916498aa0fb8c3bc273f564c1b4a	
datomic.specs	transactor-only	f29217bd48981b4b76e957cbbb10de0b361154882a99706dd65a3b9db85c4d5d	
datomic.sql	shared	65d22b9cdcaf9ad039fca79e804de5fe2b68d95267efec0457cdf1289fe846a1	9021c8a65f96a2d9509d1cf60058cbe6f4c37a16fb2aab161c3b89b262d99ec0
datomic.stats	shared	71d87371628c87b6c48dd6934880c8f8433a327a54277a30c240ca1877d1565e	dd732eb0f26d049a5eda8dd8f3ee91351fa2ba91c33036be05b81762f03fd7cd
datomic.summary	shared	ed1f2507ec61c3d289564c64ccb9cfa156d6566b7bf893f116de033272c54f38	50898b0a3f73367aa64fcda032c96c7e01a5681e09f2437682dc5d9024568903
datomic.tools	shared	a4979f220c9fbdd12840866000a7edb5c2c270d2a939e34dc056ea6d8060a0e1	cafedc6615ee289f4117b6a6648342e3676fbd1f4e0f229215ea7e2111c0efc5
datomic.tools.detect_865	transactor-only	f398e5bc46afba16b1ec27bf239c14f4ffe22195c8bc38e51ee7dd51162c5a65	
datomic.tools.filter_index	transactor-only	5bf7720a75a4b07dbd5701d0987c3405c6b8146fd5daa2661700244d07b1a0e4	
datomic.tools.gc_db	transactor-only	7c233cdac4f3f887ab52c4aed12d164d81cb75de19e0ebd0494426576bd7c5f4	
datomic.tools.index_checks	shared	4bea3cde55f7b49fe082c3e96c0ba293e28fa7b743c581e5d32fdbb545cf3cd6	d350d95909047c56598726e11f1dc058d36f13db73cd97f39e4d2b1179709629
datomic.tools.index_stats	transactor-only	703a16cb1109ed194ca2c12918f0ba8e124a6e5a14c12c922a5a9282dac3502a	
datomic.tools.locate_transactor	transactor-only	a03ddf1c765060ceb0ff9bffae1318ef9fdbf51369d9942098f6d822cf155024	
datomic.tools.log_tools	transactor-only	f253746ebb346c73b1a7b150d40b18e786e9570481fb330a87f52f170eaba206	
datomic.tools.postdiag_865	transactor-only	41824d098c721f7bcb3ec5c6cb664a5d81605c9b61fba1c3942a44151f5f14af	
datomic.tools.read_segment	transactor-only	e6694dee706baa5f66cbe3a83a8f0a3fc7639e76fd37479c62b1af5ed6213908	
datomic.tools.rebuild_index	transactor-only	586cc96f5b9b3dd6c080484f7849e70085c1ce865ae7e72a8fffae4e1a171bfc	
datomic.tools.rebuild_log_leaf	transactor-only	2d079064d133090e1685416eae3435b09b3d479a10a8783ef4561f3be7fb2127	
datomic.tools.rebuild_log_root	transactor-only	e304b80ca82b2108640fd6ad5821da035a786db4033f9c3b3df5916f8fb6d5d1	
datomic.tools.repair_1455	transactor-only	946e3217af601b3a330097e92f65b71130726d8c4080358c4634c6fcdb3dc8c8	
datomic.tools.repair_865	transactor-only	3e22ed048af2afd615a63178f7e8592b1c15dc7887ef9c0086c460c4db424ffe	
datomic.tools.restore_log_root	transactor-only	6ffb227b0a5d9fe51edd2115518103db656c782e74ae9f6726f8ba45da01b181	
datomic.transaction	shared	5999d54a12ecfc79307d6f99e308e95756ffb8c45bb9f57b3aeee6c72390f716	504d632e4d69b2bc9211318e0aa80ee213f135105c1411385556262145bff8a3
datomic.transactor	transactor-only	0ffc1597eac688541bef85ad0e84320b59a161e27ece38db2656798aa6b32c4e	
datomic.transactor_ext	transactor-only	b666a5dedc351b5cc0bac505fc661c3b2277c577d57bfa525b270f3cab6b16fe	
datomic.treewalk	shared	0aa496dc0daef9a984ce59f1fd7c105c3a712a9a76a3a3b6b25c0a44351bd298	f59660f455375a6d17829f753659b561a309c41d93c12cc9880b4d7618c67af5
datomic.update	transactor-only	a43a14c40a2f7de10c0ee8f1ad1e90bae14c3acc973575d910c787b14823cee9	
datomic.uri	shared	2bb9cc7ecc3468b97150b4b3684c5b663c4c37f56ee213d3e1373b8343e282a7	5f71b4529610a0ea1a303267adf296de52dc7a165fbd1ccbc1c7ed3c9a2bcbd3
datomic.val_cluster	shared	3f46093938d3641cf5946255b037c2ba559f02a068f39b21a0c5a4e223eafa51	1c871e6f1caa0c73c8e44241e50f66fabe92fa362f688631ef65bd9ac6b0688a
datomic.valcache	shared	4240f87f9d2d0c21cfa9fb96af817b9a589d1302ad83a28d9fa4a2303ed131af	a60dcb5c28d792e7af764f7561189153f8cf3963815f1aa60ee77a78d3c31b38
datomic.valcache.puts_pool	shared	72071492c13ac95def1216498b1b378051c6cb2da06b1ab4a250b615bc7d95fb	de17d00b531e6baffcda65f051658c86df7bd66200b9335995979c3b5bf10f5a
datomic.valcache.puts_pool_impl	shared	8902538922fcb411bd04ce37fcb9657098ac8d6d11343d7534aa896c87e24ae6	bc829d66e1a3731095d68240e252c959f3eb553ac1505c22017fead23775def7
datomic.valcache_direct	shared	1479ee9ead6665cec6ff2cad4877d9e944ae5c331db3f02df7b29a5ae7e0a84a	1dac531563d051bc376ee4a25960bd3354a3bb491e18b8ac11de09c2632e16b4
datomic.validators	shared	f0ac50d1e481025ed960b2a7e887bd36b4ec56a0c5c41e8756130298b3869e15	a39f3822cde3047a71f9c2b923862853ffb11648f7ce502c9cfdec693bd0b991
