distribution_path	kind	bytes	sha256
bin/bridge.clj	distribution-bin	76	421dada520a7d52734063e19388b8b0896125100dd3ab5718d96539f55e59a03
bin/classpath	distribution-bin	308	adb10df9e2ad95aff1bb28717396364c0eecbd1190ef788c8113fc0745f12956
bin/classpath.cmd	distribution-bin	183	cec1433a6365a79658712ada4d5901f06d3e2f1889213f2785ec212b57f678c3
bin/console	distribution-bin	183	a02d5144e62b26c2f0f32b84febeddf5d22d69c3aec396550fd346e008180556
bin/console.cmd	distribution-bin	179	d751a6ff69bdadc3c24f1cb3798ad6050abba33cf8061ecf8354e4f57ba9cc53
bin/cpbuild.cmd	distribution-bin	37	3553db262e5cd45ccc76d5eeb6df0d8f7ee3825eddb043dcdc4ded77b2eb6b8f
bin/cql/cassandra-keyspace.cql	distribution-bin	150	8ebccd3503feae1da9d2b01364347b5c1e8c318a3f4e4f249fd1f97fd60c2836
bin/cql/cassandra-table.cql	distribution-bin	150	7d61d2878505ff85c94624718737e7e2a7baa3afa4ce31438a3aabd6bbdae9d4
bin/cql/cassandra-user.cql	distribution-bin	122	d17d9a7640a2bb86cbc7b1bab76bb5d720d85ff6c7f5eb8e24b4e722641bdf7f
bin/cql/cassandra2-keyspace.cql	distribution-bin	151	a14b679856257d481f9cc1196164fa3f063df03e2c688128dfef4844663a8a04
bin/cql/cassandra2-table.cql	distribution-bin	169	9966eadbf850e6e663aa4c2ae3ae66ce0fb6e3b89680ef91c45199a2fbfe4ec3
bin/cql/cassandra2-user.cql	distribution-bin	126	c38cbff5a35e35a6678d8763071468a170698b299eeedf6c393522072ca21ff1
bin/cql/cassandra3-keyspace.cql	distribution-bin	151	a14b679856257d481f9cc1196164fa3f063df03e2c688128dfef4844663a8a04
bin/cql/cassandra3-table.cql	distribution-bin	169	9966eadbf850e6e663aa4c2ae3ae66ce0fb6e3b89680ef91c45199a2fbfe4ec3
bin/cql/cassandra3-user.cql	distribution-bin	126	c38cbff5a35e35a6678d8763071468a170698b299eeedf6c393522072ca21ff1
bin/datomic	distribution-bin	58	abcda4b6eb66de03d57e3e345d6fcc5493e94be9229d4c43b01eb5cca84f8223
bin/datomic.clj	distribution-bin	9795	3766338891783a93d04f59f9bceb59fb500f2a5b20b47993f6da3c6a5a86d79a
bin/datomic.cmd	distribution-bin	28	7eba595cf880611aefeea1322f2fce515344995de72a6d40a8fcb6f13e4303fc
bin/inf/infinispan-mem-distributed-1.xml	distribution-bin	706	b7db740822b447b990e97e91fa00fef8b33e95f58d75830e00a83664cd95e1ae
bin/inf/infinispan-mem-distributed-2.xml	distribution-bin	706	57693d3a619a95ff1482c4b041bb577de563e9f67b68ee79d4e22995f7245d7a
bin/inf/infinispan-mem-distributed-3.xml	distribution-bin	706	fdbf67c63e2bf763367315dd1878768298b44eb5eb7d56e5dbb4ed8b03725f63
bin/inf/infinispan-mem-distributed.xml	distribution-bin	573	cb8bb7cea30f9366bfd45bb3defbdd82eccdc78789b7d303606876d8c5679924
bin/inf/infinispan-mem.xml	distribution-bin	239	c9020938f90377587b6abcb9942c84ac786ad2cc8241bdfafa7b53ea6ed93d74
bin/inf/killall.sh	distribution-bin	222	7d522d25fb49bc15b4ca2c1a92e3c33dbffac6422c511fc16319e1a51ac12ab9
bin/inf/listall.sh	distribution-bin	102	ace98dafbdd32eca473a907159dd771ab994b142e627e45c8ee8bdaf93b9b8b8
bin/inf/start-mem-3.sh	distribution-bin	414	941849df8069e3ba379dd44ca15c08ec44bcd6403df83652b30fc94952776a83
bin/inf/start-mem.sh	distribution-bin	157	13e433e61180397eed8688d61d6c487a389313947bb4b7616ff6593f236dee1a
bin/inf/startServer.sh	distribution-bin	1228	8b8a6a6f951dcbf939ea23d1f1bce2a99e1e35e3933db532a213493cd31c56d1
bin/logback.xml	distribution-bin	2572	d44aec6d3151df655ddfcfe10030948c467eb34b063613b1defd96a304b7875d
bin/maven-install	distribution-bin	433	495b1f87c9045f5d770575f102b7efdee58720d6253b468527c4efb2ae717894
bin/presto	distribution-bin	61	761153c0a6c90464ac85e2a4cbae0ad587f23d406ff2ccef73c8d301743f275c
bin/repl	distribution-bin	51	c8e28283fca12ef03fad842c378dc293230323a5ceb1089f7e15544b288e0e5c
bin/repl-jline	distribution-bin	144	753c884c0065e40dbc0183bf3d56ffee63378e6304ae899fe8000abd0a502a57
bin/repl-jline.cmd	distribution-bin	164	5d4d295cecea25906f8685d73ee5d594150def5dade65a5863874fd274346657
bin/repl.cmd	distribution-bin	25	ef215d565e604ec89849ab61d0c1fd86561513fe69fc286d8f2a9d16ad256c1f
bin/rest	distribution-bin	203	92e176f87899048349717a0446b38cce8ff42988c05959416b52a3359f685f73
bin/rest.cmd	distribution-bin	221	ed328d356c518f5ae211cadd0742f13bb388e1d3ad8a354cc0ad3ecef4fdf21c
bin/run	distribution-bin	450	f24bb5b5736e60c6a2677f4b1fce7c7d7696810c217dd110089bdb3a0a09a39d
bin/run.cmd	distribution-bin	164	8a425e3e87347c757da27569fb1ef1da282adbba3bfdd3c5f2a31c0a247118fb
bin/shell	distribution-bin	127	6c274c8b681ef235270293383cc117a0eb9698b484881f00231e3b9d44b97b8d
bin/shell.clj	distribution-bin	1542	b4ab3f464325f7f104f1df29b36d5cebb7b5edf550a3bbff2573fb1b61b81368
bin/shell.cmd	distribution-bin	199	10702588eb04493afaa001e15957a30291113873535ae14da8fac26fe6be16b1
bin/sql/mysql-db.sql	distribution-bin	430	743a75e0e372c69458ea3b69b0a549d97d6a2ed24500fbfb141acc306f0062c3
bin/sql/mysql-table.sql	distribution-bin	269	d552aaeea4f53cada3a2ddd3bbae9e7f037417f017d183503a9579c47bde621a
bin/sql/mysql-user.sql	distribution-bin	174	3275fe4aa2413d17f25a1458ff7103fad5b083f62a57cc4a52482544b0afbc24
bin/sql/oracle-table.sql	distribution-bin	756	2574bf1a203b3c5274a13efa4c0380ed8ad063cb2088488079a5b8d28311bbe1
bin/sql/oracle-user.sql	distribution-bin	360	3228dbb603a25eab96b132d2d982cbee7a12807c8ef05af71196085b8da3cd59
bin/sql/postgres-db.sql	distribution-bin	268	0522c500d4d3834345e3d19332c3ef6ce906ca3d3a8069278a332e09db7c8e4b
bin/sql/postgres-table.sql	distribution-bin	324	b70844253e8f345ded2e5585fd9d0bfab672657ce85ce42c05e13a67d367224f
bin/sql/postgres-user.sql	distribution-bin	71	e1836cafe55cfb3dabfa2d86f0dd089ed3e8d1443206bd27a6ee33ed3cdfd8ba
bin/test	distribution-bin	545	1a49c93de46cc9b0dad1615f753bbd2edae8d0de750958e704e6a7ebfdb8b4e4
bin/transactor	distribution-bin	691	dfca8b1c8d107d0600734f660b7741a7e2abb07dbb5168d7aa0b09595026f88f
bin/transactor.cmd	distribution-bin	428	26fa23cf9b844452fbc1472b17eefe771f4c5221a6c29d32985ed5e77c0c8a46
resources/shell-help.txt	distribution-resource	2540	735a1556f127fcb289c6499904b85bf3fbff9b4e7e34ad8ab9f244fa34e74174
lib/console/datomic-console-0.1.242.jar	optional-console	5969657	64b345bb381528d9beebae285522be91c3fe86b53ceaed1df951ee69ea8aa206
presto-server/plugin/datomic/datomic-presto-0.9.72.jar	optional-presto	157059	a11d56c996139ccfc617c723a6b66fe196ea2da277745a7d2094b2a43864a6f3
