source_path	relationship
com/datomic/impl/peer/ActiveMQInputStream.java	shared
com/datomic/lucene/store/DatomicThunk.java	shared
datomic/Attribute.java	shared
datomic/Connection.java	shared
datomic/Database.java	shared
datomic/Datom.java	shared
datomic/Entity.java	shared
datomic/ListenableFuture.java	shared
datomic/Log.java	shared
datomic/Peer.java	shared
datomic/QueryRequest.java	shared
datomic/Util.java	shared
datomic/functions/Fn.java	shared
datomic/functions/Fn0.java	shared
datomic/functions/Fn1.java	shared
datomic/functions/Fn10.java	shared
datomic/functions/Fn2.java	shared
datomic/functions/Fn3.java	shared
datomic/functions/Fn4.java	shared
datomic/functions/Fn5.java	shared
datomic/functions/Fn6.java	shared
datomic/functions/Fn7.java	shared
datomic/functions/Fn8.java	shared
datomic/functions/Fn9.java	shared
datomic/impl/Circular.java	shared
datomic/impl/Config.java	shared
datomic/impl/Exceptions.java	shared
datomic/impl/FnCacheLoader.java	shared
datomic/impl/JavaByteUtil.java	shared
datomic/impl/LoggedOutputStream.java	shared
datomic/impl/MersenneTwisterFast.java	shared
datomic/impl/ModifiedFNVHash.java	shared
datomic/impl/MurmurHash.java	shared
datomic/impl/PriorityExecutor.java	shared
datomic/impl/Shell.java	shared
datomic/impl/clusterfs/Closed.java	shared
datomic/impl/clusterfs/IClusterFS.java	shared
datomic/impl/db/IDatum.java	shared
datomic/impl/lucene/ClusterDirectory.java	shared
datomic/impl/lucene/ClusterIndexInput.java	shared
datomic/impl/lucene/DirectoryRef.java	shared
datomic/impl/lucene/EmptyIndexInput.java	shared
datomic/impl/lucene/HybridDirectory.java	shared
datomic_jetty/impl/ProxyHandler.java	transactor-only
org/eclipse/jetty/servlets/EventSource.java	transactor-only
org/eclipse/jetty/servlets/EventSourceServlet.java	transactor-only
