namespace	entry	scope	sha256
clojure.core.async.impl.buffers	clojure/core/async/impl/buffers__init.class	bundled	00b3701bde767e6faf92eed207db596193363e8f18ff5aea442ac222666d7b3b
clojure.core.async.impl.channels	clojure/core/async/impl/channels__init.class	bundled	dca96827585ac35dc743b0d430f01873329d287f839c2fd0e6a3088f536f93be
clojure.core.async.impl.concurrent	clojure/core/async/impl/concurrent__init.class	bundled	22eae15d22bb5b7bb46a193a4ae42720c24ef43d45d237b6252cedabf1ff46e5
clojure.core.async.impl.dispatch	clojure/core/async/impl/dispatch__init.class	bundled	721a6de61a1b8cbe8e4d97ef05b61d74fc51f7628d8ee5c57a3497ff89a390a3
clojure.core.async.impl.exec.threadpool	clojure/core/async/impl/exec/threadpool__init.class	bundled	f45085858f92777b64be30fd815b717d29d28edc36420261e983526047c60df4
clojure.core.async.impl.ioc_macros	clojure/core/async/impl/ioc_macros__init.class	bundled	c25fbf18fb937303d1e72ff18bfd1ca163a5afd321a2bbc32f3a44c09947d9a6
clojure.core.async.impl.mutex	clojure/core/async/impl/mutex__init.class	bundled	6290594d8cfd0ce601beb06df0a4ae94bda49e331d96237f5896f11d9a5dee4d
clojure.core.async.impl.protocols	clojure/core/async/impl/protocols__init.class	bundled	1f735d4adeda90478f50e035413787282d19286cb7a748444010d50539835e9c
clojure.core.async.impl.timers	clojure/core/async/impl/timers__init.class	bundled	059fb6f77e0e2a902b23f77a5f0d00363600b87cb234f8d16d4e52340951e7d1
clojure.core.async	clojure/core/async__init.class	bundled	68d215b7feee075bdfdeeb8752ff06e2cad133e228d9f981203e17661ca43d40
clojure.core.cache	clojure/core/cache__init.class	bundled	877432839b18929cec90db53ddc89116809867a879c9b4dbc783b58d9a038029
clojure.core.memoize	clojure/core/memoize__init.class	bundled	69bcf528143e4151f4f86a75ad2bbf712c3790f0313907eae75c31d04c288350
clojure.data.csv	clojure/data/csv__init.class	bundled	db875dae19ed8bc3eb8ba8081f9af0b414e68d2618ac652927f8bb5adfd962f5
clojure.data.json	clojure/data/json__init.class	bundled	071f3a0b246c1239f981ca64af0845cde31cb560eb8f4655f990432d7bd60994
clojure.data.priority_map	clojure/data/priority_map__init.class	bundled	af2a105a33f32dd98926b6265038df1e3e46a0e398c0a914ea05c836b3881baa
clojure.java.jmx	clojure/java/jmx__init.class	bundled	c06f146c25b88662a1a9394398bf3c5fa6dfc2c4841af81128f47cf6e9e9e742
clojure.tools.analyzer.ast	clojure/tools/analyzer/ast__init.class	bundled	27ae2546279e2afd21a743cae9be8845aeacf0f5459b6e721e88d3823a8f80ab
clojure.tools.analyzer.env	clojure/tools/analyzer/env__init.class	bundled	0d1330bad78ed431c5e62c41cba5a81d22de9e0e972d2c300c695fd0ab69ac88
clojure.tools.analyzer.jvm.utils	clojure/tools/analyzer/jvm/utils__init.class	bundled	1c26a341ee299988d52996e1f2870b227dd73aedf0d13c3eb6781fe8b6e2b581
clojure.tools.analyzer.jvm	clojure/tools/analyzer/jvm__init.class	bundled	86768b42d0cbf7b67af8defd2fc5fd62e6463a4b24a73fabac572d6bb254e1ea
clojure.tools.analyzer.passes.add_binding_atom	clojure/tools/analyzer/passes/add_binding_atom__init.class	bundled	0152c01123a7c8a5b4f6c43ca97e3313893fb4e0babff3ea088340d8b44f6b2a
clojure.tools.analyzer.passes.cleanup	clojure/tools/analyzer/passes/cleanup__init.class	bundled	abf3a62b804a46023838b6c8176c56d0ba9effa8ad8573bc3b932cc434411755
clojure.tools.analyzer.passes.constant_lifter	clojure/tools/analyzer/passes/constant_lifter__init.class	bundled	1beea66cd7c1143d03d4b25fc1973c367bfb2bb78f14c57a67727b97e7fb537d
clojure.tools.analyzer.passes.elide_meta	clojure/tools/analyzer/passes/elide_meta__init.class	bundled	66345b1c468cd54abf677d442b488933559558224073893f0f15fed148b93c24
clojure.tools.analyzer.passes.emit_form	clojure/tools/analyzer/passes/emit_form__init.class	bundled	c8a8751104a10ed5e2c85a9498a6b20f6609ecee90a2faa78f774b8850038c8a
clojure.tools.analyzer.passes.jvm.analyze_host_expr	clojure/tools/analyzer/passes/jvm/analyze_host_expr__init.class	bundled	9f6fbf747b0791c065e43897af28a64426710bf4f87ed536cd790745bd3c651f
clojure.tools.analyzer.passes.jvm.annotate_host_info	clojure/tools/analyzer/passes/jvm/annotate_host_info__init.class	bundled	d61e54a1dec39ef377ec47d0ab3cd2f11a04f9a254d0aeae01426bd7782a9ceb
clojure.tools.analyzer.passes.jvm.annotate_loops	clojure/tools/analyzer/passes/jvm/annotate_loops__init.class	bundled	f6120afad3409fcb70f71e992263bdf35237a37408dd906e721537b65ee8206a
clojure.tools.analyzer.passes.jvm.annotate_tag	clojure/tools/analyzer/passes/jvm/annotate_tag__init.class	bundled	617ae62424973cdf24d81b9876f860fcb5ced2de034fb0167ee7d58dab3ff1ec
clojure.tools.analyzer.passes.jvm.box	clojure/tools/analyzer/passes/jvm/box__init.class	bundled	b56d87b2df3384d5957a02ee6b068c3c24f3cda5a499a410bdf0783a5963b41f
clojure.tools.analyzer.passes.jvm.classify_invoke	clojure/tools/analyzer/passes/jvm/classify_invoke__init.class	bundled	b2261330e1f4cacd526cf9cf166ea6dbbc31183226336ae36bfa8a07835f053f
clojure.tools.analyzer.passes.jvm.constant_lifter	clojure/tools/analyzer/passes/jvm/constant_lifter__init.class	bundled	ace6192b6abf782b3882d00fcf4047817c1ad14395545231fd716c5fcd8b90a6
clojure.tools.analyzer.passes.jvm.emit_form	clojure/tools/analyzer/passes/jvm/emit_form__init.class	bundled	fb79c3e4d0df5c56eaac0c61a8d1bb4f8f65379af1ac4ec9f4f747e682ef6315
clojure.tools.analyzer.passes.jvm.fix_case_test	clojure/tools/analyzer/passes/jvm/fix_case_test__init.class	bundled	7098626a19e6a75f8df1b0e776045ad8a38964e10cf6fbd0689b60afb68084c1
clojure.tools.analyzer.passes.jvm.infer_tag	clojure/tools/analyzer/passes/jvm/infer_tag__init.class	bundled	bbc1ed185c81c33783695607e1cf80e3ba1ad429f03f52ad32bd946c5fa80dc2
clojure.tools.analyzer.passes.jvm.validate	clojure/tools/analyzer/passes/jvm/validate__init.class	bundled	8c17fee9fd856ffc2739305fa817c1de0fa9da19976ed6920be897e43d736ce4
clojure.tools.analyzer.passes.jvm.validate_loop_locals	clojure/tools/analyzer/passes/jvm/validate_loop_locals__init.class	bundled	2de3c4ed1490583736598b83287fc812833c8bcbd162f68c2a7d352882f93ee5
clojure.tools.analyzer.passes.jvm.validate_recur	clojure/tools/analyzer/passes/jvm/validate_recur__init.class	bundled	1202287849f2fc7c517b9006d89c50b14b68f26c3d587d1a88b0fd874ddabe1b
clojure.tools.analyzer.passes.jvm.warn_on_reflection	clojure/tools/analyzer/passes/jvm/warn_on_reflection__init.class	bundled	601fa98751e8fd1ac7083ae17298dd9c6d986d979fb92897f8a3e01260bea559
clojure.tools.analyzer.passes.source_info	clojure/tools/analyzer/passes/source_info__init.class	bundled	8152f6aeead67c563c792b49aaf78870c5c93491d7f5b3bda2b00e7957887de3
clojure.tools.analyzer.passes.trim	clojure/tools/analyzer/passes/trim__init.class	bundled	764b7d0aec1091a55d9b7db774248fa1f39079b16227ecbac8563a9f02527a49
clojure.tools.analyzer.passes.uniquify	clojure/tools/analyzer/passes/uniquify__init.class	bundled	91951e079d94ed3bea8b1b9ae71df6ba946389678957472ccc38d91f34315aa4
clojure.tools.analyzer.passes.warn_earmuff	clojure/tools/analyzer/passes/warn_earmuff__init.class	bundled	fa2c87fb171377975a7c52a71f9533dce77fd6c48afc35536da4907a68e3e020
clojure.tools.analyzer.passes	clojure/tools/analyzer/passes__init.class	bundled	5c91d887d45d60ec1c5f2d3e00cce830244aa28aa2d7072c782a6b5e5564c414
clojure.tools.analyzer.utils	clojure/tools/analyzer/utils__init.class	bundled	9a2ea93ca68b7250f86b58929943f4097be0154e1b201dbc6444c0ae4f24aa8b
clojure.tools.analyzer	clojure/tools/analyzer__init.class	bundled	79bbea2b285105099f27b704618b15417e915b5f6f0f57cfd634128e07542403
clojure.tools.cli	clojure/tools/cli__init.class	bundled	a0e824ac425cfe81c6e925357164595f6867787099f70260e2f12b7ee8530101
clojure.tools.reader.default_data_readers	clojure/tools/reader/default_data_readers__init.class	bundled	f65eed81f780ddafd03d513844c703e9f495df4794533292a59026bdf44d0ea0
clojure.tools.reader.impl.commons	clojure/tools/reader/impl/commons__init.class	bundled	f55d544d89aa8dc4f81ebc760a38614da63bd0fd17989bd78705e97bdeba2bf6
clojure.tools.reader.impl.errors	clojure/tools/reader/impl/errors__init.class	bundled	c2a0fba7b5d4f4b790cef6548f3fe832782d03a698f77c0fe61a2341caacdc2a
clojure.tools.reader.impl.inspect	clojure/tools/reader/impl/inspect__init.class	bundled	83617e461a2ce4e36e4b459e78c17ec7edc83e52a841c44a02bc84fb6adb6f2f
clojure.tools.reader.impl.utils	clojure/tools/reader/impl/utils__init.class	bundled	b0825ede2e7f718f4e5667ac6dcb8ea93ad18a714692b910dad0fb1cf195ff32
clojure.tools.reader.reader_types	clojure/tools/reader/reader_types__init.class	bundled	9372a954353bbad97022185ec47f688be651224043cda41e90fe8bbe48f0bcce
clojure.tools.reader	clojure/tools/reader__init.class	bundled	9065f0390813bfdc726208ca3646225a9bf8d4f76b2f784331d43ec5f90dd9b0
cognitect.anomalies	cognitect/anomalies__init.class	bundled	0c33640aa1d56f5d7b66acd14f16d8b394dfc107a29224b708b08441b3979616
cognitect.hmac_authn	cognitect/hmac_authn__init.class	bundled	ed32bf435b1057eeb469a8695dd388cb4e48cf139fccd44e91577664ecac890a
cognitect.http_client.specs	cognitect/http_client/specs__init.class	bundled	d302edd101e6e1f8e437cc0680980294643f8a4d7b85711bb48c8e99f24d1ac4
cognitect.http_client	cognitect/http_client__init.class	bundled	5f312645ee9f35c4d6b0c13866d9ce1d54f741da0c09c33df1315fc8d6aa7ecc
cognitect.nano_impl.aws_detect	cognitect/nano_impl/aws_detect__init.class	bundled	675bd78ea080afe6f67a1ff7fb903fdf4e400b52b934d364769b54fe016a286d
cognitect.nano_impl.marshaling	cognitect/nano_impl/marshaling__init.class	bundled	8ab5b53e36d9edae266e7a2a8da477b0e2c395d37f5742151069b42c52fdb5d8
cognitect.nano_impl.registration	cognitect/nano_impl/registration__init.class	bundled	2aad55e768d5102f4b0573d8edf3c9dd81c78dea09960ec3091907774d2b0b72
cognitect.nano_impl.server	cognitect/nano_impl/server__init.class	bundled	ebbd0d114d3e03a47afa7f92b21a594f23b2b07b7627173bc8b4073956f4a9e9
cognitect.nano_impl	cognitect/nano_impl__init.class	bundled	f8e23f07110213b0bcf2b040c70d434d4b542955c4dd2d3cb74f3b80c317fe86
cognitect.transit	cognitect/transit__init.class	bundled	bdf880982705838b6c37d77a52646b2f606273b2ed1ca6376d0c07b89010d9ac
datomic.adopter	datomic/adopter__init.class	datomic	a2baab834db3d5974724cae58a568decdd1b7987a025181c7df0cac8bda586da
datomic.aggregation	datomic/aggregation__init.class	datomic	55a31558ca09660bd9131c60143958103df45bc5ad2a0bec97804e64feacf7d4
datomic.api	datomic/api__init.class	datomic	334c8c9c29df7bb1ff0ee402472e8a973cf8d7672a1a03a677e4f836fe0159d1
datomic.artemis_client	datomic/artemis_client__init.class	datomic	9e9e71764d0db644b008dec4affc6a51cd749063cb6fa6fe99a8dc1770989549
datomic.artemis_server	datomic/artemis_server__init.class	datomic	03377466403209dfbf60141778f88d5aa42374e6d1cb31c4d65ee04402f2a001
datomic.assert	datomic/assert__init.class	datomic	e5131f7b488956da58503d88b134801e95f0ff7ef93b9a2ef4c0cc9cb2711197
datomic.async	datomic/async__init.class	datomic	7c88bf1c68dda742dfe48384b4c910d894df2a878943d39e3d90d43da6eed76d
datomic.aws	datomic/aws__init.class	datomic	03d111a914cb4dec3e8a399d70f3c407cd136c2136b868bb4f11dc1bc8968b95
datomic.aws_detect	datomic/aws_detect__init.class	datomic	3bf1cf30023e8d2293708014699e1071bf2288dc7503e663ac8a204649402d35
datomic.aws_monitor	datomic/aws_monitor__init.class	datomic	bdbac87d25c74ddd9b24e7dc141f447cc449caff589e01015812cea275b8d21d
datomic.backup	datomic/backup__init.class	datomic	8f8f4d7ef5a51c6e8298574715430d6679c31a22273ea064a62110df40c75e3c
datomic.backup_cli	datomic/backup_cli__init.class	datomic	8e69715ec8d8333d0b9f52b4ff9b2daa69b352f533beea69a076f0ae8b9d436f
datomic.btset	datomic/btset__init.class	datomic	481f69d4bc624f88ca628c78c099066b41fce232aecd803c74393c64e846eb6b
datomic.builtins	datomic/builtins__init.class	datomic	e694ac33bcd74c7ea7c51b9dd0d9eb9b053218df0fc8fd37e3f66af261038107
datomic.cache.caffeine	datomic/cache/caffeine__init.class	datomic	3cc79e141fe5031a8b193dfc68a49aaa74cf9d06a1c8d483d7514bca28a6cd6a
datomic.cache.impl	datomic/cache/impl__init.class	datomic	1f8b837bba78bb86424e33cebbdadcf9463f023177eed901112e9d1bdb681780
datomic.cache	datomic/cache__init.class	datomic	f39e69190378cddba5c717f00da465f2cff70cfe80d48de713691067f51305a0
datomic.callback	datomic/callback__init.class	datomic	f27578d5b1d8125c4478c40794cf10888dda7cc7d69f4fadbe5507fd0083d005
datomic.cassandra	datomic/cassandra__init.class	datomic	80117502ef511b8f62489e8f4bc2167c4e87d844dca60727223c451a1aa79a84
datomic.cassandra_v4	datomic/cassandra_v4__init.class	datomic	bd7ce80f8dbbe40e1ef4a96a14aa278aeee3f52f968f5a80a224a4215bd82cb4
datomic.cassandra_values	datomic/cassandra_values__init.class	datomic	2107e11a489e9c02820905026967d0fef91f95495ef00947cdd9a6a5b7e2f44d
datomic.cassandra_values_v4	datomic/cassandra_values_v4__init.class	datomic	6b53ca25daca4fd1acfe6cb8b6239c4b8b44272c30289b0777925f119f7f1c22
datomic.cast2slf4j.peer_server	datomic/cast2slf4j/peer_server__init.class	datomic	accd09242be8469423831d107e2703f00a5f5f7caf03a16b09a9bff5399f61e4
datomic.cast2slf4j	datomic/cast2slf4j__init.class	datomic	dea9c24ebae4ffa1c868b4b15f5bf14c9755b6c9824c3ef6851656f8feac8af8
datomic.catalog	datomic/catalog__init.class	datomic	8e07fd4500466bd586772449d65cd61216bc0da0fcd433ad75280ffe99bcf696
datomic.cleanup	datomic/cleanup__init.class	datomic	6faa7325e50daf0b015a7578b4bf95cc17c3457100b711e3305e8ea8390f2c15
datomic.cli	datomic/cli__init.class	datomic	154ccd0eb18c1e4f077301a1bfbec1f87a77395d716dbac10dc4f5b51103615a
datomic.client_server.auth	datomic/client_server/auth__init.class	datomic	fe7454cbf17486676faf2bc05f0bd6b7f0b9e5fa5484c7417aee3424b6421953
datomic.client_server.marshaling	datomic/client_server/marshaling__init.class	datomic	adce4b5641ccc4793747f62ce7d4e1cfaa8d7940f89c42d1e6b3ac9e83a3af42
datomic.client_server.spi_support	datomic/client_server/spi_support__init.class	datomic	55588238c46625d09ffdbca4037bc5ecbc5e19b0803a38eae11e327efd390dae
datomic.cloudformation	datomic/cloudformation__init.class	datomic	bbfda5f0889bf8a1f8ad259f16b986ee499ff8ab388606fec63d9c37f7185537
datomic.cloudwatch	datomic/cloudwatch__init.class	datomic	9e09b223f3216de8a5e961f3346843d8ace4085281584bcdb8228ad877034d99
datomic.cluster	datomic/cluster__init.class	datomic	7fef82c55f68a580db9d705dfa8e67b8069b7006d992fe415654e08734895b60
datomic.cluster_stack	datomic/cluster_stack__init.class	datomic	d6953304f30b7000c3a13cb649df5e85aadeead76bb94a834c49767a4678c22f
datomic.clusterfs	datomic/clusterfs__init.class	datomic	61c73d46280edd7a71de5f4aafac39d73b66dd0f9d43da52da42d30d3756e3b1
datomic.codec	datomic/codec__init.class	datomic	8f78c2b09998d6f3fafb0f2e6b5b460fddce5bba52eaf3501c3247a5c3461486
datomic.combined_cluster	datomic/combined_cluster__init.class	datomic	d7d839b5a72e4279a1c54235e7c24f7ff2f7a7a953def6ef25440a5b882000c0
datomic.common	datomic/common__init.class	datomic	e4ea04ff4e3c3455f3272fdaca6c6784e6abaac88f59184cba9afb789f17f978
datomic.config	datomic/config__init.class	datomic	28106128372e6c4c192ca41e6490cb97585bfc843813abb37ff176966e936bbd
datomic.config_ext	datomic/config_ext__init.class	datomic	fd30156595cbe14da686eebade2cbf65f022197110d4222d240125855b5dd27a
datomic.connector	datomic/connector__init.class	datomic	243897521544450e1fdb3f9ee48fa1078faca982031644b6d8ff199b57e445fd
datomic.coordination	datomic/coordination__init.class	datomic	9fa153c5f7f304c34f707caf0a35bd0efa5c8f2164a74a8bc80dce0635c89a25
datomic.coordination_ext	datomic/coordination_ext__init.class	datomic	7db64019cd221d783f4affe6a17cb2feff47f11e956f26d2396fe1abcc02fcf0
datomic.crypto	datomic/crypto__init.class	datomic	d4ed420213ded133ed1db8c4cd86c4bf7d092edf6cdf1a917b770b7f7ef8c51e
datomic.data	datomic/data__init.class	datomic	d68db0fa70ad9c30ee30a645461499de41a5738aacdfe4e6a09e3ec5fe80163c
datomic.datafy	datomic/datafy__init.class	datomic	1f3465511f95d0c8a093c0a7ace328b08f25b0bdedcd795942d94963a9463e71
datomic.datalog	datomic/datalog__init.class	datomic	ee8faba4f5ea7527c23461ab946ae7a681cd48ef41d8e3c0f9cd93d5b046e167
datomic.db.specs	datomic/db/specs__init.class	datomic	f579be80211fab2386e2c4c8618e003e2860e82da18ddb352720b6be058167e9
datomic.db	datomic/db__init.class	datomic	e59822e61d6ea86e0bb11ddd7cc2050d49d67a06682d15182d89a5a79dda2e9c
datomic.db_io	datomic/db_io__init.class	datomic	663f5fc1fc7a624af96752779be1a58b0c2aafae40e52466f4b7e7817f3ee971
datomic.ddb	datomic/ddb__init.class	datomic	5cf0049f91f9214455e9557a9d65a9ee47f4710ab6d68f340b425a4b35e78247
datomic.ddb_cluster	datomic/ddb_cluster__init.class	datomic	7a8d451b2641fc9264334337ace7820ec48fe68bb44b677110167a076d151fbb
datomic.ddb_s3_cluster	datomic/ddb_s3_cluster__init.class	datomic	20a9b209919748f40bd037dc994f438e6f42bcb922ef0488ec3c5d04e5afb484
datomic.ddb_values	datomic/ddb_values__init.class	datomic	89e94b84671cbb25d172de911b3a7c8881b85dbfe47421b0e81a12300c416348
datomic.domain	datomic/domain__init.class	datomic	05bff221a0e5f52472f45f3a27c55faf12e7ce1eb4ff7b2f57d684b5998c81e7
datomic.ec2	datomic/ec2__init.class	datomic	21eff65b32153cb9372571bea37ff4ec62be312fdd08b98b8079c66d257b8c9a
datomic.error	datomic/error__init.class	datomic	9ff765a5edbb27460604b6ef61a9b1a8a36a5b7b2ae74f6256e12d5977276df7
datomic.excise	datomic/excise__init.class	datomic	63c520ee6437967ca094469e05690eecdddc1c868178b4d3e4d7758abdc04f4b
datomic.extension_resolver	datomic/extension_resolver__init.class	datomic	997815618002831def27c63b57caa99cd5c23f36c96fe25ad69c809c64c936bd
datomic.extensions	datomic/extensions__init.class	datomic	9cbdbdf75f5de9f8c9e46b8e9bc2615663b089dffae941396db161ffb87f6d10
datomic.external_sort	datomic/external_sort__init.class	datomic	18daed72ec5be9675b1682ae1f0e6fb0744461591cc3716aefecd45a68277df2
datomic.external_sort_datoms	datomic/external_sort_datoms__init.class	datomic	557f4338ef796711519533137aef011f42aded66559c58cd2532631f8395842b
datomic.fressian	datomic/fressian__init.class	datomic	d7ba61f8ee071e07620d13fb552162957539b9a214e08018465b960944725c3d
datomic.fsbackup	datomic/fsbackup__init.class	datomic	73386734a80dd0eeb977a5c3647a6eb8c33c855cd34b9c8814b39a84dd30208e
datomic.fulltext	datomic/fulltext__init.class	datomic	9e516fd1f76c21d11387896f4023f0852d8fd00f0a96c947de855c4a896d6918
datomic.fulltext_index	datomic/fulltext_index__init.class	datomic	0a0fc5db2082279dba33527c91e34b509d93307a29847ad410ad5ef6c8c1e141
datomic.function	datomic/function__init.class	datomic	35e85ea285d7b0d1ace10d8aeb325740643145571adb34b318ed7e500ec9602f
datomic.future	datomic/future__init.class	datomic	0578f1db365c06928d2e5d028a068f01b4e9e544facaf95a652934e02ea3aa76
datomic.garbage.fressian	datomic/garbage/fressian__init.class	datomic	d9c22d57397320d2f598fac7ee1aff2a5c9fea803d4fa27169161715bcb20741
datomic.garbage.pod	datomic/garbage/pod__init.class	datomic	83990ae0abd78c0298f532f03e36671137663c76cb05ae0b7fc4ae68dc693567
datomic.garbage	datomic/garbage__init.class	datomic	89eb4396c794f4269f2b027e807fa3723acb0a0a99619c511ce3bfcf133be419
datomic.h2	datomic/h2__init.class	datomic	5998fbdceca7325be58e59663580339ec04e1e6baae83409817926e2022a611a
datomic.iam	datomic/iam__init.class	datomic	702697a3b34815066ea8bcecceef4eda51748d949196f7e47d1db2cb557208f9
datomic.index	datomic/index__init.class	datomic	f473d59b693aec277a41275677bebf74b40fa23d9301fe284d7c86016f00ce0d
datomic.indexer	datomic/indexer__init.class	datomic	1870def1813a932a161c0c4c4abeabf523014b6c0784307f2913c62682959eb5
datomic.integrity	datomic/integrity__init.class	datomic	198a06c188ae050f5ada1932d06c7d020687d17497d85249b8cf74d11f6b35ff
datomic.io	datomic/io__init.class	datomic	2c11af6f8c4bfab1f87fa1c8badf6d195fa98994bb4660b2315f99731c658eff
datomic.iter	datomic/iter__init.class	datomic	ca6dcc16af6e9ccdd462e506483b4250bcd5755dfb9f0718a578c7f48dc57768
datomic.janino	datomic/janino__init.class	datomic	e574599de64ef084e22a9754a8d5a858031493ecb9c372c65488b38c25532c1e
datomic.jar	datomic/jar__init.class	datomic	6431d5aad09c9322214728060ec8b7ca5047e0a96d48d1731b2a7c694c5913f4
datomic.jetty	datomic/jetty__init.class	datomic	d8694d9f735931aa4c31b2b0ad9ab69a968ece04c2a9a1edea9d8fb67d5ed696
datomic.kv_cache	datomic/kv_cache__init.class	datomic	f6ac1fcab08aba62baff7569ab8d19970989f630cdc1d37a3eb8724b8e802fca
datomic.kv_cassandra2	datomic/kv_cassandra2__init.class	datomic	b5020f4c2cbaa99976cceac9d45469256ed94769340d0151d544b57cd7ea0a06
datomic.kv_cassandra3	datomic/kv_cassandra3__init.class	datomic	2207b1877ca1aa5518479f0a214b72aff4c3324fd0615fd1e22563615af07649
datomic.kv_cassandra	datomic/kv_cassandra__init.class	datomic	29c22265ca1bd5be091476c723632025891a4217a772c1f775cb2a85d676ed00
datomic.kv_cluster	datomic/kv_cluster__init.class	datomic	17cbdc0522779207dc18b430ce9208baeef04ef29b4c3e3044b09dafce08adee
datomic.kv_dynamo	datomic/kv_dynamo__init.class	datomic	ac9d243a4ab211e360a66560018878febce1a32c596008d43db1b7842da60cf2
datomic.kv_dynamo_skv	datomic/kv_dynamo_skv__init.class	datomic	89a0ba9f0845cb37ff85e988f0b79280abb42990c33a4444a7c3940752c20aa5
datomic.kv_hotrod	datomic/kv_hotrod__init.class	datomic	9d58ce4354a28d8f02de3b1330c32d23a581f38277a7c032d4c860519aa45fe7
datomic.kv_mem	datomic/kv_mem__init.class	datomic	be60b0c28e71d92234ccac2d3abf0b2bb44b8396f147c73231c075e2e8895bb1
datomic.kv_sql	datomic/kv_sql__init.class	datomic	e1fa9a5ac3c20082c7db08e4afe7a7768b50aef78b86417c9d8f87b70cc22885
datomic.kv_sql_ext	datomic/kv_sql_ext__init.class	datomic	9d674cf3c92f1c17743807178d9936fce7611423b6360c1b06b6bef612508496
datomic.kv_store	datomic/kv_store__init.class	datomic	97399045855884b65cb23f918483cbe8b9d31f870119e00872c43c226e64b581
datomic.launcher	datomic/launcher__init.class	datomic	ba2f8159a631dc9ae8e7c7e085d0a7e4c06492f4f1fdfb69d6ac93d934b7974e
datomic.lifecycle	datomic/lifecycle__init.class	datomic	a7178d8a811e8152d9f2278129ad8db12b8f053693cae9fe2716f892f719ac1f
datomic.lifecycle_ext	datomic/lifecycle_ext__init.class	datomic	a23df0757867d5cf13dc93cced6b154eb7e864ca840eb04c3fddfa783bae8ee0
datomic.log.specs	datomic/log/specs__init.class	datomic	7c85245cd7281dec346586ba3b5acf2d15f89f61b8cb0b9f5cf132c0484701cc
datomic.log	datomic/log__init.class	datomic	19d729e19fb0a4af79317fc8d0eb1395ec8e120f54ec4d1838a013f86c9f2dfe
datomic.log_gc	datomic/log_gc__init.class	datomic	65c137f29fe4b21d36c915e3bac537b309b676e275598b24c0ae4fcba90b130e
datomic.logrotate	datomic/logrotate__init.class	datomic	f94c99365d0c01edc8d131ebb1d2791fe385b0c7bfa69f3c90395cddf40b7058
datomic.lucene	datomic/lucene__init.class	datomic	ae5d47b875246760556eeab9c599404bbc3dc37aa0303ee04821e7e9c9c4007c
datomic.math	datomic/math__init.class	datomic	12a54ec0cd9b1302ce550ee3ccc5f0db51a687d5f6822f86bc6b45d6a3548573
datomic.memcached	datomic/memcached__init.class	datomic	8172331373a75a2f33b500095ecbc5cea6a482d56ec87828b4e9ceab28cf2215
datomic.memory	datomic/memory__init.class	datomic	d30c70e980dbe4a6f3e734645ef480ea12be08ae9c7c11eb8a013b232ab4b1de
datomic.memory_size	datomic/memory_size__init.class	datomic	d26a2e79e846a2c4997126383cfaad7b0fb6eafddc9619cdf7cc19bdd267bc99
datomic.monitor	datomic/monitor__init.class	datomic	f09fc9f3c40edfe5210ba7291054007a26586f049e2b5deec9ff7ad2a516f8af
datomic.peer	datomic/peer__init.class	datomic	db416c28d3545ea4c7b306ddf26f3bc7a1c6814fc47eeef26af5c5a5303b019e
datomic.peer_client	datomic/peer_client__init.class	datomic	46c777b579813b5415909229d6c501e8359de11cebc86c1c037a7089e87f4714
datomic.peer_server	datomic/peer_server__init.class	datomic	62e5d0970213b2b25ce77ff5e4211ca795464e64271dfbac5c47afe32d334ac3
datomic.process.events	datomic/process/events__init.class	datomic	93eb8b8dcd160480fac8479bbfe878abfbc26136dc800bf254f1f55dae047710
datomic.process	datomic/process__init.class	datomic	ff22634bbcbc57c94b9b6eaa93494923c81a8b623a87501192761023581bf7c6
datomic.process_monitor	datomic/process_monitor__init.class	datomic	c081ebb2a30fe50b6e13afb4e380ac4ef24f647d83bd4c768529a9e6a2238228
datomic.promise	datomic/promise__init.class	datomic	efe730f9658d365c6681b153e99cd4cf77c2f7617d9fc3310dadfebd29a743ae
datomic.provisioning.aws	datomic/provisioning/aws__init.class	datomic	21c6188dc098b81745d9f4c1e412dbaf7c56045716c9afa7aa6ef5b5a673a7b7
datomic.pull	datomic/pull__init.class	datomic	691d6f944e6c8fc5e08b325f8dc50af8670a25488227f27709559d485713ac6c
datomic.qtune	datomic/qtune__init.class	datomic	fe35873531313b2fa04c8c21fd0f3ed1696dcc032d9b6cfbd64ac1c27dd9680a
datomic.query.support	datomic/query/support__init.class	datomic	b6347dc1052a891b042517b66edf605682815516c80608c10c3d91f3f77fceb0
datomic.query	datomic/query__init.class	datomic	db5aeac4fe693b93d1ff894b5f609581e82e75d5483db5a920a6779cf2dc5e70
datomic.queue	datomic/queue__init.class	datomic	f370a69bc807279f6090233741f5032cde4cbb66b24b66902b597eca20d81e83
datomic.reconnector2	datomic/reconnector2__init.class	datomic	7e49fadb0ba3f7f4d7d91c8d32c283503fe390ee7ca7a5686e41658047a65462
datomic.require	datomic/require__init.class	datomic	58a40a539c1dc0d362e429e8b7487798f341076b8c55e0abd2c310eb9c54a208
datomic.rest	datomic/rest__init.class	datomic	e154f1a2d8d2114c6f5b99e2e02639d4bc72c101394a0016839426ca2e216aa3
datomic.s3	datomic/s3__init.class	datomic	c410fca04a147f3b011b39265426f92316b18a595e140c55e4c85b65eb88b5dd
datomic.s3_api	datomic/s3_api__init.class	datomic	5b1522de7d39d9c7e99f7e993c75bdac9122e9f2e9820e0188d073e73bf16bf7
datomic.s3_kv	datomic/s3_kv__init.class	datomic	9b4a7d7f016113f7840fadd8b15c7bbd33af0f2eb1a16a035424bd267bac8d95
datomic.s3backup	datomic/s3backup__init.class	datomic	2a596da2ee369753c1c1202dacf8d977b179ecc22f76528dd77425c50d60f31c
datomic.simple_kv	datomic/simple_kv__init.class	datomic	1d3964e1fb5c5af4e3efd427d57a0041a3968e8b1f9c49580c5273ac3c0557e7
datomic.slf4j.bridge	datomic/slf4j/bridge__init.class	datomic	e46baa7bb79d75b0a795279b56d12683d6749f472cccf355233ae9f706c16bc0
datomic.slf4j	datomic/slf4j__init.class	datomic	93fca7e0ce8ae62f5266a46559b571f5d21ecceb5b50e4625e4ca8900417ecf6
datomic.spec	datomic/spec__init.class	datomic	d6760efc6062d99910c7075401367692f581916498aa0fb8c3bc273f564c1b4a
datomic.specs	datomic/specs__init.class	datomic	f29217bd48981b4b76e957cbbb10de0b361154882a99706dd65a3b9db85c4d5d
datomic.sql	datomic/sql__init.class	datomic	65d22b9cdcaf9ad039fca79e804de5fe2b68d95267efec0457cdf1289fe846a1
datomic.stats	datomic/stats__init.class	datomic	71d87371628c87b6c48dd6934880c8f8433a327a54277a30c240ca1877d1565e
datomic.summary	datomic/summary__init.class	datomic	ed1f2507ec61c3d289564c64ccb9cfa156d6566b7bf893f116de033272c54f38
datomic.tools.detect_865	datomic/tools/detect_865__init.class	datomic	f398e5bc46afba16b1ec27bf239c14f4ffe22195c8bc38e51ee7dd51162c5a65
datomic.tools.filter_index	datomic/tools/filter_index__init.class	datomic	5bf7720a75a4b07dbd5701d0987c3405c6b8146fd5daa2661700244d07b1a0e4
datomic.tools.gc_db	datomic/tools/gc_db__init.class	datomic	7c233cdac4f3f887ab52c4aed12d164d81cb75de19e0ebd0494426576bd7c5f4
datomic.tools.index_checks	datomic/tools/index_checks__init.class	datomic	4bea3cde55f7b49fe082c3e96c0ba293e28fa7b743c581e5d32fdbb545cf3cd6
datomic.tools.index_stats	datomic/tools/index_stats__init.class	datomic	703a16cb1109ed194ca2c12918f0ba8e124a6e5a14c12c922a5a9282dac3502a
datomic.tools.locate_transactor	datomic/tools/locate_transactor__init.class	datomic	a03ddf1c765060ceb0ff9bffae1318ef9fdbf51369d9942098f6d822cf155024
datomic.tools.log_tools	datomic/tools/log_tools__init.class	datomic	f253746ebb346c73b1a7b150d40b18e786e9570481fb330a87f52f170eaba206
datomic.tools.postdiag_865	datomic/tools/postdiag_865__init.class	datomic	41824d098c721f7bcb3ec5c6cb664a5d81605c9b61fba1c3942a44151f5f14af
datomic.tools.read_segment	datomic/tools/read_segment__init.class	datomic	e6694dee706baa5f66cbe3a83a8f0a3fc7639e76fd37479c62b1af5ed6213908
datomic.tools.rebuild_index	datomic/tools/rebuild_index__init.class	datomic	586cc96f5b9b3dd6c080484f7849e70085c1ce865ae7e72a8fffae4e1a171bfc
datomic.tools.rebuild_log_leaf	datomic/tools/rebuild_log_leaf__init.class	datomic	2d079064d133090e1685416eae3435b09b3d479a10a8783ef4561f3be7fb2127
datomic.tools.rebuild_log_root	datomic/tools/rebuild_log_root__init.class	datomic	e304b80ca82b2108640fd6ad5821da035a786db4033f9c3b3df5916f8fb6d5d1
datomic.tools.repair_1455	datomic/tools/repair_1455__init.class	datomic	946e3217af601b3a330097e92f65b71130726d8c4080358c4634c6fcdb3dc8c8
datomic.tools.repair_865	datomic/tools/repair_865__init.class	datomic	3e22ed048af2afd615a63178f7e8592b1c15dc7887ef9c0086c460c4db424ffe
datomic.tools.restore_log_root	datomic/tools/restore_log_root__init.class	datomic	6ffb227b0a5d9fe51edd2115518103db656c782e74ae9f6726f8ba45da01b181
datomic.tools	datomic/tools__init.class	datomic	a4979f220c9fbdd12840866000a7edb5c2c270d2a939e34dc056ea6d8060a0e1
datomic.transaction	datomic/transaction__init.class	datomic	5999d54a12ecfc79307d6f99e308e95756ffb8c45bb9f57b3aeee6c72390f716
datomic.transactor	datomic/transactor__init.class	datomic	0ffc1597eac688541bef85ad0e84320b59a161e27ece38db2656798aa6b32c4e
datomic.transactor_ext	datomic/transactor_ext__init.class	datomic	b666a5dedc351b5cc0bac505fc661c3b2277c577d57bfa525b270f3cab6b16fe
datomic.treewalk	datomic/treewalk__init.class	datomic	0aa496dc0daef9a984ce59f1fd7c105c3a712a9a76a3a3b6b25c0a44351bd298
datomic.update	datomic/update__init.class	datomic	a43a14c40a2f7de10c0ee8f1ad1e90bae14c3acc973575d910c787b14823cee9
datomic.uri	datomic/uri__init.class	datomic	2bb9cc7ecc3468b97150b4b3684c5b663c4c37f56ee213d3e1373b8343e282a7
datomic.val_cluster	datomic/val_cluster__init.class	datomic	3f46093938d3641cf5946255b037c2ba559f02a068f39b21a0c5a4e223eafa51
datomic.valcache.puts_pool	datomic/valcache/puts_pool__init.class	datomic	72071492c13ac95def1216498b1b378051c6cb2da06b1ab4a250b615bc7d95fb
datomic.valcache.puts_pool_impl	datomic/valcache/puts_pool_impl__init.class	datomic	8902538922fcb411bd04ce37fcb9657098ac8d6d11343d7534aa896c87e24ae6
datomic.valcache	datomic/valcache__init.class	datomic	4240f87f9d2d0c21cfa9fb96af817b9a589d1302ad83a28d9fa4a2303ed131af
datomic.valcache_direct	datomic/valcache_direct__init.class	datomic	1479ee9ead6665cec6ff2cad4877d9e944ae5c331db3f02df7b29a5ae7e0a84a
datomic.validators	datomic/validators__init.class	datomic	f0ac50d1e481025ed960b2a7e887bd36b4ec56a0c5c41e8756130298b3869e15
hiccup.compiler	hiccup/compiler__init.class	bundled	daf425677e06e449881d27363141a0c5593db201be3e83edb470cb78edef931d
hiccup.core	hiccup/core__init.class	bundled	35e441c4d822a2fafd7365ef6eccd5e54b8cc293a9c353295176580b5c817088
hiccup.def	hiccup/def__init.class	bundled	bb855a7063e475e6cdfa7f722907abc6d705fd5b584bfd81fb0ebee7959d1cbd
hiccup.form	hiccup/form__init.class	bundled	67a3cdcfb562af98b08db335ede9a78506201297defc5a50807b314e1623d887
hiccup.page	hiccup/page__init.class	bundled	2291d1e0c28ede127f1a72a9a2c5967e04621f506a96948f78eb901248b7da5b
hiccup.util	hiccup/util__init.class	bundled	fcffa91d9ead2bb11e553ccb2170d28425e4518c397a73487ab1c61e2e05c631
liberator.conneg	liberator/conneg__init.class	bundled	a72d22e5312230f11faf961af5cfb215ed5a783363337e5efe4aa09a4571be4c
liberator.core	liberator/core__init.class	bundled	3e3c963a8333c8428621e7fc703483a7a34f2424bd521d0109f0d0804e042107
liberator.representation	liberator/representation__init.class	bundled	bb88d22fa7b2281375420c109eee2e31f68c0e796518ef145e47a9bc68660067
liberator.util	liberator/util__init.class	bundled	256ee42a6564fdc22eeaf3f29e1566155e402a7400864ea265fc7abdc543e748
net.cgrand.moustache	net/cgrand/moustache__init.class	bundled	cb2ae38d34cd3c143d34d56f5b9711d0723b6347a42ae535fd86cbf2d2df3ba4
ring.core.protocols	ring/core/protocols__init.class	bundled	e1a9015adc9a859738026cb670650480f87da52219953f3d25f7667002bb861d
ring.middleware.keyword_params	ring/middleware/keyword_params__init.class	bundled	c96f09ac20bfecad3636edbbf7c922d0f76cc2ad4003d9030acbed6b1928024d
ring.middleware.params	ring/middleware/params__init.class	bundled	7e5eaad7f8ab59a2d6029ab14936a68b8e32a01fe905abdd6bb2fc69ff4c8e0d
ring.util.codec	ring/util/codec__init.class	bundled	bac56b39829b4c3d2b4def8a97c6676bcde6db6544d983f36e9c2c31f5ca8fbb
ring.util.io	ring/util/io__init.class	bundled	4888164479b022b829b7043b90abd59f4bf847ffadc91d88ab5d373677810d13
ring.util.parsing	ring/util/parsing__init.class	bundled	0d27bb855d184930fc20c0e5fe0ca28d585b2e487e1ff9ec8278abee8dc62b5f
ring.util.request	ring/util/request__init.class	bundled	eda743f740081a57d5d18d22620efa06ceb5244a27d3f846979cb36a594b909d
ring.util.response	ring/util/response__init.class	bundled	0558d998855913b431c4be75613ce1f01eeb073a75058c0a1384c7664e81a994
ring.util.servlet	ring/util/servlet__init.class	bundled	229a722f962dc2620445e90ceee0f68ff189e0a9ab5d27091c0bb23a2cb6f1b7
ring.util.time	ring/util/time__init.class	bundled	3479c8f4e245107c0337a10979714ae09e33e6824cd279d9500d958fe07e63ed
