owner	references	call_owner_references	field_owner_references	type_references	reference_kinds	resolution	defining_jars
[B	82	0	0	82	type-instruction=82	jdk:array	
[C	2	0	0	2	type-instruction=2	jdk:array	
[D	1	0	0	1	type-instruction=1	jdk:array	
[F	1	0	0	1	type-instruction=1	jdk:array	
[I	26	2	0	24	method-owner=2,type-instruction=24	jdk:array	
[J	34	0	0	34	type-instruction=34	jdk:array	
[Lcom/datomic/lucene/index/IndexReader;	1	0	0	1	type-instruction=1	jar:datomic-lucene-core-3.3.0.jar	
[Ljava/lang/Class;	2	0	0	2	type-instruction=2	jdk:java.lang	
[Ljava/lang/Object;	224	0	0	224	type-instruction=224	jdk:java.lang	
[Ljava/lang/String;	11	0	0	11	type-instruction=11	jdk:java.lang	
[Ljava/nio/file/CopyOption;	2	0	0	2	type-instruction=2	jdk:java.nio	
[Ljava/nio/file/LinkOption;	2	0	0	2	type-instruction=2	jdk:java.nio	
[Ljava/nio/file/OpenOption;	6	0	0	6	type-instruction=6	jdk:java.nio	
[Ljava/nio/file/attribute/FileAttribute;	2	0	0	2	type-instruction=2	jdk:java.nio	
[Lorg/apache/activemq/artemis/api/core/TransportConfiguration;	1	0	0	1	type-instruction=1	jar:artemis-core-client-2.31.2.jar	
[Lorg/infinispan/client/hotrod/Flag;	1	0	0	1	type-instruction=1	unresolved	
[Z	4	0	0	4	type-instruction=4	jdk:array	
clojure/data/EqualityPartition	6	2	0	4	method-owner=2,type-instruction=4	jar:clojure-1.11.4.jar	clojure-1.11.4.jar
clojure/java/io/Coercions	12	4	0	8	method-owner=4,type-instruction=8	jar:clojure-1.11.4.jar	clojure-1.11.4.jar
clojure/java/io/IOFactory	3	1	0	2	method-owner=1,type-instruction=2	jar:clojure-1.11.4.jar	clojure-1.11.4.jar
clojure/lang/AFn	24352	1	0	24351	field-descriptor=6019,field-instruction-descriptor=12313,method-owner=1,type-instruction=6019	jar:clojure-1.11.4.jar	clojure-1.11.4.jar
clojure/lang/AFunction	10184	4796	296	5092	field-owner=296,method-owner=4796,super=4796,type-instruction=296	jar:clojure-1.11.4.jar	clojure-1.11.4.jar
clojure/lang/APersistentMap	75	75	0	0	method-owner=75	jar:clojure-1.11.4.jar	clojure-1.11.4.jar
clojure/lang/AReference	34	17	0	17	method-owner=17,type-instruction=17	jar:clojure-1.11.4.jar	clojure-1.11.4.jar
clojure/lang/ASeq	45	44	0	1	method-owner=44,super=1	jar:clojure-1.11.4.jar	clojure-1.11.4.jar
clojure/lang/Associative	310	0	0	310	call-descriptor=142,interface=1,method-descriptor=25,type-instruction=142	jar:clojure-1.11.4.jar	clojure-1.11.4.jar
clojure/lang/BigInt	6	1	1	4	field-owner=1,method-owner=1,type-instruction=4	jar:clojure-1.11.4.jar	clojure-1.11.4.jar
clojure/lang/Compiler	284	142	142	0	field-owner=142,method-owner=142	jar:clojure-1.11.4.jar	clojure-1.11.4.jar
clojure/lang/Counted	105	50	0	55	interface=5,method-owner=50,type-instruction=50	jar:clojure-1.11.4.jar	clojure-1.11.4.jar
clojure/lang/Delay	94	47	0	47	method-owner=47,type-instruction=47	jar:clojure-1.11.4.jar	clojure-1.11.4.jar
clojure/lang/ExceptionInfo	6	3	0	3	method-owner=3,type-instruction=3	jar:clojure-1.11.4.jar	clojure-1.11.4.jar
clojure/lang/IBlockingDeref	8	1	0	7	interface=6,method-owner=1,type-instruction=1	jar:clojure-1.11.4.jar	clojure-1.11.4.jar
clojure/lang/IDeref	20	3	0	17	field-descriptor=1,field-instruction-descriptor=5,interface=8,method-owner=3,type-instruction=3	jar:clojure-1.11.4.jar	clojure-1.11.4.jar
clojure/lang/IExceptionInfo	2	0	0	2	interface=2	jar:clojure-1.11.4.jar	clojure-1.11.4.jar
clojure/lang/IFn	42862	21341	0	21521	call-descriptor=410,field-descriptor=2,field-instruction-descriptor=4,interface=3,local-descriptor=4,method-descriptor=7,method-owner=21341,type-instruction=21091	jar:clojure-1.11.4.jar	clojure-1.11.4.jar
clojure/lang/IFn$DLO	9	4	0	5	interface=1,method-owner=4,type-instruction=4	jar:clojure-1.11.4.jar	clojure-1.11.4.jar
clojure/lang/IFn$L	1	0	0	1	interface=1	jar:clojure-1.11.4.jar	clojure-1.11.4.jar
clojure/lang/IFn$LD	15	7	0	8	interface=1,method-owner=7,type-instruction=7	jar:clojure-1.11.4.jar	clojure-1.11.4.jar
clojure/lang/IFn$LL	105	49	0	56	interface=7,method-owner=49,type-instruction=49	jar:clojure-1.11.4.jar	clojure-1.11.4.jar
clojure/lang/IFn$LLL	44	21	0	23	interface=2,method-owner=21,type-instruction=21	jar:clojure-1.11.4.jar	clojure-1.11.4.jar
clojure/lang/IFn$LLO	3	0	0	3	interface=3	jar:clojure-1.11.4.jar	clojure-1.11.4.jar
clojure/lang/IFn$LLOL	3	1	0	2	interface=1,method-owner=1,type-instruction=1	jar:clojure-1.11.4.jar	clojure-1.11.4.jar
clojure/lang/IFn$LLOLO	66	32	0	34	interface=2,method-owner=32,type-instruction=32	jar:clojure-1.11.4.jar	clojure-1.11.4.jar
clojure/lang/IFn$LO	69	29	0	40	interface=12,method-owner=29,type-instruction=28	jar:clojure-1.11.4.jar	clojure-1.11.4.jar
clojure/lang/IFn$LOO	15	6	0	9	interface=3,method-owner=6,type-instruction=6	jar:clojure-1.11.4.jar	clojure-1.11.4.jar
clojure/lang/IFn$LOOL	3	1	0	2	interface=1,method-owner=1,type-instruction=1	jar:clojure-1.11.4.jar	clojure-1.11.4.jar
clojure/lang/IFn$OL	45	18	0	27	interface=9,method-owner=18,type-instruction=18	jar:clojure-1.11.4.jar	clojure-1.11.4.jar
clojure/lang/IFn$OLO	1854	923	0	931	interface=8,method-owner=923,type-instruction=923	jar:clojure-1.11.4.jar	clojure-1.11.4.jar
clojure/lang/IFn$OLOO	1354	677	0	677	method-owner=677,type-instruction=677	jar:clojure-1.11.4.jar	clojure-1.11.4.jar
clojure/lang/IFn$OOL	158	74	0	84	interface=10,method-owner=74,type-instruction=74	jar:clojure-1.11.4.jar	clojure-1.11.4.jar
clojure/lang/IFn$OOLLO	1	0	0	1	interface=1	jar:clojure-1.11.4.jar	clojure-1.11.4.jar
clojure/lang/IFn$OOOL	13	5	0	8	interface=3,method-owner=5,type-instruction=5	jar:clojure-1.11.4.jar	clojure-1.11.4.jar
clojure/lang/IHashEq	25	0	0	25	interface=25	jar:clojure-1.11.4.jar	clojure-1.11.4.jar
clojure/lang/IKeywordLookup	25	0	0	25	interface=25	jar:clojure-1.11.4.jar	clojure-1.11.4.jar
clojure/lang/ILookup	344	117	0	227	call-descriptor=28,field-descriptor=2,field-instruction-descriptor=4,interface=41,local-descriptor=4,method-descriptor=5,method-owner=117,type-instruction=143	jar:clojure-1.11.4.jar	clojure-1.11.4.jar
clojure/lang/ILookupSite	1554	1554	0	0	method-owner=1554	jar:clojure-1.11.4.jar	clojure-1.11.4.jar
clojure/lang/ILookupThunk	10989	3108	0	7881	call-descriptor=1554,field-descriptor=1542,field-instruction-descriptor=4650,interface=85,method-descriptor=25,method-owner=3108,type-instruction=25	jar:clojure-1.11.4.jar	clojure-1.11.4.jar
clojure/lang/IMapEntry	52	0	0	52	method-descriptor=26,type-instruction=26	jar:clojure-1.11.4.jar	clojure-1.11.4.jar
clojure/lang/IObj	6239	1923	0	4316	call-descriptor=1923,interface=222,method-descriptor=223,method-owner=1923,type-instruction=1948	jar:clojure-1.11.4.jar	clojure-1.11.4.jar
clojure/lang/IPending	10	3	0	7	interface=4,method-owner=3,type-instruction=3	jar:clojure-1.11.4.jar	clojure-1.11.4.jar
clojure/lang/IPersistentCollection	124	3	0	121	call-descriptor=4,interface=3,method-descriptor=56,method-owner=3,type-instruction=58	jar:clojure-1.11.4.jar	clojure-1.11.4.jar
clojure/lang/IPersistentList	3151	0	0	3151	call-descriptor=3151	jar:clojure-1.11.4.jar	clojure-1.11.4.jar
clojure/lang/IPersistentMap	18980	195	0	18785	call-descriptor=12524,field-descriptor=202,field-instruction-descriptor=472,interface=25,local-descriptor=30,method-descriptor=736,method-owner=195,type-instruction=4796	jar:clojure-1.11.4.jar	clojure-1.11.4.jar
clojure/lang/IPersistentSet	42	0	0	42	call-descriptor=36,interface=2,method-descriptor=2,type-instruction=2	jar:clojure-1.11.4.jar	clojure-1.11.4.jar
clojure/lang/IPersistentVector	5484	0	0	5484	call-descriptor=5347,method-descriptor=111,type-instruction=26	jar:clojure-1.11.4.jar	clojure-1.11.4.jar
clojure/lang/IProxy	3	0	0	3	interface=3	jar:clojure-1.11.4.jar	clojure-1.11.4.jar
clojure/lang/IRecord	26	0	0	26	interface=25,type-instruction=1	jar:clojure-1.11.4.jar	clojure-1.11.4.jar
clojure/lang/IRef	43	0	0	43	call-descriptor=19,interface=1,method-descriptor=2,type-instruction=21	jar:clojure-1.11.4.jar	clojure-1.11.4.jar
clojure/lang/ISeq	1413	0	0	1413	call-descriptor=414,field-descriptor=79,field-instruction-descriptor=158,local-descriptor=104,method-descriptor=136,type-instruction=522	jar:clojure-1.11.4.jar	clojure-1.11.4.jar
clojure/lang/IType	86	0	0	86	interface=86	jar:clojure-1.11.4.jar	clojure-1.11.4.jar
clojure/lang/Indexed	195	96	0	99	call-descriptor=1,interface=1,method-owner=96,type-instruction=97	jar:clojure-1.11.4.jar	clojure-1.11.4.jar
clojure/lang/Keyword	46654	173	0	46481	call-descriptor=21147,field-descriptor=5798,field-instruction-descriptor=13685,local-descriptor=25,method-descriptor=25,method-owner=173,type-instruction=5801	jar:clojure-1.11.4.jar	clojure-1.11.4.jar
clojure/lang/KeywordLookupSite	7722	1542	0	6180	field-descriptor=1542,field-instruction-descriptor=3096,method-owner=1542,type-instruction=1542	jar:clojure-1.11.4.jar	clojure-1.11.4.jar
clojure/lang/LazilyPersistentVector	4	4	0	0	method-owner=4	jar:clojure-1.11.4.jar	clojure-1.11.4.jar
clojure/lang/LazySeq	80	40	0	40	method-owner=40,type-instruction=40	jar:clojure-1.11.4.jar	clojure-1.11.4.jar
clojure/lang/LockingTransaction	142	142	0	0	method-owner=142	jar:clojure-1.11.4.jar	clojure-1.11.4.jar
clojure/lang/MapEntry	222	111	0	111	call-descriptor=110,method-owner=111,type-instruction=1	jar:clojure-1.11.4.jar	clojure-1.11.4.jar
clojure/lang/MapEquivalence	25	0	0	25	type-instruction=25	jar:clojure-1.11.4.jar	clojure-1.11.4.jar
clojure/lang/MethodImplCache	741	149	0	592	field-instruction-descriptor=296,method-owner=149,type-instruction=296	jar:clojure-1.11.4.jar	clojure-1.11.4.jar
clojure/lang/MultiFn	510	170	0	340	call-descriptor=151,method-owner=170,type-instruction=189	jar:clojure-1.11.4.jar	clojure-1.11.4.jar
clojure/lang/Murmur3	1	1	0	0	method-owner=1	jar:clojure-1.11.4.jar	clojure-1.11.4.jar
clojure/lang/Namespace	1552	776	0	776	call-descriptor=18,method-owner=776,type-instruction=758	jar:clojure-1.11.4.jar	clojure-1.11.4.jar
clojure/lang/Numbers	1729	1729	0	0	method-owner=1729	jar:clojure-1.11.4.jar	clojure-1.11.4.jar
clojure/lang/Obj	4	1	0	3	call-descriptor=1,method-descriptor=1,method-owner=1,type-instruction=1	jar:clojure-1.11.4.jar	clojure-1.11.4.jar
clojure/lang/PersistentArrayMap	674	40	297	337	call-descriptor=39,field-instruction-descriptor=297,field-owner=297,method-owner=40,type-instruction=1	jar:clojure-1.11.4.jar	clojure-1.11.4.jar
clojure/lang/PersistentHashMap	612	306	0	306	call-descriptor=306,method-owner=306	jar:clojure-1.11.4.jar	clojure-1.11.4.jar
clojure/lang/PersistentHashSet	366	127	56	183	call-descriptor=127,field-instruction-descriptor=56,field-owner=56,method-owner=127	jar:clojure-1.11.4.jar	clojure-1.11.4.jar
clojure/lang/PersistentList	3151	3151	0	0	method-owner=3151	jar:clojure-1.11.4.jar	clojure-1.11.4.jar
clojure/lang/PersistentQueue	2	0	1	1	field-instruction-descriptor=1,field-owner=1	jar:clojure-1.11.4.jar	clojure-1.11.4.jar
clojure/lang/PersistentVector	242	3	118	121	call-descriptor=3,field-instruction-descriptor=118,field-owner=118,method-owner=3	jar:clojure-1.11.4.jar	clojure-1.11.4.jar
clojure/lang/RT	51257	50499	758	0	field-owner=758,method-owner=50499	jar:clojure-1.11.4.jar	clojure-1.11.4.jar
clojure/lang/RecordIterator	50	25	0	25	method-owner=25,type-instruction=25	jar:clojure-1.11.4.jar	clojure-1.11.4.jar
clojure/lang/Reflector	7	7	0	0	method-owner=7	jar:clojure-1.11.4.jar	clojure-1.11.4.jar
clojure/lang/RestFn	238	119	0	119	method-owner=119,super=119	jar:clojure-1.11.4.jar	clojure-1.11.4.jar
clojure/lang/Reversible	1	0	0	1	interface=1	jar:clojure-1.11.4.jar	clojure-1.11.4.jar
clojure/lang/Seqable	3	0	0	3	interface=3	jar:clojure-1.11.4.jar	clojure-1.11.4.jar
clojure/lang/Symbol	24642	12303	0	12339	call-descriptor=12179,method-owner=12303,type-instruction=160	jar:clojure-1.11.4.jar	clojure-1.11.4.jar
clojure/lang/Tuple	5238	5238	0	0	method-owner=5238	jar:clojure-1.11.4.jar	clojure-1.11.4.jar
clojure/lang/Util	2416	2416	0	0	method-owner=2416	jar:clojure-1.11.4.jar	clojure-1.11.4.jar
clojure/lang/Var	126866	30333	0	96533	call-descriptor=17137,field-descriptor=17125,field-instruction-descriptor=45023,method-owner=30333,type-instruction=17248	jar:clojure-1.11.4.jar	clojure-1.11.4.jar
clojure/lang/Volatile	12	6	0	6	method-owner=6,type-instruction=6	jar:clojure-1.11.4.jar	clojure-1.11.4.jar
clojure/reflect/Constructor	1	0	0	1	type-instruction=1	jar:clojure-1.11.4.jar	clojure-1.11.4.jar
cognitect/caster/Impl	69	23	0	46	method-owner=23,type-instruction=46	jar:caster-1.0.45.jar	caster-1.0.45.jar
com/amazonaws/AmazonServiceException	18	8	0	10	catch-type=1,method-owner=8,type-instruction=9	jar:aws-java-sdk-core-1.12.564.jar	aws-java-sdk-core-1.12.564.jar
com/amazonaws/AmazonWebServiceClient	10	5	0	5	method-owner=5,type-instruction=5	jar:aws-java-sdk-core-1.12.564.jar	aws-java-sdk-core-1.12.564.jar
com/amazonaws/AmazonWebServiceRequest	208	102	0	106	call-descriptor=4,method-owner=102,type-instruction=102	jar:aws-java-sdk-core-1.12.564.jar	aws-java-sdk-core-1.12.564.jar
com/amazonaws/AmazonWebServiceResult	36	18	0	18	method-owner=18,type-instruction=18	jar:aws-java-sdk-core-1.12.564.jar	aws-java-sdk-core-1.12.564.jar
com/amazonaws/ClientConfiguration	112	43	0	69	call-descriptor=13,method-owner=43,type-instruction=56	jar:aws-java-sdk-core-1.12.564.jar	aws-java-sdk-core-1.12.564.jar
com/amazonaws/DnsResolver	2	0	0	2	call-descriptor=1,type-instruction=1	jar:aws-java-sdk-core-1.12.564.jar	aws-java-sdk-core-1.12.564.jar
com/amazonaws/HttpMethod	11	0	4	7	call-descriptor=2,field-instruction-descriptor=4,field-owner=4,type-instruction=1	jar:aws-java-sdk-core-1.12.564.jar	aws-java-sdk-core-1.12.564.jar
com/amazonaws/Protocol	4	0	0	4	call-descriptor=2,type-instruction=2	jar:aws-java-sdk-core-1.12.564.jar	aws-java-sdk-core-1.12.564.jar
com/amazonaws/RequestClientOptions	2	0	0	2	call-descriptor=2	jar:aws-java-sdk-core-1.12.564.jar	aws-java-sdk-core-1.12.564.jar
com/amazonaws/ResponseMetadata	11	1	0	10	call-descriptor=9,method-owner=1,type-instruction=1	jar:aws-java-sdk-core-1.12.564.jar	aws-java-sdk-core-1.12.564.jar
com/amazonaws/auth/AWSCredentials	41	0	0	41	call-descriptor=22,type-instruction=19	jar:aws-java-sdk-core-1.12.564.jar	aws-java-sdk-core-1.12.564.jar
com/amazonaws/auth/AWSCredentialsProvider	93	0	0	93	call-descriptor=40,type-instruction=53	jar:aws-java-sdk-core-1.12.564.jar	aws-java-sdk-core-1.12.564.jar
com/amazonaws/auth/AWSCredentialsProviderChain	2	1	0	1	method-owner=1,type-instruction=1	jar:aws-java-sdk-core-1.12.564.jar	aws-java-sdk-core-1.12.564.jar
com/amazonaws/auth/BasicAWSCredentials	2	1	0	1	method-owner=1,type-instruction=1	jar:aws-java-sdk-core-1.12.564.jar	aws-java-sdk-core-1.12.564.jar
com/amazonaws/auth/DefaultAWSCredentialsProviderChain	60	30	0	30	method-owner=30,type-instruction=30	jar:aws-java-sdk-core-1.12.564.jar	aws-java-sdk-core-1.12.564.jar
com/amazonaws/client/builder/AwsClientBuilder	11	4	0	7	call-descriptor=3,method-owner=4,type-instruction=4	jar:aws-java-sdk-core-1.12.564.jar	aws-java-sdk-core-1.12.564.jar
com/amazonaws/event/ProgressListener	28	0	0	28	call-descriptor=15,type-instruction=13	jar:aws-java-sdk-core-1.12.564.jar	aws-java-sdk-core-1.12.564.jar
com/amazonaws/http/SdkHttpMetadata	9	0	0	9	call-descriptor=9	jar:aws-java-sdk-core-1.12.564.jar	aws-java-sdk-core-1.12.564.jar
com/amazonaws/http/TlsKeyManagersProvider	2	0	0	2	call-descriptor=1,type-instruction=1	jar:aws-java-sdk-core-1.12.564.jar	aws-java-sdk-core-1.12.564.jar
com/amazonaws/metrics/RequestMetricCollector	28	0	0	28	call-descriptor=15,type-instruction=13	jar:aws-java-sdk-core-1.12.564.jar	aws-java-sdk-core-1.12.564.jar
com/amazonaws/retry/PredefinedRetryPolicies	1	0	1	0	field-owner=1	jar:aws-java-sdk-core-1.12.564.jar	aws-java-sdk-core-1.12.564.jar
com/amazonaws/retry/RetryMode	2	0	0	2	call-descriptor=1,type-instruction=1	jar:aws-java-sdk-core-1.12.564.jar	aws-java-sdk-core-1.12.564.jar
com/amazonaws/retry/RetryPolicy	5	0	0	5	call-descriptor=2,field-instruction-descriptor=1,type-instruction=2	jar:aws-java-sdk-core-1.12.564.jar	aws-java-sdk-core-1.12.564.jar
com/amazonaws/services/cloudwatch/AmazonCloudWatchClient	30	15	0	15	method-owner=15,type-instruction=15	jar:aws-java-sdk-cloudwatch-1.12.564.jar	aws-java-sdk-cloudwatch-1.12.564.jar
com/amazonaws/services/cloudwatch/model/DescribeAlarmsRequest	22	10	0	12	call-descriptor=1,method-owner=10,type-instruction=11	jar:aws-java-sdk-cloudwatch-1.12.564.jar	aws-java-sdk-cloudwatch-1.12.564.jar
com/amazonaws/services/cloudwatch/model/DescribeAlarmsResult	7	3	0	4	call-descriptor=1,method-owner=3,type-instruction=3	jar:aws-java-sdk-cloudwatch-1.12.564.jar	aws-java-sdk-cloudwatch-1.12.564.jar
com/amazonaws/services/cloudwatch/model/Dimension	10	5	0	5	method-owner=5,type-instruction=5	jar:aws-java-sdk-cloudwatch-1.12.564.jar	aws-java-sdk-cloudwatch-1.12.564.jar
com/amazonaws/services/cloudwatch/model/DimensionFilter	10	5	0	5	method-owner=5,type-instruction=5	jar:aws-java-sdk-cloudwatch-1.12.564.jar	aws-java-sdk-cloudwatch-1.12.564.jar
com/amazonaws/services/cloudwatch/model/GetMetricStatisticsRequest	22	10	0	12	call-descriptor=1,method-owner=10,type-instruction=11	jar:aws-java-sdk-cloudwatch-1.12.564.jar	aws-java-sdk-cloudwatch-1.12.564.jar
com/amazonaws/services/cloudwatch/model/GetMetricStatisticsResult	1	0	0	1	call-descriptor=1	jar:aws-java-sdk-cloudwatch-1.12.564.jar	aws-java-sdk-cloudwatch-1.12.564.jar
com/amazonaws/services/cloudwatch/model/ListMetricsRequest	22	10	0	12	call-descriptor=1,method-owner=10,type-instruction=11	jar:aws-java-sdk-cloudwatch-1.12.564.jar	aws-java-sdk-cloudwatch-1.12.564.jar
com/amazonaws/services/cloudwatch/model/ListMetricsResult	6	2	0	4	call-descriptor=2,method-owner=2,type-instruction=2	jar:aws-java-sdk-cloudwatch-1.12.564.jar	aws-java-sdk-cloudwatch-1.12.564.jar
com/amazonaws/services/cloudwatch/model/MetricAlarm	60	30	0	30	method-owner=30,type-instruction=30	jar:aws-java-sdk-cloudwatch-1.12.564.jar	aws-java-sdk-cloudwatch-1.12.564.jar
com/amazonaws/services/cloudwatch/model/MetricDatum	20	10	0	10	method-owner=10,type-instruction=10	jar:aws-java-sdk-cloudwatch-1.12.564.jar	aws-java-sdk-cloudwatch-1.12.564.jar
com/amazonaws/services/cloudwatch/model/PutMetricDataRequest	8	3	0	5	call-descriptor=1,method-owner=3,type-instruction=4	jar:aws-java-sdk-cloudwatch-1.12.564.jar	aws-java-sdk-cloudwatch-1.12.564.jar
com/amazonaws/services/cloudwatch/model/PutMetricDataResult	1	0	0	1	call-descriptor=1	jar:aws-java-sdk-cloudwatch-1.12.564.jar	aws-java-sdk-cloudwatch-1.12.564.jar
com/amazonaws/services/cloudwatch/model/StandardUnit	6	1	0	5	call-descriptor=3,method-owner=1,type-instruction=2	jar:aws-java-sdk-cloudwatch-1.12.564.jar	aws-java-sdk-cloudwatch-1.12.564.jar
com/amazonaws/services/cloudwatch/model/StateValue	4	1	0	3	call-descriptor=2,method-owner=1,type-instruction=1	jar:aws-java-sdk-cloudwatch-1.12.564.jar	aws-java-sdk-cloudwatch-1.12.564.jar
com/amazonaws/services/cloudwatch/model/StatisticSet	12	5	0	7	call-descriptor=1,method-owner=5,type-instruction=6	jar:aws-java-sdk-cloudwatch-1.12.564.jar	aws-java-sdk-cloudwatch-1.12.564.jar
com/amazonaws/services/dynamodbv2/AmazonDynamoDBClient	36	18	0	18	method-owner=18,type-instruction=18	jar:aws-java-sdk-dynamodb-1.12.564.jar	aws-java-sdk-dynamodb-1.12.564.jar
com/amazonaws/services/dynamodbv2/model/ArchivalSummary	1	0	0	1	call-descriptor=1	jar:aws-java-sdk-dynamodb-1.12.564.jar	aws-java-sdk-dynamodb-1.12.564.jar
com/amazonaws/services/dynamodbv2/model/AttributeDefinition	10	5	0	5	method-owner=5,type-instruction=5	jar:aws-java-sdk-dynamodb-1.12.564.jar	aws-java-sdk-dynamodb-1.12.564.jar
com/amazonaws/services/dynamodbv2/model/AttributeValue	48	23	0	25	call-descriptor=1,method-owner=23,type-instruction=24	jar:aws-java-sdk-dynamodb-1.12.564.jar	aws-java-sdk-dynamodb-1.12.564.jar
com/amazonaws/services/dynamodbv2/model/BillingModeSummary	1	0	0	1	call-descriptor=1	jar:aws-java-sdk-dynamodb-1.12.564.jar	aws-java-sdk-dynamodb-1.12.564.jar
com/amazonaws/services/dynamodbv2/model/ComparisonOperator	2	0	0	2	call-descriptor=1,type-instruction=1	jar:aws-java-sdk-dynamodb-1.12.564.jar	aws-java-sdk-dynamodb-1.12.564.jar
com/amazonaws/services/dynamodbv2/model/ConditionalCheckFailedException	2	0	0	2	catch-type=2	jar:aws-java-sdk-dynamodb-1.12.564.jar	aws-java-sdk-dynamodb-1.12.564.jar
com/amazonaws/services/dynamodbv2/model/ConditionalOperator	4	0	0	4	call-descriptor=2,type-instruction=2	jar:aws-java-sdk-dynamodb-1.12.564.jar	aws-java-sdk-dynamodb-1.12.564.jar
com/amazonaws/services/dynamodbv2/model/ConsumedCapacity	3	0	0	3	call-descriptor=3	jar:aws-java-sdk-dynamodb-1.12.564.jar	aws-java-sdk-dynamodb-1.12.564.jar
com/amazonaws/services/dynamodbv2/model/CreateTableRequest	28	13	0	15	call-descriptor=1,method-owner=13,type-instruction=14	jar:aws-java-sdk-dynamodb-1.12.564.jar	aws-java-sdk-dynamodb-1.12.564.jar
com/amazonaws/services/dynamodbv2/model/CreateTableResult	3	1	0	2	call-descriptor=1,method-owner=1,type-instruction=1	jar:aws-java-sdk-dynamodb-1.12.564.jar	aws-java-sdk-dynamodb-1.12.564.jar
com/amazonaws/services/dynamodbv2/model/DeleteItemRequest	26	12	0	14	call-descriptor=1,method-owner=12,type-instruction=13	jar:aws-java-sdk-dynamodb-1.12.564.jar	aws-java-sdk-dynamodb-1.12.564.jar
com/amazonaws/services/dynamodbv2/model/DeleteItemResult	7	3	0	4	call-descriptor=1,method-owner=3,type-instruction=3	jar:aws-java-sdk-dynamodb-1.12.564.jar	aws-java-sdk-dynamodb-1.12.564.jar
com/amazonaws/services/dynamodbv2/model/DeleteTableRequest	6	2	0	4	call-descriptor=1,method-owner=2,type-instruction=3	jar:aws-java-sdk-dynamodb-1.12.564.jar	aws-java-sdk-dynamodb-1.12.564.jar
com/amazonaws/services/dynamodbv2/model/DeleteTableResult	3	1	0	2	call-descriptor=1,method-owner=1,type-instruction=1	jar:aws-java-sdk-dynamodb-1.12.564.jar	aws-java-sdk-dynamodb-1.12.564.jar
com/amazonaws/services/dynamodbv2/model/DescribeTableRequest	6	2	0	4	call-descriptor=1,method-owner=2,type-instruction=3	jar:aws-java-sdk-dynamodb-1.12.564.jar	aws-java-sdk-dynamodb-1.12.564.jar
com/amazonaws/services/dynamodbv2/model/DescribeTableResult	3	1	0	2	call-descriptor=1,method-owner=1,type-instruction=1	jar:aws-java-sdk-dynamodb-1.12.564.jar	aws-java-sdk-dynamodb-1.12.564.jar
com/amazonaws/services/dynamodbv2/model/ExpectedAttributeValue	10	5	0	5	method-owner=5,type-instruction=5	jar:aws-java-sdk-dynamodb-1.12.564.jar	aws-java-sdk-dynamodb-1.12.564.jar
com/amazonaws/services/dynamodbv2/model/GetItemRequest	18	8	0	10	call-descriptor=1,method-owner=8,type-instruction=9	jar:aws-java-sdk-dynamodb-1.12.564.jar	aws-java-sdk-dynamodb-1.12.564.jar
com/amazonaws/services/dynamodbv2/model/GetItemResult	5	2	0	3	call-descriptor=1,method-owner=2,type-instruction=2	jar:aws-java-sdk-dynamodb-1.12.564.jar	aws-java-sdk-dynamodb-1.12.564.jar
com/amazonaws/services/dynamodbv2/model/ItemCollectionMetrics	2	0	0	2	call-descriptor=2	jar:aws-java-sdk-dynamodb-1.12.564.jar	aws-java-sdk-dynamodb-1.12.564.jar
com/amazonaws/services/dynamodbv2/model/KeySchemaElement	10	5	0	5	method-owner=5,type-instruction=5	jar:aws-java-sdk-dynamodb-1.12.564.jar	aws-java-sdk-dynamodb-1.12.564.jar
com/amazonaws/services/dynamodbv2/model/KeyType	2	0	0	2	call-descriptor=1,type-instruction=1	jar:aws-java-sdk-dynamodb-1.12.564.jar	aws-java-sdk-dynamodb-1.12.564.jar
com/amazonaws/services/dynamodbv2/model/ListTablesRequest	8	3	0	5	call-descriptor=1,method-owner=3,type-instruction=4	jar:aws-java-sdk-dynamodb-1.12.564.jar	aws-java-sdk-dynamodb-1.12.564.jar
com/amazonaws/services/dynamodbv2/model/ListTablesResult	5	2	0	3	call-descriptor=1,method-owner=2,type-instruction=2	jar:aws-java-sdk-dynamodb-1.12.564.jar	aws-java-sdk-dynamodb-1.12.564.jar
com/amazonaws/services/dynamodbv2/model/ProvisionedThroughput	10	3	0	7	call-descriptor=2,method-owner=3,type-instruction=5	jar:aws-java-sdk-dynamodb-1.12.564.jar	aws-java-sdk-dynamodb-1.12.564.jar
com/amazonaws/services/dynamodbv2/model/ProvisionedThroughputDescription	11	5	0	6	call-descriptor=1,method-owner=5,type-instruction=5	jar:aws-java-sdk-dynamodb-1.12.564.jar	aws-java-sdk-dynamodb-1.12.564.jar
com/amazonaws/services/dynamodbv2/model/PutItemRequest	26	12	0	14	call-descriptor=1,method-owner=12,type-instruction=13	jar:aws-java-sdk-dynamodb-1.12.564.jar	aws-java-sdk-dynamodb-1.12.564.jar
com/amazonaws/services/dynamodbv2/model/PutItemResult	7	3	0	4	call-descriptor=1,method-owner=3,type-instruction=3	jar:aws-java-sdk-dynamodb-1.12.564.jar	aws-java-sdk-dynamodb-1.12.564.jar
com/amazonaws/services/dynamodbv2/model/RestoreSummary	1	0	0	1	call-descriptor=1	jar:aws-java-sdk-dynamodb-1.12.564.jar	aws-java-sdk-dynamodb-1.12.564.jar
com/amazonaws/services/dynamodbv2/model/ReturnConsumedCapacity	6	0	0	6	call-descriptor=3,type-instruction=3	jar:aws-java-sdk-dynamodb-1.12.564.jar	aws-java-sdk-dynamodb-1.12.564.jar
com/amazonaws/services/dynamodbv2/model/ReturnItemCollectionMetrics	4	0	0	4	call-descriptor=2,type-instruction=2	jar:aws-java-sdk-dynamodb-1.12.564.jar	aws-java-sdk-dynamodb-1.12.564.jar
com/amazonaws/services/dynamodbv2/model/ReturnValue	6	1	0	5	call-descriptor=3,method-owner=1,type-instruction=2	jar:aws-java-sdk-dynamodb-1.12.564.jar	aws-java-sdk-dynamodb-1.12.564.jar
com/amazonaws/services/dynamodbv2/model/ReturnValuesOnConditionCheckFailure	4	0	0	4	call-descriptor=2,type-instruction=2	jar:aws-java-sdk-dynamodb-1.12.564.jar	aws-java-sdk-dynamodb-1.12.564.jar
com/amazonaws/services/dynamodbv2/model/SSEDescription	1	0	0	1	call-descriptor=1	jar:aws-java-sdk-dynamodb-1.12.564.jar	aws-java-sdk-dynamodb-1.12.564.jar
com/amazonaws/services/dynamodbv2/model/SSESpecification	4	0	0	4	call-descriptor=2,type-instruction=2	jar:aws-java-sdk-dynamodb-1.12.564.jar	aws-java-sdk-dynamodb-1.12.564.jar
com/amazonaws/services/dynamodbv2/model/ScalarAttributeType	4	1	0	3	call-descriptor=2,method-owner=1,type-instruction=1	jar:aws-java-sdk-dynamodb-1.12.564.jar	aws-java-sdk-dynamodb-1.12.564.jar
com/amazonaws/services/dynamodbv2/model/StreamSpecification	5	0	0	5	call-descriptor=3,type-instruction=2	jar:aws-java-sdk-dynamodb-1.12.564.jar	aws-java-sdk-dynamodb-1.12.564.jar
com/amazonaws/services/dynamodbv2/model/TableClassSummary	1	0	0	1	call-descriptor=1	jar:aws-java-sdk-dynamodb-1.12.564.jar	aws-java-sdk-dynamodb-1.12.564.jar
com/amazonaws/services/dynamodbv2/model/TableDescription	52	24	0	28	call-descriptor=4,method-owner=24,type-instruction=24	jar:aws-java-sdk-dynamodb-1.12.564.jar	aws-java-sdk-dynamodb-1.12.564.jar
com/amazonaws/services/dynamodbv2/model/UpdateTableRequest	24	11	0	13	call-descriptor=1,method-owner=11,type-instruction=12	jar:aws-java-sdk-dynamodb-1.12.564.jar	aws-java-sdk-dynamodb-1.12.564.jar
com/amazonaws/services/dynamodbv2/model/UpdateTableResult	3	1	0	2	call-descriptor=1,method-owner=1,type-instruction=1	jar:aws-java-sdk-dynamodb-1.12.564.jar	aws-java-sdk-dynamodb-1.12.564.jar
com/amazonaws/services/s3/AmazonS3Client	65	33	0	32	method-owner=33,type-instruction=32	jar:aws-java-sdk-s3-1.12.564.jar	aws-java-sdk-s3-1.12.564.jar
com/amazonaws/services/s3/AmazonS3ClientBuilder	1	0	0	1	call-descriptor=1	jar:aws-java-sdk-s3-1.12.564.jar	aws-java-sdk-s3-1.12.564.jar
com/amazonaws/services/s3/model/AmazonS3Exception	3	0	0	3	catch-type=3	jar:aws-java-sdk-s3-1.12.564.jar	aws-java-sdk-s3-1.12.564.jar
com/amazonaws/services/s3/model/Bucket	8	3	0	5	call-descriptor=2,method-owner=3,type-instruction=3	jar:aws-java-sdk-s3-1.12.564.jar	aws-java-sdk-s3-1.12.564.jar
com/amazonaws/services/s3/model/BucketPolicy	3	1	0	2	call-descriptor=1,method-owner=1,type-instruction=1	jar:aws-java-sdk-s3-1.12.564.jar	aws-java-sdk-s3-1.12.564.jar
com/amazonaws/services/s3/model/CannedAccessControlList	4	0	1	3	call-descriptor=1,field-instruction-descriptor=1,field-owner=1,type-instruction=1	jar:aws-java-sdk-s3-1.12.564.jar	aws-java-sdk-s3-1.12.564.jar
com/amazonaws/services/s3/model/DeleteObjectsRequest	7	2	0	5	call-descriptor=2,method-owner=2,type-instruction=3	jar:aws-java-sdk-s3-1.12.564.jar	aws-java-sdk-s3-1.12.564.jar
com/amazonaws/services/s3/model/DeleteObjectsResult	5	2	0	3	call-descriptor=1,method-owner=2,type-instruction=2	jar:aws-java-sdk-s3-1.12.564.jar	aws-java-sdk-s3-1.12.564.jar
com/amazonaws/services/s3/model/DeleteObjectsResult$DeletedObject	8	4	0	4	method-owner=4,type-instruction=4	jar:aws-java-sdk-s3-1.12.564.jar	aws-java-sdk-s3-1.12.564.jar
com/amazonaws/services/s3/model/GeneratePresignedUrlRequest	26	13	0	13	method-owner=13,type-instruction=13	jar:aws-java-sdk-s3-1.12.564.jar	aws-java-sdk-s3-1.12.564.jar
com/amazonaws/services/s3/model/ListObjectsRequest	40	19	0	21	call-descriptor=1,method-owner=19,type-instruction=20	jar:aws-java-sdk-s3-1.12.564.jar	aws-java-sdk-s3-1.12.564.jar
com/amazonaws/services/s3/model/MultiObjectDeleteException	5	2	0	3	catch-type=1,method-owner=2,type-instruction=2	jar:aws-java-sdk-s3-1.12.564.jar	aws-java-sdk-s3-1.12.564.jar
com/amazonaws/services/s3/model/MultiObjectDeleteException$DeleteError	8	4	0	4	method-owner=4,type-instruction=4	jar:aws-java-sdk-s3-1.12.564.jar	aws-java-sdk-s3-1.12.564.jar
com/amazonaws/services/s3/model/ObjectListing	49	22	0	27	call-descriptor=4,method-owner=22,type-instruction=23	jar:aws-java-sdk-s3-1.12.564.jar	aws-java-sdk-s3-1.12.564.jar
com/amazonaws/services/s3/model/ObjectMetadata	130	60	0	70	call-descriptor=7,method-owner=60,type-instruction=63	jar:aws-java-sdk-s3-1.12.564.jar	aws-java-sdk-s3-1.12.564.jar
com/amazonaws/services/s3/model/Owner	6	2	0	4	call-descriptor=2,method-owner=2,type-instruction=2	jar:aws-java-sdk-s3-1.12.564.jar	aws-java-sdk-s3-1.12.564.jar
com/amazonaws/services/s3/model/PutObjectRequest	7	2	0	5	call-descriptor=2,method-owner=2,type-instruction=3	jar:aws-java-sdk-s3-1.12.564.jar	aws-java-sdk-s3-1.12.564.jar
com/amazonaws/services/s3/model/PutObjectResult	4	0	0	4	call-descriptor=4	jar:aws-java-sdk-s3-1.12.564.jar	aws-java-sdk-s3-1.12.564.jar
com/amazonaws/services/s3/model/ResponseHeaderOverrides	1	0	0	1	call-descriptor=1	jar:aws-java-sdk-s3-1.12.564.jar	aws-java-sdk-s3-1.12.564.jar
com/amazonaws/services/s3/model/RestoreStatus	1	0	0	1	call-descriptor=1	jar:aws-java-sdk-s3-1.12.564.jar	aws-java-sdk-s3-1.12.564.jar
com/amazonaws/services/s3/model/S3Object	16	7	0	9	call-descriptor=2,method-owner=7,type-instruction=7	jar:aws-java-sdk-s3-1.12.564.jar	aws-java-sdk-s3-1.12.564.jar
com/amazonaws/services/s3/model/S3ObjectInputStream	20	8	0	12	call-descriptor=4,method-owner=8,type-instruction=8	jar:aws-java-sdk-s3-1.12.564.jar	aws-java-sdk-s3-1.12.564.jar
com/amazonaws/services/s3/model/S3ObjectSummary	16	8	0	8	method-owner=8,type-instruction=8	jar:aws-java-sdk-s3-1.12.564.jar	aws-java-sdk-s3-1.12.564.jar
com/amazonaws/services/s3/model/SSECustomerKey	1	0	0	1	call-descriptor=1	jar:aws-java-sdk-s3-1.12.564.jar	aws-java-sdk-s3-1.12.564.jar
com/datastax/driver/core/BoundStatement	4	0	0	4	call-descriptor=4	jar:cassandra-driver-core-3.7.1.jar	cassandra-driver-core-3.7.1.jar
com/datastax/driver/core/Cluster	8	4	0	4	call-descriptor=2,method-owner=4,type-instruction=2	jar:cassandra-driver-core-3.7.1.jar	cassandra-driver-core-3.7.1.jar
com/datastax/driver/core/Cluster$Builder	30	10	0	20	call-descriptor=10,method-owner=10,type-instruction=10	jar:cassandra-driver-core-3.7.1.jar	cassandra-driver-core-3.7.1.jar
com/datastax/driver/core/ConsistencyLevel	30	0	8	22	call-descriptor=7,field-instruction-descriptor=8,field-owner=8,type-instruction=7	jar:cassandra-driver-core-3.7.1.jar	cassandra-driver-core-3.7.1.jar
com/datastax/driver/core/GettableByIndexData	20	10	0	10	method-owner=10,type-instruction=10	jar:cassandra-driver-core-3.7.1.jar	cassandra-driver-core-3.7.1.jar
com/datastax/driver/core/PagingIterable	2	1	0	1	method-owner=1,type-instruction=1	jar:cassandra-driver-core-3.7.1.jar	cassandra-driver-core-3.7.1.jar
com/datastax/driver/core/PreparedStatement	36	12	0	24	call-descriptor=12,method-owner=12,type-instruction=12	jar:cassandra-driver-core-3.7.1.jar	cassandra-driver-core-3.7.1.jar
com/datastax/driver/core/ResultSet	8	2	0	6	call-descriptor=4,method-owner=2,type-instruction=2	jar:cassandra-driver-core-3.7.1.jar	cassandra-driver-core-3.7.1.jar
com/datastax/driver/core/Row	2	0	0	2	call-descriptor=2	jar:cassandra-driver-core-3.7.1.jar	cassandra-driver-core-3.7.1.jar
com/datastax/driver/core/Session	18	8	0	10	call-descriptor=2,method-owner=8,type-instruction=8	jar:cassandra-driver-core-3.7.1.jar	cassandra-driver-core-3.7.1.jar
com/datastax/driver/core/Statement	17	3	0	14	call-descriptor=7,method-owner=3,type-instruction=7	jar:cassandra-driver-core-3.7.1.jar	cassandra-driver-core-3.7.1.jar
com/datastax/driver/core/policies/DefaultRetryPolicy	4	0	2	2	field-instruction-descriptor=2,field-owner=2	jar:cassandra-driver-core-3.7.1.jar	cassandra-driver-core-3.7.1.jar
com/datastax/driver/core/policies/RetryPolicy	8	0	0	8	call-descriptor=4,type-instruction=4	jar:cassandra-driver-core-3.7.1.jar	cassandra-driver-core-3.7.1.jar
com/datastax/oss/driver/api/core/ConsistencyLevel	22	0	4	18	call-descriptor=7,field-instruction-descriptor=4,field-owner=4,type-instruction=7	jar:java-driver-core-shaded-4.17.0.jar	java-driver-core-shaded-4.17.0.jar
com/datastax/oss/driver/api/core/CqlSessionBuilder	2	1	0	1	method-owner=1,type-instruction=1	jar:java-driver-core-shaded-4.17.0.jar	java-driver-core-shaded-4.17.0.jar
com/datastax/oss/driver/api/core/DefaultConsistencyLevel	8	0	4	4	field-instruction-descriptor=4,field-owner=4	jar:java-driver-core-shaded-4.17.0.jar	java-driver-core-shaded-4.17.0.jar
com/datastax/oss/driver/api/core/PagingIterable	6	3	0	3	method-owner=3,type-instruction=3	jar:java-driver-core-shaded-4.17.0.jar	java-driver-core-shaded-4.17.0.jar
com/datastax/oss/driver/api/core/cql/BoundStatement	4	0	0	4	call-descriptor=4	jar:java-driver-core-shaded-4.17.0.jar	java-driver-core-shaded-4.17.0.jar
com/datastax/oss/driver/api/core/cql/PreparedStatement	12	4	0	8	call-descriptor=4,method-owner=4,type-instruction=4	jar:java-driver-core-shaded-4.17.0.jar	java-driver-core-shaded-4.17.0.jar
com/datastax/oss/driver/api/core/cql/ResultSet	4	0	0	4	call-descriptor=4	jar:java-driver-core-shaded-4.17.0.jar	java-driver-core-shaded-4.17.0.jar
com/datastax/oss/driver/api/core/cql/SimpleStatement	8	0	0	8	call-descriptor=4,type-instruction=4	jar:java-driver-core-shaded-4.17.0.jar	java-driver-core-shaded-4.17.0.jar
com/datastax/oss/driver/api/core/cql/SimpleStatementBuilder	8	4	0	4	method-owner=4,type-instruction=4	jar:java-driver-core-shaded-4.17.0.jar	java-driver-core-shaded-4.17.0.jar
com/datastax/oss/driver/api/core/cql/Statement	24	4	0	20	call-descriptor=12,method-owner=4,type-instruction=8	jar:java-driver-core-shaded-4.17.0.jar	java-driver-core-shaded-4.17.0.jar
com/datastax/oss/driver/api/core/cql/StatementBuilder	29	11	0	18	call-descriptor=7,method-owner=11,type-instruction=11	jar:java-driver-core-shaded-4.17.0.jar	java-driver-core-shaded-4.17.0.jar
com/datastax/oss/driver/api/core/cql/SyncCqlSession	16	8	0	8	method-owner=8,type-instruction=8	jar:java-driver-core-shaded-4.17.0.jar	java-driver-core-shaded-4.17.0.jar
com/datastax/oss/driver/api/core/data/GettableByIndex	20	10	0	10	method-owner=10,type-instruction=10	jar:java-driver-core-shaded-4.17.0.jar	java-driver-core-shaded-4.17.0.jar
com/datastax/oss/driver/api/core/session/SessionBuilder	14	5	0	9	call-descriptor=4,method-owner=5,type-instruction=5	jar:java-driver-core-shaded-4.17.0.jar	java-driver-core-shaded-4.17.0.jar
com/datomic/lucene/analysis/Analyzer	4	0	0	4	call-descriptor=2,type-instruction=2	jar:datomic-lucene-core-3.3.0.jar	datomic-lucene-core-3.3.0.jar
com/datomic/lucene/analysis/ReusableAnalyzerBase	2	1	0	1	method-owner=1,type-instruction=1	jar:datomic-lucene-core-3.3.0.jar	datomic-lucene-core-3.3.0.jar
com/datomic/lucene/analysis/TokenStream	3	1	0	2	call-descriptor=1,method-owner=1,type-instruction=1	jar:datomic-lucene-core-3.3.0.jar	datomic-lucene-core-3.3.0.jar
com/datomic/lucene/analysis/standard/StandardAnalyzer	6	3	0	3	method-owner=3,type-instruction=3	jar:datomic-lucene-core-3.3.0.jar	datomic-lucene-core-3.3.0.jar
com/datomic/lucene/analysis/tokenattributes/CharTermAttributeImpl	2	1	0	1	method-owner=1,type-instruction=1	jar:datomic-lucene-core-3.3.0.jar	datomic-lucene-core-3.3.0.jar
com/datomic/lucene/document/AbstractField	6	3	0	3	method-owner=3,type-instruction=3	jar:datomic-lucene-core-3.3.0.jar	datomic-lucene-core-3.3.0.jar
com/datomic/lucene/document/Document	13	4	0	9	call-descriptor=4,method-owner=4,type-instruction=5	jar:datomic-lucene-core-3.3.0.jar	datomic-lucene-core-3.3.0.jar
com/datomic/lucene/document/Field	6	3	0	3	method-owner=3,type-instruction=3	jar:datomic-lucene-core-3.3.0.jar	datomic-lucene-core-3.3.0.jar
com/datomic/lucene/document/Field$Index	4	1	0	3	call-descriptor=2,method-owner=1,type-instruction=1	jar:datomic-lucene-core-3.3.0.jar	datomic-lucene-core-3.3.0.jar
com/datomic/lucene/document/Field$Store	10	0	3	7	call-descriptor=2,field-instruction-descriptor=3,field-owner=3,type-instruction=2	jar:datomic-lucene-core-3.3.0.jar	datomic-lucene-core-3.3.0.jar
com/datomic/lucene/document/Fieldable	5	0	0	5	call-descriptor=3,type-instruction=2	jar:datomic-lucene-core-3.3.0.jar	datomic-lucene-core-3.3.0.jar
com/datomic/lucene/document/NumericField	7	3	0	4	call-descriptor=1,method-owner=3,type-instruction=3	jar:datomic-lucene-core-3.3.0.jar	datomic-lucene-core-3.3.0.jar
com/datomic/lucene/index/IndexReader	16	6	0	10	call-descriptor=6,method-owner=6,type-instruction=4	jar:datomic-lucene-core-3.3.0.jar	datomic-lucene-core-3.3.0.jar
com/datomic/lucene/index/IndexWriter	12	5	0	7	call-descriptor=1,method-owner=5,type-instruction=6	jar:datomic-lucene-core-3.3.0.jar	datomic-lucene-core-3.3.0.jar
com/datomic/lucene/index/IndexWriterConfig	4	1	0	3	call-descriptor=1,method-owner=1,type-instruction=2	jar:datomic-lucene-core-3.3.0.jar	datomic-lucene-core-3.3.0.jar
com/datomic/lucene/index/MultiReader	2	1	0	1	method-owner=1,type-instruction=1	jar:datomic-lucene-core-3.3.0.jar	datomic-lucene-core-3.3.0.jar
com/datomic/lucene/index/Term	5	1	0	4	call-descriptor=2,method-owner=1,type-instruction=2	jar:datomic-lucene-core-3.3.0.jar	datomic-lucene-core-3.3.0.jar
com/datomic/lucene/index/TermEnum	4	2	0	2	method-owner=2,type-instruction=2	jar:datomic-lucene-core-3.3.0.jar	datomic-lucene-core-3.3.0.jar
com/datomic/lucene/queryParser/QueryParser	5	3	0	2	method-owner=3,type-instruction=2	jar:datomic-lucene-core-3.3.0.jar	datomic-lucene-core-3.3.0.jar
com/datomic/lucene/search/BooleanClause$Occur	16	0	6	10	call-descriptor=2,field-instruction-descriptor=6,field-owner=6,type-instruction=2	jar:datomic-lucene-core-3.3.0.jar	datomic-lucene-core-3.3.0.jar
com/datomic/lucene/search/BooleanQuery	6	3	0	3	method-owner=3,type-instruction=3	jar:datomic-lucene-core-3.3.0.jar	datomic-lucene-core-3.3.0.jar
com/datomic/lucene/search/IndexSearcher	14	7	0	7	method-owner=7,type-instruction=7	jar:datomic-lucene-core-3.3.0.jar	datomic-lucene-core-3.3.0.jar
com/datomic/lucene/search/NumericRangeQuery	2	1	0	1	call-descriptor=1,method-owner=1	jar:datomic-lucene-core-3.3.0.jar	datomic-lucene-core-3.3.0.jar
com/datomic/lucene/search/Query	11	0	0	11	call-descriptor=6,type-instruction=5	jar:datomic-lucene-core-3.3.0.jar	datomic-lucene-core-3.3.0.jar
com/datomic/lucene/search/ScoreDoc	15	0	6	9	field-instruction-descriptor=3,field-owner=6,type-instruction=6	jar:datomic-lucene-core-3.3.0.jar	datomic-lucene-core-3.3.0.jar
com/datomic/lucene/search/TermQuery	2	1	0	1	method-owner=1,type-instruction=1	jar:datomic-lucene-core-3.3.0.jar	datomic-lucene-core-3.3.0.jar
com/datomic/lucene/search/TopDocs	9	0	3	6	call-descriptor=3,field-owner=3,type-instruction=3	jar:datomic-lucene-core-3.3.0.jar	datomic-lucene-core-3.3.0.jar
com/datomic/lucene/store/Directory	61	22	0	39	call-descriptor=5,field-descriptor=2,field-instruction-descriptor=20,local-descriptor=2,method-descriptor=2,method-owner=22,super=3,type-instruction=5	jar:datomic-lucene-core-3.3.0.jar	datomic-lucene-core-3.3.0.jar
com/datomic/lucene/store/FSDirectory	2	1	0	1	call-descriptor=1,method-owner=1	jar:datomic-lucene-core-3.3.0.jar	datomic-lucene-core-3.3.0.jar
com/datomic/lucene/store/IndexInput	10	3	0	7	call-descriptor=2,method-descriptor=3,method-owner=3,super=2	jar:datomic-lucene-core-3.3.0.jar	datomic-lucene-core-3.3.0.jar
com/datomic/lucene/store/IndexOutput	4	0	0	4	call-descriptor=1,method-descriptor=3	jar:datomic-lucene-core-3.3.0.jar	datomic-lucene-core-3.3.0.jar
com/datomic/lucene/store/LockFactory	4	0	0	4	call-descriptor=4	jar:datomic-lucene-core-3.3.0.jar	datomic-lucene-core-3.3.0.jar
com/datomic/lucene/store/NoLockFactory	2	1	0	1	call-descriptor=1,method-owner=1	jar:datomic-lucene-core-3.3.0.jar	datomic-lucene-core-3.3.0.jar
com/datomic/lucene/store/RAMDirectory	2	1	0	1	method-owner=1,type-instruction=1	jar:datomic-lucene-core-3.3.0.jar	datomic-lucene-core-3.3.0.jar
com/datomic/lucene/store/RAMFile	16	2	0	14	call-descriptor=6,local-descriptor=3,method-descriptor=3,method-owner=2,type-instruction=2	jar:datomic-lucene-core-3.3.0.jar	datomic-lucene-core-3.3.0.jar
com/datomic/lucene/store/RAMInputStream	4	1	0	3	call-descriptor=1,method-descriptor=1,method-owner=1,type-instruction=1	jar:datomic-lucene-core-3.3.0.jar	datomic-lucene-core-3.3.0.jar
com/datomic/lucene/store/RAMOutputStream	2	1	0	1	method-owner=1,type-instruction=1	jar:datomic-lucene-core-3.3.0.jar	datomic-lucene-core-3.3.0.jar
com/datomic/lucene/store/SingleInstanceLockFactory	2	1	0	1	method-owner=1,type-instruction=1	jar:datomic-lucene-core-3.3.0.jar	datomic-lucene-core-3.3.0.jar
com/datomic/lucene/util/Attribute	1	0	0	1	call-descriptor=1	jar:datomic-lucene-core-3.3.0.jar	datomic-lucene-core-3.3.0.jar
com/datomic/lucene/util/AttributeSource	2	1	0	1	method-owner=1,type-instruction=1	jar:datomic-lucene-core-3.3.0.jar	datomic-lucene-core-3.3.0.jar
com/datomic/lucene/util/Constants	1	0	1	0	field-owner=1	jar:datomic-lucene-core-3.3.0.jar	datomic-lucene-core-3.3.0.jar
com/datomic/lucene/util/Version	18	0	4	14	call-descriptor=5,field-instruction-descriptor=4,field-owner=4,type-instruction=5	jar:datomic-lucene-core-3.3.0.jar	datomic-lucene-core-3.3.0.jar
com/github/benmanes/caffeine/cache/Cache	23	7	0	16	call-descriptor=9,method-owner=7,type-instruction=7	jar:caffeine-3.1.5.jar	caffeine-3.1.5.jar
com/github/benmanes/caffeine/cache/CacheLoader	3	0	0	3	call-descriptor=1,interface=1,type-instruction=1	jar:caffeine-3.1.5.jar	caffeine-3.1.5.jar
com/github/benmanes/caffeine/cache/Caffeine	88	36	0	52	call-descriptor=26,method-owner=36,type-instruction=26	jar:caffeine-3.1.5.jar	caffeine-3.1.5.jar
com/github/benmanes/caffeine/cache/LoadingCache	3	1	0	2	call-descriptor=1,method-owner=1,type-instruction=1	jar:caffeine-3.1.5.jar	caffeine-3.1.5.jar
com/github/benmanes/caffeine/cache/Weigher	3	0	0	3	call-descriptor=1,interface=1,type-instruction=1	jar:caffeine-3.1.5.jar	caffeine-3.1.5.jar
com/google/common/cache/CacheLoader	2	1	0	1	method-owner=1,super=1	jar:guava-32.0.1-android.jar	guava-32.0.1-android.jar
datomic/java/io/impl/ByteBufferInputStream	2	1	0	1	method-owner=1,type-instruction=1	jar:java-io-0.1.29.jar	java-io-0.1.29.jar
datomic/query/support/MapOnIndexed	2	1	0	1	method-owner=1,type-instruction=1	jar:query-support-0.8.28.jar	query-support-0.8.28.jar
datomic/spy/memcached/AddrUtil	1	1	0	0	method-owner=1	jar:memcache-asg-java-client-1.1.0.36.jar	memcache-asg-java-client-1.1.0.36.jar
datomic/spy/memcached/CachedData	10	2	0	8	local-descriptor=2,method-descriptor=3,method-owner=2,type-instruction=3	jar:memcache-asg-java-client-1.1.0.36.jar	memcache-asg-java-client-1.1.0.36.jar
datomic/spy/memcached/ConnectionFactory	3	0	0	3	call-descriptor=2,type-instruction=1	jar:memcache-asg-java-client-1.1.0.36.jar	memcache-asg-java-client-1.1.0.36.jar
datomic/spy/memcached/ConnectionFactoryBuilder	31	11	0	20	call-descriptor=9,method-owner=11,type-instruction=11	jar:memcache-asg-java-client-1.1.0.36.jar	memcache-asg-java-client-1.1.0.36.jar
datomic/spy/memcached/ConnectionFactoryBuilder$Locator	4	0	1	3	call-descriptor=1,field-instruction-descriptor=1,field-owner=1,type-instruction=1	jar:memcache-asg-java-client-1.1.0.36.jar	memcache-asg-java-client-1.1.0.36.jar
datomic/spy/memcached/ConnectionFactoryBuilder$Protocol	4	0	1	3	call-descriptor=1,field-instruction-descriptor=1,field-owner=1,type-instruction=1	jar:memcache-asg-java-client-1.1.0.36.jar	memcache-asg-java-client-1.1.0.36.jar
datomic/spy/memcached/DefaultHashAlgorithm	2	0	1	1	field-instruction-descriptor=1,field-owner=1	jar:memcache-asg-java-client-1.1.0.36.jar	memcache-asg-java-client-1.1.0.36.jar
datomic/spy/memcached/FailureMode	4	0	1	3	call-descriptor=1,field-instruction-descriptor=1,field-owner=1,type-instruction=1	jar:memcache-asg-java-client-1.1.0.36.jar	memcache-asg-java-client-1.1.0.36.jar
datomic/spy/memcached/HashAlgorithm	2	0	0	2	call-descriptor=1,type-instruction=1	jar:memcache-asg-java-client-1.1.0.36.jar	memcache-asg-java-client-1.1.0.36.jar
datomic/spy/memcached/MemcachedClient	12	6	0	6	method-owner=6,type-instruction=6	jar:memcache-asg-java-client-1.1.0.36.jar	memcache-asg-java-client-1.1.0.36.jar
datomic/spy/memcached/MemcachedConnection	1	0	0	1	call-descriptor=1	jar:memcache-asg-java-client-1.1.0.36.jar	memcache-asg-java-client-1.1.0.36.jar
datomic/spy/memcached/OperationTimeoutException	1	0	0	1	type-instruction=1	jar:memcache-asg-java-client-1.1.0.36.jar	memcache-asg-java-client-1.1.0.36.jar
datomic/spy/memcached/auth/AuthDescriptor	4	1	0	3	call-descriptor=1,method-owner=1,type-instruction=2	jar:memcache-asg-java-client-1.1.0.36.jar	memcache-asg-java-client-1.1.0.36.jar
datomic/spy/memcached/auth/PlainCallbackHandler	2	1	0	1	method-owner=1,type-instruction=1	jar:memcache-asg-java-client-1.1.0.36.jar	memcache-asg-java-client-1.1.0.36.jar
datomic/spy/memcached/internal/OperationCompletionListener	5	0	0	5	call-descriptor=2,interface=1,type-instruction=2	jar:memcache-asg-java-client-1.1.0.36.jar	memcache-asg-java-client-1.1.0.36.jar
datomic/spy/memcached/internal/OperationFuture	7	2	0	5	call-descriptor=3,method-owner=2,type-instruction=2	jar:memcache-asg-java-client-1.1.0.36.jar	memcache-asg-java-client-1.1.0.36.jar
datomic/spy/memcached/transcoders/Transcoder	3	0	0	3	call-descriptor=1,interface=1,type-instruction=1	jar:memcache-asg-java-client-1.1.0.36.jar	memcache-asg-java-client-1.1.0.36.jar
java/beans/BeanInfo	6	2	0	4	call-descriptor=2,method-owner=2,type-instruction=2	jdk:java.beans	
java/beans/FeatureDescriptor	4	2	0	2	method-owner=2,type-instruction=2	jdk:java.beans	
java/beans/Introspector	2	2	0	0	method-owner=2	jdk:java.beans	
java/beans/PropertyDescriptor	6	2	0	4	call-descriptor=2,method-owner=2,type-instruction=2	jdk:java.beans	
java/io/BufferedOutputStream	10	5	0	5	method-owner=5,type-instruction=5	jdk:java.io	
java/io/BufferedReader	4	2	0	2	method-owner=2,type-instruction=2	jdk:java.io	
java/io/ByteArrayInputStream	4	2	0	2	method-owner=2,type-instruction=2	jdk:java.io	
java/io/ByteArrayOutputStream	14	7	0	7	method-owner=7,type-instruction=7	jdk:java.io	
java/io/Closeable	10	3	0	7	interface=4,method-owner=3,type-instruction=3	jdk:java.io	
java/io/DataInputStream	7	5	0	2	local-descriptor=1,method-descriptor=1,method-owner=5	jdk:java.io	
java/io/DataOutputStream	7	5	0	2	local-descriptor=1,method-descriptor=1,method-owner=5	jdk:java.io	
java/io/EOFException	2	0	0	2	catch-type=2	jdk:java.io	
java/io/File	60	23	0	37	call-descriptor=11,method-owner=23,type-instruction=26	jdk:java.io	
java/io/FileInputStream	10	5	0	5	method-owner=5,type-instruction=5	jdk:java.io	
java/io/FileNotFoundException	7	1	0	6	catch-type=3,declared-exception=2,method-owner=1,type-instruction=1	jdk:java.io	
java/io/FileReader	2	1	0	1	method-owner=1,type-instruction=1	jdk:java.io	
java/io/FilterOutputStream	8	4	0	4	method-owner=4,type-instruction=4	jdk:java.io	
java/io/IOException	113	10	0	103	catch-type=2,declared-exception=86,local-descriptor=3,method-descriptor=2,method-owner=10,type-instruction=10	jdk:java.io	
java/io/InputStream	89	32	0	57	call-descriptor=15,local-descriptor=1,method-owner=32,super=1,type-instruction=40	jdk:java.io	
java/io/InputStreamReader	2	1	0	1	method-owner=1,type-instruction=1	jdk:java.io	
java/io/InterruptedIOException	1	0	0	1	type-instruction=1	jdk:java.io	
java/io/NotSerializableException	4	2	0	2	method-owner=2,type-instruction=2	jdk:java.io	
java/io/ObjectInputStream	1	0	0	1	method-descriptor=1	jdk:java.io	
java/io/ObjectOutputStream	1	0	0	1	method-descriptor=1	jdk:java.io	
java/io/OutputStream	46	20	0	26	call-descriptor=8,method-owner=20,super=2,type-instruction=16	jdk:java.io	
java/io/PrintStream	122	61	0	61	field-instruction-descriptor=61,method-owner=61	jdk:java.io	
java/io/PrintWriter	8	3	0	5	call-descriptor=1,method-owner=3,type-instruction=4	jdk:java.io	
java/io/PushbackReader	4	2	0	2	method-owner=2,type-instruction=2	jdk:java.io	
java/io/Reader	19	3	0	16	call-descriptor=6,local-descriptor=2,method-descriptor=2,method-owner=3,type-instruction=6	jdk:java.io	
java/io/Serializable	26	0	0	26	interface=26	jdk:java.io	
java/io/StringReader	4	2	0	2	method-owner=2,type-instruction=2	jdk:java.io	
java/io/StringWriter	12	6	0	6	local-descriptor=1,method-owner=6,type-instruction=5	jdk:java.io	
java/io/Writer	52	25	0	27	call-descriptor=1,method-owner=25,type-instruction=26	jdk:java.io	
java/lang/AssertionError	246	123	0	123	method-owner=123,type-instruction=123	jdk:java.lang	
java/lang/AutoCloseable	29	10	0	19	interface=8,method-owner=10,type-instruction=11	jdk:java.lang	
java/lang/Boolean	13937	121	6832	6984	call-descriptor=24,field-instruction-descriptor=6826,field-owner=6832,method-owner=121,type-instruction=134	jdk:java.lang	
java/lang/Byte	37	18	1	18	call-descriptor=18,field-owner=1,method-owner=18	jdk:java.lang	
java/lang/CharSequence	4	0	0	4	call-descriptor=2,type-instruction=2	jdk:java.lang	
java/lang/Character	39	19	1	19	call-descriptor=14,field-owner=1,method-owner=19,type-instruction=5	jdk:java.lang	
java/lang/Class	7197	321	0	6876	call-descriptor=4986,field-descriptor=505,field-instruction-descriptor=1062,method-owner=321,type-instruction=323	jdk:java.lang	
java/lang/ClassCastException	1	0	0	1	catch-type=1	jdk:java.lang	
java/lang/ClassLoader	429	1	0	428	call-descriptor=427,method-owner=1,type-instruction=1	jdk:java.lang	
java/lang/ClassNotFoundException	2	0	0	2	catch-type=2	jdk:java.lang	
java/lang/CloneNotSupportedException	1	0	0	1	declared-exception=1	jdk:java.lang	
java/lang/Cloneable	1	0	0	1	interface=1	jdk:java.lang	
java/lang/Comparable	22	8	0	14	field-descriptor=1,field-instruction-descriptor=3,interface=2,method-owner=8,type-instruction=8	jdk:java.lang	
java/lang/Double	99	43	1	55	call-descriptor=48,field-owner=1,method-owner=43,type-instruction=7	jdk:java.lang	
java/lang/Enum	2	1	0	1	call-descriptor=1,method-owner=1	jdk:java.lang	
java/lang/Error	23	11	0	12	catch-type=1,method-owner=11,type-instruction=11	jdk:java.lang	
java/lang/Exception	40	11	0	29	catch-type=7,declared-exception=11,method-owner=11,type-instruction=11	jdk:java.lang	
java/lang/Float	7	3	1	3	call-descriptor=3,field-owner=1,method-owner=3	jdk:java.lang	
java/lang/IllegalArgumentException	234	117	0	117	catch-type=1,method-owner=117,super=1,type-instruction=115	jdk:java.lang	
java/lang/IllegalStateException	32	16	0	16	method-owner=16,super=1,type-instruction=15	jdk:java.lang	
java/lang/Integer	7128	3545	27	3556	call-descriptor=3547,field-owner=27,method-owner=3545,type-instruction=9	jdk:java.lang	
java/lang/InterruptedException	12	1	0	11	catch-type=1,declared-exception=7,method-owner=1,type-instruction=3	jdk:java.lang	
java/lang/Iterable	46	5	0	41	call-descriptor=11,interface=5,local-descriptor=1,method-descriptor=10,method-owner=5,type-instruction=14	jdk:java.lang	
java/lang/Long	2943	1444	30	1469	call-descriptor=1413,field-owner=30,method-descriptor=4,method-owner=1444,type-instruction=52	jdk:java.lang	
java/lang/Math	29	29	0	0	method-owner=29	jdk:java.lang	
java/lang/Number	1477	36	0	1441	call-descriptor=956,method-owner=36,type-instruction=485	jdk:java.lang	
java/lang/Object	235862	497	0	235365	call-descriptor=149221,field-descriptor=5686,field-instruction-descriptor=17911,indy-bootstrap-descriptor=26,local-descriptor=25293,method-descriptor=26143,method-owner=497,super=587,type-instruction=10498	jdk:java.lang	
java/lang/Package	3	1	0	2	call-descriptor=1,method-owner=1,type-instruction=1	jdk:java.lang	
java/lang/Runnable	45	0	0	45	call-descriptor=14,local-descriptor=8,method-descriptor=9,type-instruction=14	jdk:java.lang	
java/lang/Runtime	42	21	0	21	call-descriptor=10,method-owner=21,type-instruction=11	jdk:java.lang	
java/lang/RuntimeException	43	21	0	22	catch-type=1,method-owner=21,type-instruction=21	jdk:java.lang	
java/lang/Short	7	3	1	3	call-descriptor=2,field-owner=1,method-owner=3,type-instruction=1	jdk:java.lang	
java/lang/String	102767	67	0	102700	call-descriptor=101175,field-descriptor=10,field-instruction-descriptor=27,indy-bootstrap-descriptor=52,indy-descriptor=37,local-descriptor=42,method-descriptor=64,method-owner=67,type-instruction=1293	jdk:java.lang	
java/lang/StringBuffer	69	33	0	36	call-descriptor=29,local-descriptor=2,method-owner=33,type-instruction=5	jdk:java.lang	
java/lang/System	371	310	61	0	field-owner=61,method-owner=310	jdk:java.lang	
java/lang/Thread	83	46	0	37	call-descriptor=7,local-descriptor=1,method-descriptor=3,method-owner=46,type-instruction=26	jdk:java.lang	
java/lang/Thread$UncaughtExceptionHandler	6	1	0	5	call-descriptor=2,interface=1,method-owner=1,type-instruction=2	jdk:java.lang	
java/lang/ThreadGroup	2	0	0	2	call-descriptor=1,type-instruction=1	jdk:java.lang	
java/lang/Throwable	1141	32	0	1109	call-descriptor=53,catch-type=266,local-descriptor=3,method-descriptor=3,method-owner=32,type-instruction=784	jdk:java.lang	
java/lang/UnsupportedOperationException	276	138	0	138	method-owner=138,type-instruction=138	jdk:java.lang	
java/lang/Void	1	0	1	0	field-owner=1	jdk:java.lang	
java/lang/invoke/CallSite	26	0	0	26	indy-bootstrap-descriptor=26	jdk:java.lang	
java/lang/invoke/MethodHandles$Lookup	26	0	0	26	indy-bootstrap-descriptor=26	jdk:java.lang	
java/lang/invoke/MethodType	26	0	0	26	indy-bootstrap-descriptor=26	jdk:java.lang	
java/lang/invoke/StringConcatFactory	26	26	0	0	indy-bootstrap=26	jdk:java.lang	
java/lang/management/ManagementFactory	1	1	0	0	method-owner=1	jdk:java.lang	
java/lang/management/RuntimeMXBean	3	1	0	2	call-descriptor=1,method-owner=1,type-instruction=1	jdk:java.lang	
java/lang/ref/PhantomReference	2	1	0	1	method-owner=1,type-instruction=1	jdk:java.lang	
java/lang/ref/Reference	15	6	0	9	call-descriptor=3,method-owner=6,type-instruction=6	jdk:java.lang	
java/lang/ref/ReferenceQueue	10	4	0	6	call-descriptor=1,method-owner=4,type-instruction=5	jdk:java.lang	
java/lang/ref/WeakReference	6	3	0	3	method-owner=3,type-instruction=3	jdk:java.lang	
java/lang/reflect/Array	2	2	0	0	method-owner=2	jdk:java.lang	
java/lang/reflect/Field	4	2	0	2	method-owner=2,type-instruction=2	jdk:java.lang	
java/lang/reflect/Method	69	31	0	38	call-descriptor=7,method-owner=31,type-instruction=31	jdk:java.lang	
java/lang/reflect/Modifier	1	0	1	0	field-owner=1	jdk:java.lang	
java/math/BigDecimal	10	4	0	6	method-owner=4,type-instruction=6	jdk:java.math	
java/math/BigInteger	7	2	0	5	call-descriptor=2,field-instruction-descriptor=1,method-owner=2,type-instruction=2	jdk:java.math	
java/net/HttpURLConnection	4	2	0	2	method-owner=2,type-instruction=2	jdk:java.net	
java/net/InetAddress	2	0	0	2	call-descriptor=1,type-instruction=1	jdk:java.net	
java/net/InetSocketAddress	8	3	0	5	call-descriptor=2,method-owner=3,type-instruction=3	jdk:java.net	
java/net/ServerSocket	11	5	0	6	call-descriptor=1,method-owner=5,type-instruction=5	jdk:java.net	
java/net/Socket	3	1	0	2	call-descriptor=1,method-owner=1,type-instruction=1	jdk:java.net	
java/net/SocketAddress	3	0	0	3	call-descriptor=2,type-instruction=1	jdk:java.net	
java/net/URI	87	43	0	44	call-descriptor=1,method-owner=43,type-instruction=43	jdk:java.net	
java/net/URL	14	6	0	8	call-descriptor=2,method-owner=6,type-instruction=6	jdk:java.net	
java/net/URLConnection	21	9	0	12	call-descriptor=3,method-owner=9,type-instruction=9	jdk:java.net	
java/nio/Buffer	128	64	0	64	method-owner=64,type-instruction=64	jdk:java.nio	
java/nio/ByteBuffer	516	180	0	336	call-descriptor=168,field-descriptor=1,field-instruction-descriptor=14,method-owner=180,type-instruction=153	jdk:java.nio	
java/nio/channels/AsynchronousCloseException	1	0	0	1	catch-type=1	jdk:java.nio	
java/nio/channels/FileChannel	31	14	0	17	call-descriptor=9,method-owner=14,type-instruction=8	jdk:java.nio	
java/nio/channels/ReadableByteChannel	4	1	0	3	call-descriptor=1,method-owner=1,type-instruction=2	jdk:java.nio	
java/nio/channels/ServerSocketChannel	6	3	0	3	call-descriptor=1,method-owner=3,type-instruction=2	jdk:java.nio	
java/nio/channels/SocketChannel	5	2	0	3	call-descriptor=1,method-owner=2,type-instruction=2	jdk:java.nio	
java/nio/channels/WritableByteChannel	4	1	0	3	call-descriptor=1,method-owner=1,type-instruction=2	jdk:java.nio	
java/nio/channels/spi/AbstractInterruptibleChannel	40	20	0	20	method-owner=20,type-instruction=20	jdk:java.nio	
java/nio/file/CopyOption	2	0	0	2	call-descriptor=2	jdk:java.nio	
java/nio/file/FileSystem	9	3	0	6	call-descriptor=3,method-owner=3,type-instruction=3	jdk:java.nio	
java/nio/file/FileSystems	3	3	0	0	method-owner=3	jdk:java.nio	
java/nio/file/FileVisitResult	16	0	4	12	field-instruction-descriptor=4,field-owner=4,method-descriptor=4,type-instruction=4	jdk:java.nio	
java/nio/file/FileVisitor	3	0	0	3	call-descriptor=1,interface=1,type-instruction=1	jdk:java.nio	
java/nio/file/Files	8	8	0	0	method-owner=8	jdk:java.nio	
java/nio/file/LinkOption	2	0	0	2	call-descriptor=2	jdk:java.nio	
java/nio/file/NoSuchFileException	1	0	0	1	catch-type=1	jdk:java.nio	
java/nio/file/OpenOption	6	0	0	6	call-descriptor=6	jdk:java.nio	
java/nio/file/Path	51	4	0	47	call-descriptor=27,method-owner=4,type-instruction=20	jdk:java.nio	
java/nio/file/StandardCopyOption	4	0	2	2	field-instruction-descriptor=2,field-owner=2	jdk:java.nio	
java/nio/file/StandardOpenOption	24	0	12	12	field-instruction-descriptor=12,field-owner=12	jdk:java.nio	
java/nio/file/attribute/BasicFileAttributes	4	0	0	4	local-descriptor=2,method-descriptor=2	jdk:java.nio	
java/nio/file/attribute/FileAttribute	2	0	0	2	call-descriptor=2	jdk:java.nio	
java/nio/file/attribute/FileTime	2	1	0	1	method-owner=1,type-instruction=1	jdk:java.nio	
java/security/Key	31	8	0	23	call-descriptor=8,method-owner=8,type-instruction=15	jdk:java.security	
java/security/KeyFactory	4	2	0	2	call-descriptor=1,method-owner=2,type-instruction=1	jdk:java.security	
java/security/KeyStore	9	5	0	4	call-descriptor=1,method-owner=5,type-instruction=3	jdk:java.security	
java/security/MessageDigest	4	2	0	2	call-descriptor=1,method-owner=2,type-instruction=1	jdk:java.security	
java/security/PrivateKey	2	0	0	2	call-descriptor=1,type-instruction=1	jdk:java.security	
java/security/PublicKey	4	0	0	4	call-descriptor=3,type-instruction=1	jdk:java.security	
java/security/SecureRandom	10	4	0	6	call-descriptor=1,method-owner=4,type-instruction=5	jdk:java.security	
java/security/Signature	16	8	0	8	call-descriptor=2,method-owner=8,type-instruction=6	jdk:java.security	
java/security/cert/Certificate	3	1	0	2	call-descriptor=1,method-owner=1,type-instruction=1	jdk:java.security	
java/security/spec/AlgorithmParameterSpec	2	0	0	2	call-descriptor=1,type-instruction=1	jdk:java.security	
java/security/spec/KeySpec	2	0	0	2	call-descriptor=1,type-instruction=1	jdk:java.security	
java/security/spec/X509EncodedKeySpec	2	1	0	1	method-owner=1,type-instruction=1	jdk:java.security	
java/sql/Connection	47	23	0	24	call-descriptor=1,method-owner=23,type-instruction=23	jdk:java.sql	
java/sql/Driver	1	0	0	1	call-descriptor=1	jdk:java.sql	
java/sql/DriverManager	1	1	0	0	method-owner=1	jdk:java.sql	
java/sql/PreparedStatement	57	24	0	33	call-descriptor=9,method-owner=24,type-instruction=24	jdk:java.sql	
java/sql/ResultSet	18	8	0	10	call-descriptor=2,method-owner=8,type-instruction=8	jdk:java.sql	
java/sql/SQLException	8	3	0	5	catch-type=2,method-owner=3,type-instruction=3	jdk:java.sql	
java/sql/Statement	36	18	0	18	method-owner=18,type-instruction=18	jdk:java.sql	
java/sql/Types	9	0	9	0	field-owner=9	jdk:java.sql	
java/text/DateFormat	2	1	0	1	method-owner=1,type-instruction=1	jdk:java.text	
java/text/SimpleDateFormat	2	1	0	1	method-owner=1,type-instruction=1	jdk:java.text	
java/util/AbstractCollection	4	2	0	2	method-owner=2,type-instruction=2	jdk:java.util	
java/util/AbstractSet	4	2	0	2	method-owner=2,type-instruction=2	jdk:java.util	
java/util/ArrayList	77	36	0	41	call-descriptor=1,local-descriptor=1,method-descriptor=2,method-owner=36,type-instruction=37	jdk:java.util	
java/util/Arrays	3154	3154	0	0	method-owner=3154	jdk:java.util	
java/util/Collection	183	8	0	175	call-descriptor=53,interface=1,local-descriptor=5,method-descriptor=39,method-owner=8,type-instruction=77	jdk:java.util	
java/util/Collections	13	13	0	0	method-owner=13	jdk:java.util	
java/util/Comparator	75	17	0	58	call-descriptor=12,interface=17,method-descriptor=1,method-owner=17,type-instruction=28	jdk:java.util	
java/util/Date	58	8	0	50	call-descriptor=24,local-descriptor=2,method-descriptor=3,method-owner=8,type-instruction=21	jdk:java.util	
java/util/HashMap	52	26	0	26	method-owner=26,type-instruction=26	jdk:java.util	
java/util/HashSet	56	28	0	28	method-owner=28,type-instruction=28	jdk:java.util	
java/util/Iterator	239	40	0	199	call-descriptor=64,interface=6,method-descriptor=33,method-owner=40,type-instruction=96	jdk:java.util	
java/util/List	6545	23	0	6522	call-descriptor=6371,interface=3,local-descriptor=13,method-descriptor=32,method-owner=23,type-instruction=103	jdk:java.util	
java/util/ListIterator	8	0	0	8	call-descriptor=4,method-descriptor=2,type-instruction=2	jdk:java.util	
java/util/Map	263	33	0	230	call-descriptor=49,field-descriptor=1,field-instruction-descriptor=8,interface=25,local-descriptor=33,method-descriptor=43,method-owner=33,type-instruction=71	jdk:java.util	
java/util/Map$Entry	5	1	0	4	method-owner=1,type-instruction=4	jdk:java.util	
java/util/NoSuchElementException	4	2	0	2	method-owner=2,type-instruction=2	jdk:java.util	
java/util/PriorityQueue	10	5	0	5	method-owner=5,type-instruction=5	jdk:java.util	
java/util/Properties	34	17	0	17	method-owner=17,type-instruction=17	jdk:java.util	
java/util/Queue	14	7	0	7	method-owner=7,type-instruction=7	jdk:java.util	
java/util/Random	22	11	0	11	local-descriptor=1,method-owner=11,type-instruction=10	jdk:java.util	
java/util/RandomAccess	3	0	0	3	interface=2,type-instruction=1	jdk:java.util	
java/util/Set	128	10	0	118	call-descriptor=4,local-descriptor=1,method-descriptor=52,method-owner=10,type-instruction=61	jdk:java.util	
java/util/SortedMap	2	0	0	2	call-descriptor=2	jdk:java.util	
java/util/SortedSet	1	0	0	1	call-descriptor=1	jdk:java.util	
java/util/Spliterator	5	0	0	5	call-descriptor=3,method-descriptor=1,type-instruction=1	jdk:java.util	
java/util/Spliterators	1	1	0	0	method-owner=1	jdk:java.util	
java/util/Timer	8	4	0	4	method-owner=4,type-instruction=4	jdk:java.util	
java/util/TimerTask	12	7	0	5	call-descriptor=2,method-owner=7,super=1,type-instruction=2	jdk:java.util	
java/util/TreeMap	10	5	0	5	method-owner=5,type-instruction=5	jdk:java.util	
java/util/TreeSet	10	5	0	5	method-owner=5,type-instruction=5	jdk:java.util	
java/util/UUID	33	13	0	20	call-descriptor=11,local-descriptor=1,method-descriptor=2,method-owner=13,type-instruction=6	jdk:java.util	
java/util/concurrent/AbstractExecutorService	14	7	0	7	method-owner=7,type-instruction=7	jdk:java.util	
java/util/concurrent/ArrayBlockingQueue	8	4	0	4	method-owner=4,type-instruction=4	jdk:java.util	
java/util/concurrent/BlockingQueue	38	11	0	27	call-descriptor=8,method-descriptor=3,method-owner=11,type-instruction=16	jdk:java.util	
java/util/concurrent/Callable	308	1	0	307	call-descriptor=151,local-descriptor=3,method-descriptor=3,method-owner=1,type-instruction=150	jdk:java.util	
java/util/concurrent/CancellationException	3	1	0	2	method-owner=1,type-instruction=2	jdk:java.util	
java/util/concurrent/ConcurrentHashMap	54	27	0	27	method-owner=27,type-instruction=27	jdk:java.util	
java/util/concurrent/ConcurrentHashMap$KeySetView	1	0	0	1	call-descriptor=1	jdk:java.util	
java/util/concurrent/ConcurrentMap	11	5	0	6	call-descriptor=1,method-owner=5,type-instruction=5	jdk:java.util	
java/util/concurrent/CountDownLatch	12	6	0	6	method-owner=6,type-instruction=6	jdk:java.util	
java/util/concurrent/ExecutionException	6	1	0	5	declared-exception=4,method-owner=1,type-instruction=1	jdk:java.util	
java/util/concurrent/Executor	11	3	0	8	call-descriptor=1,local-descriptor=1,method-descriptor=2,method-owner=3,type-instruction=4	jdk:java.util	
java/util/concurrent/ExecutorService	16	6	0	10	call-descriptor=3,interface=1,method-owner=6,type-instruction=6	jdk:java.util	
java/util/concurrent/Executors	4	4	0	0	method-owner=4	jdk:java.util	
java/util/concurrent/Future	38	10	0	28	call-descriptor=8,interface=2,local-descriptor=1,method-descriptor=4,method-owner=10,type-instruction=13	jdk:java.util	
java/util/concurrent/FutureTask	2	1	0	1	method-owner=1,super=1	jdk:java.util	
java/util/concurrent/LinkedBlockingQueue	12	6	0	6	method-owner=6,type-instruction=6	jdk:java.util	
java/util/concurrent/PriorityBlockingQueue	2	1	0	1	method-owner=1,type-instruction=1	jdk:java.util	
java/util/concurrent/RejectedExecutionException	3	1	0	2	catch-type=1,method-owner=1,type-instruction=1	jdk:java.util	
java/util/concurrent/RejectedExecutionHandler	4	0	0	4	call-descriptor=1,interface=2,type-instruction=1	jdk:java.util	
java/util/concurrent/RunnableFuture	1	0	0	1	method-descriptor=1	jdk:java.util	
java/util/concurrent/ScheduledExecutorService	2	1	0	1	method-owner=1,type-instruction=1	jdk:java.util	
java/util/concurrent/ScheduledFuture	1	0	0	1	call-descriptor=1	jdk:java.util	
java/util/concurrent/ScheduledThreadPoolExecutor	2	1	0	1	method-owner=1,type-instruction=1	jdk:java.util	
java/util/concurrent/Semaphore	64	32	0	32	method-owner=32,type-instruction=32	jdk:java.util	
java/util/concurrent/SynchronousQueue	2	1	0	1	method-owner=1,type-instruction=1	jdk:java.util	
java/util/concurrent/ThreadFactory	17	1	0	16	call-descriptor=7,interface=2,method-owner=1,type-instruction=7	jdk:java.util	
java/util/concurrent/ThreadPoolExecutor	42	19	0	23	local-descriptor=2,method-descriptor=2,method-owner=19,super=1,type-instruction=18	jdk:java.util	
java/util/concurrent/TimeUnit	95	1	19	75	call-descriptor=23,field-instruction-descriptor=19,field-owner=19,local-descriptor=5,method-descriptor=5,method-owner=1,type-instruction=23	jdk:java.util	
java/util/concurrent/TimeoutException	19	6	0	13	catch-type=3,declared-exception=2,method-owner=6,type-instruction=8	jdk:java.util	
java/util/concurrent/atomic/AtomicBoolean	6	3	0	3	method-owner=3,type-instruction=3	jdk:java.util	
java/util/concurrent/atomic/AtomicLong	6	3	0	3	method-owner=3,type-instruction=3	jdk:java.util	
java/util/concurrent/atomic/AtomicReferenceArray	42	21	0	21	method-owner=21,type-instruction=21	jdk:java.util	
java/util/concurrent/atomic/LongAccumulator	12	6	0	6	method-owner=6,type-instruction=6	jdk:java.util	
java/util/concurrent/atomic/LongAdder	18	9	0	9	method-owner=9,type-instruction=9	jdk:java.util	
java/util/function/Consumer	2	0	0	2	call-descriptor=1,method-descriptor=1	jdk:java.util	
java/util/function/Function	12	0	0	12	call-descriptor=4,interface=4,type-instruction=4	jdk:java.util	
java/util/function/IntFunction	2	0	0	2	call-descriptor=1,method-descriptor=1	jdk:java.util	
java/util/function/LongBinaryOperator	6	0	0	6	call-descriptor=2,interface=2,type-instruction=2	jdk:java.util	
java/util/function/Predicate	2	0	0	2	call-descriptor=1,method-descriptor=1	jdk:java.util	
java/util/function/UnaryOperator	2	0	0	2	call-descriptor=1,method-descriptor=1	jdk:java.util	
java/util/regex/Pattern	98	49	0	49	call-descriptor=49,method-owner=49	jdk:java.util	
java/util/stream/Stream	16	1	0	15	call-descriptor=6,method-descriptor=6,method-owner=1,type-instruction=3	jdk:java.util	
java/util/stream/StreamSupport	1	1	0	0	method-owner=1	jdk:java.util	
java/util/zip/CRC32	4	2	0	2	method-owner=2,type-instruction=2	jdk:java.util	
java/util/zip/Checksum	2	1	0	1	method-owner=1,type-instruction=1	jdk:java.util	
java/util/zip/DeflaterOutputStream	8	4	0	4	method-owner=4,type-instruction=4	jdk:java.util	
java/util/zip/GZIPInputStream	12	6	0	6	method-owner=6,type-instruction=6	jdk:java.util	
java/util/zip/GZIPOutputStream	8	4	0	4	method-owner=4,type-instruction=4	jdk:java.util	
javax/crypto/Cipher	32	13	6	13	call-descriptor=1,field-owner=6,method-owner=13,type-instruction=12	jdk:javax.crypto	
javax/crypto/KeyGenerator	6	3	0	3	call-descriptor=1,method-owner=3,type-instruction=2	jdk:javax.crypto	
javax/crypto/Mac	20	10	0	10	call-descriptor=3,method-owner=10,type-instruction=7	jdk:javax.crypto	
javax/crypto/SecretKey	1	0	0	1	call-descriptor=1	jdk:javax.crypto	
javax/crypto/spec/IvParameterSpec	2	1	0	1	method-owner=1,type-instruction=1	jdk:javax.crypto	
javax/crypto/spec/SecretKeySpec	10	5	0	5	method-owner=5,type-instruction=5	jdk:javax.crypto	
javax/net/ssl/SSLContext	4	1	0	3	call-descriptor=2,method-owner=1,type-instruction=1	jdk:javax.net	
javax/security/auth/callback/CallbackHandler	2	0	0	2	call-descriptor=1,type-instruction=1	jdk:javax.security	
javax/sql/DataSource	2	1	0	1	method-owner=1,type-instruction=1	jdk:javax.sql	
org/apache/activemq/artemis/api/core/ActiveMQBuffer	22	7	0	15	call-descriptor=3,field-descriptor=1,field-instruction-descriptor=6,local-descriptor=1,method-descriptor=1,method-owner=7,type-instruction=3	jar:artemis-commons-2.31.2.jar	artemis-commons-2.31.2.jar
org/apache/activemq/artemis/api/core/ActiveMQException	6	0	0	6	local-descriptor=3,method-descriptor=3	jar:artemis-commons-2.31.2.jar	artemis-commons-2.31.2.jar
org/apache/activemq/artemis/api/core/Message	8	0	0	8	call-descriptor=4,type-instruction=4	jar:artemis-core-client-2.31.2.jar	artemis-core-client-2.31.2.jar
org/apache/activemq/artemis/api/core/TransportConfiguration	3	1	0	2	call-descriptor=1,method-owner=1,type-instruction=1	jar:artemis-core-client-2.31.2.jar	artemis-core-client-2.31.2.jar
org/apache/activemq/artemis/api/core/client/ActiveMQClient	1	1	0	0	method-owner=1	jar:artemis-core-client-2.31.2.jar	artemis-core-client-2.31.2.jar
org/apache/activemq/artemis/api/core/client/ClientConsumer	16	7	0	9	call-descriptor=2,method-owner=7,type-instruction=7	jar:artemis-core-client-2.31.2.jar	artemis-core-client-2.31.2.jar
org/apache/activemq/artemis/api/core/client/ClientMessage	10	2	0	8	call-descriptor=4,local-descriptor=1,method-descriptor=1,method-owner=2,type-instruction=2	jar:artemis-core-client-2.31.2.jar	artemis-core-client-2.31.2.jar
org/apache/activemq/artemis/api/core/client/ClientProducer	19	9	0	10	call-descriptor=1,method-owner=9,type-instruction=9	jar:artemis-core-client-2.31.2.jar	artemis-core-client-2.31.2.jar
org/apache/activemq/artemis/api/core/client/ClientSession	24	11	0	13	call-descriptor=2,method-owner=11,type-instruction=11	jar:artemis-core-client-2.31.2.jar	artemis-core-client-2.31.2.jar
org/apache/activemq/artemis/api/core/client/ClientSessionFactory	9	4	0	5	call-descriptor=1,method-owner=4,type-instruction=4	jar:artemis-core-client-2.31.2.jar	artemis-core-client-2.31.2.jar
org/apache/activemq/artemis/api/core/client/MessageHandler	3	0	0	3	call-descriptor=1,interface=1,type-instruction=1	jar:artemis-core-client-2.31.2.jar	artemis-core-client-2.31.2.jar
org/apache/activemq/artemis/api/core/client/ServerLocator	18	7	0	11	call-descriptor=4,method-owner=7,type-instruction=7	jar:artemis-core-client-2.31.2.jar	artemis-core-client-2.31.2.jar
org/apache/activemq/artemis/api/core/client/SessionFailureListener	3	0	0	3	call-descriptor=1,interface=1,type-instruction=1	jar:artemis-core-client-2.31.2.jar	artemis-core-client-2.31.2.jar
org/apache/commons/codec/binary/Base64	2	2	0	0	method-owner=2	jar:commons-codec-1.15.jar	commons-codec-1.15.jar
org/apache/tomcat/jdbc/pool/DataSource	4	2	0	2	method-owner=2,type-instruction=2	jar:tomcat-jdbc-7.0.109.jar	tomcat-jdbc-7.0.109.jar
org/apache/tomcat/jdbc/pool/DataSourceProxy	32	16	0	16	method-owner=16,type-instruction=16	jar:tomcat-jdbc-7.0.109.jar	tomcat-jdbc-7.0.109.jar
org/codehaus/commons/compiler/jdk/ClassBodyEvaluator	2	1	0	1	method-owner=1,type-instruction=1	jar:commons-compiler-jdk-3.0.12.jar	commons-compiler-jdk-3.0.12.jar
org/codehaus/commons/compiler/jdk/ScriptEvaluator	4	2	0	2	method-owner=2,type-instruction=2	jar:commons-compiler-jdk-3.0.12.jar	commons-compiler-jdk-3.0.12.jar
org/fressian/FressianReader	4	2	0	2	method-owner=2,type-instruction=2	jar:fressian-0.6.8.jar	fressian-0.6.8.jar
org/fressian/FressianWriter	2	1	0	1	method-owner=1,type-instruction=1	jar:fressian-0.6.8.jar	fressian-0.6.8.jar
org/fressian/Reader	128	48	0	80	local-descriptor=16,method-descriptor=16,method-owner=48,type-instruction=48	jar:fressian-0.6.8.jar	fressian-0.6.8.jar
org/fressian/StreamingWriter	6	3	0	3	method-owner=3,type-instruction=3	jar:fressian-0.6.8.jar	fressian-0.6.8.jar
org/fressian/Writer	233	66	0	167	call-descriptor=69,local-descriptor=16,method-descriptor=16,method-owner=66,type-instruction=66	jar:fressian-0.6.8.jar	fressian-0.6.8.jar
org/fressian/handlers/ILookup	10	0	0	10	call-descriptor=5,interface=1,type-instruction=4	jar:fressian-0.6.8.jar	fressian-0.6.8.jar
org/fressian/handlers/IWriteHandlerLookup	2	1	0	1	method-owner=1,type-instruction=1	jar:fressian-0.6.8.jar	fressian-0.6.8.jar
org/fressian/handlers/ReadHandler	16	0	0	16	interface=16	jar:fressian-0.6.8.jar	fressian-0.6.8.jar
org/fressian/handlers/WriteHandler	17	0	0	17	call-descriptor=1,interface=16	jar:fressian-0.6.8.jar	fressian-0.6.8.jar
org/fressian/handlers/WriteHandlerLookup	3	2	0	1	method-owner=2,type-instruction=1	jar:fressian-0.6.8.jar	fressian-0.6.8.jar
org/fressian/impl/ByteBufferInputStream	14	7	0	7	method-owner=7,type-instruction=7	jar:fressian-0.6.8.jar	fressian-0.6.8.jar
org/fressian/impl/BytesOutputStream	30	14	0	16	field-descriptor=1,field-instruction-descriptor=4,method-owner=14,type-instruction=11	jar:fressian-0.6.8.jar	fressian-0.6.8.jar
org/fressian/impl/Codes	5	0	5	0	field-owner=5	jar:fressian-0.6.8.jar	fressian-0.6.8.jar
org/h2/tools/Server	7	3	0	4	call-descriptor=2,method-owner=3,type-instruction=2	jar:h2-2.1.214.jar	h2-2.1.214.jar
org/infinispan/client/hotrod/Flag	3	0	1	2	call-descriptor=1,field-instruction-descriptor=1,field-owner=1	unresolved	
org/infinispan/client/hotrod/RemoteCache	8	3	0	5	call-descriptor=2,method-owner=3,type-instruction=3	unresolved	
org/infinispan/client/hotrod/RemoteCacheManager	4	2	0	2	method-owner=2,type-instruction=2	unresolved	
org/infinispan/client/hotrod/VersionedValue	5	2	0	3	call-descriptor=1,method-owner=2,type-instruction=2	unresolved	
org/slf4j/Logger	1575	628	0	947	call-descriptor=313,field-descriptor=2,field-instruction-descriptor=5,local-descriptor=1,method-descriptor=1,method-owner=628,type-instruction=625	jar:slf4j-api-1.7.32.jar	slf4j-api-1.7.32.jar
org/slf4j/LoggerFactory	313	313	0	0	method-owner=313	jar:slf4j-api-1.7.32.jar	slf4j-api-1.7.32.jar
org/slf4j/MDC	1	1	0	0	method-owner=1	jar:slf4j-api-1.7.32.jar	slf4j-api-1.7.32.jar
