source	target	kind
datomic.adopter	datomic.db	call
datomic.adopter	datomic.db	reference
datomic.adopter	datomic.db	require
datomic.aggregation	datomic.common	call
datomic.aggregation	datomic.common	reference
datomic.aggregation	datomic.common	require
datomic.aggregation	datomic.math	call
datomic.aggregation	datomic.math	reference
datomic.aggregation	datomic.math	require
datomic.api	datomic.common	require
datomic.api	datomic.db	call
datomic.api	datomic.db	reference
datomic.api	datomic.db	require
datomic.api	datomic.fressian	call
datomic.api	datomic.fressian	reference
datomic.api	datomic.fressian	require
datomic.api	datomic.pull	call
datomic.api	datomic.pull	reference
datomic.api	datomic.pull	require
datomic.api	datomic.query	call
datomic.api	datomic.query	reference
datomic.api	datomic.query	require
datomic.artemis-client	clojure.string	require
datomic.artemis-client	datomic.cache	call
datomic.artemis-client	datomic.cache	reference
datomic.artemis-client	datomic.cache	require
datomic.artemis-client	datomic.common	call
datomic.artemis-client	datomic.common	reference
datomic.artemis-client	datomic.common	require
datomic.artemis-client	datomic.error	call
datomic.artemis-client	datomic.error	reference
datomic.artemis-client	datomic.error	require
datomic.artemis-client	datomic.fressian	call
datomic.artemis-client	datomic.fressian	reference
datomic.artemis-client	datomic.fressian	require
datomic.artemis-client	datomic.monitor	call
datomic.artemis-client	datomic.monitor	reference
datomic.artemis-client	datomic.promise	require
datomic.artemis-client	datomic.queue	require
datomic.artemis-client	datomic.slf4j	call
datomic.artemis-client	datomic.slf4j	reference
datomic.artemis-client	datomic.slf4j	require
datomic.assert	clojure.main	require
datomic.async	datomic.slf4j	call
datomic.async	datomic.slf4j	reference
datomic.async	datomic.slf4j	require
datomic.aws	datomic.datafy	call
datomic.aws	datomic.datafy	reference
datomic.aws	datomic.datafy	require
datomic.aws-detect	clojure.java.io	require
datomic.aws-detect	clojure.java.shell	require
datomic.aws-detect	clojure.string	require
datomic.aws-monitor	clojure.set	require
datomic.aws-monitor	datomic.cloudwatch	call
datomic.aws-monitor	datomic.cloudwatch	reference
datomic.aws-monitor	datomic.cloudwatch	require
datomic.aws-monitor	datomic.config	call
datomic.aws-monitor	datomic.config	reference
datomic.aws-monitor	datomic.config	require
datomic.aws-monitor	datomic.monitor	require
datomic.aws-monitor	datomic.slf4j	reference
datomic.aws-monitor	datomic.slf4j	require
datomic.backup	clojure.set	require
datomic.backup	clojure.string	require
datomic.backup	datomic.api	require
datomic.backup	datomic.cache	call
datomic.backup	datomic.cache	reference
datomic.backup	datomic.cache	require
datomic.backup	datomic.catalog	call
datomic.backup	datomic.catalog	reference
datomic.backup	datomic.catalog	require
datomic.backup	datomic.cluster	call
datomic.backup	datomic.cluster	reference
datomic.backup	datomic.cluster	require
datomic.backup	datomic.common	call
datomic.backup	datomic.common	reference
datomic.backup	datomic.common	require
datomic.backup	datomic.config	call
datomic.backup	datomic.config	reference
datomic.backup	datomic.config	require
datomic.backup	datomic.coordination	call
datomic.backup	datomic.coordination	reference
datomic.backup	datomic.coordination	require
datomic.backup	datomic.db	require
datomic.backup	datomic.domain	call
datomic.backup	datomic.domain	reference
datomic.backup	datomic.domain	require
datomic.backup	datomic.error	call
datomic.backup	datomic.error	reference
datomic.backup	datomic.error	require
datomic.backup	datomic.fressian	call
datomic.backup	datomic.fressian	reference
datomic.backup	datomic.fressian	require
datomic.backup	datomic.garbage	call
datomic.backup	datomic.garbage	reference
datomic.backup	datomic.garbage	require
datomic.backup	datomic.index	call
datomic.backup	datomic.index	reference
datomic.backup	datomic.index	require
datomic.backup	datomic.io	call
datomic.backup	datomic.io	reference
datomic.backup	datomic.io	require
datomic.backup	datomic.iter	require
datomic.backup	datomic.log	call
datomic.backup	datomic.log	reference
datomic.backup	datomic.log	require
datomic.backup	datomic.monitor	call
datomic.backup	datomic.monitor	reference
datomic.backup	datomic.monitor	require
datomic.backup	datomic.promise	require
datomic.backup	datomic.queue	call
datomic.backup	datomic.queue	reference
datomic.backup	datomic.queue	require
datomic.backup	datomic.require	call
datomic.backup	datomic.require	reference
datomic.backup	datomic.require	require
datomic.backup	datomic.slf4j	call
datomic.backup	datomic.slf4j	reference
datomic.backup	datomic.slf4j	require
datomic.backup	datomic.treewalk	call
datomic.backup	datomic.treewalk	reference
datomic.backup	datomic.treewalk	require
datomic.backup	datomic.uri	call
datomic.backup	datomic.uri	reference
datomic.backup	datomic.uri	require
datomic.btset	datomic.iter	call
datomic.btset	datomic.iter	reference
datomic.btset	datomic.iter	require
datomic.builtins	clojure.set	require
datomic.builtins	datomic.db	call
datomic.builtins	datomic.db	reference
datomic.builtins	datomic.db	require
datomic.builtins	datomic.error	call
datomic.builtins	datomic.error	reference
datomic.builtins	datomic.error	require
datomic.builtins	datomic.query	require
datomic.cache	datomic.cache.caffeine	require
datomic.cache	datomic.cache.impl	require
datomic.cache	datomic.common	call
datomic.cache	datomic.common	reference
datomic.cache	datomic.common	require
datomic.cache	datomic.config	call
datomic.cache	datomic.config	reference
datomic.cache	datomic.config	require
datomic.cache	datomic.io	call
datomic.cache	datomic.io	reference
datomic.cache	datomic.io	require
datomic.cache	datomic.measure.io-stats	require
datomic.cache	datomic.monitor	require
datomic.cache.caffeine	datomic.cache.impl	require
datomic.cache.caffeine	datomic.memory-size	require
datomic.cache.caffeine	datomic.monitor	require
datomic.callback	clojure.reflect	require
datomic.callback	clojure.set	require
datomic.callback	datomic.slf4j	call
datomic.callback	datomic.slf4j	reference
datomic.callback	datomic.slf4j	require
datomic.cassandra	clojure.string	require
datomic.cassandra	datomic.callback	call
datomic.cassandra	datomic.callback	reference
datomic.cassandra	datomic.callback	require
datomic.cassandra	datomic.slf4j	call
datomic.cassandra	datomic.slf4j	reference
datomic.cassandra	datomic.slf4j	require
datomic.cassandra-v4	clojure.string	require
datomic.cassandra-v4	datomic.callback	call
datomic.cassandra-v4	datomic.callback	reference
datomic.cassandra-v4	datomic.callback	require
datomic.cassandra-v4	datomic.slf4j	call
datomic.cassandra-v4	datomic.slf4j	reference
datomic.cassandra-v4	datomic.slf4j	require
datomic.cassandra-values	datomic.cassandra	call
datomic.cassandra-values	datomic.cassandra	reference
datomic.cassandra-values	datomic.cassandra	require
datomic.cassandra-values	datomic.common	call
datomic.cassandra-values	datomic.common	reference
datomic.cassandra-values	datomic.common	require
datomic.cassandra-values	datomic.config	call
datomic.cassandra-values	datomic.config	reference
datomic.cassandra-values	datomic.config	require
datomic.cassandra-values	datomic.future	call
datomic.cassandra-values	datomic.future	reference
datomic.cassandra-values	datomic.future	require
datomic.cassandra-values	datomic.io	call
datomic.cassandra-values	datomic.io	reference
datomic.cassandra-values	datomic.io	require
datomic.cassandra-values	datomic.slf4j	call
datomic.cassandra-values	datomic.slf4j	reference
datomic.cassandra-values	datomic.slf4j	require
datomic.cassandra-values-v4	datomic.cassandra-v4	call
datomic.cassandra-values-v4	datomic.cassandra-v4	reference
datomic.cassandra-values-v4	datomic.cassandra-v4	require
datomic.cassandra-values-v4	datomic.common	call
datomic.cassandra-values-v4	datomic.common	reference
datomic.cassandra-values-v4	datomic.common	require
datomic.cassandra-values-v4	datomic.config	call
datomic.cassandra-values-v4	datomic.config	reference
datomic.cassandra-values-v4	datomic.config	require
datomic.cassandra-values-v4	datomic.future	call
datomic.cassandra-values-v4	datomic.future	reference
datomic.cassandra-values-v4	datomic.future	require
datomic.cassandra-values-v4	datomic.io	call
datomic.cassandra-values-v4	datomic.io	reference
datomic.cassandra-values-v4	datomic.io	require
datomic.cassandra-values-v4	datomic.slf4j	call
datomic.cassandra-values-v4	datomic.slf4j	reference
datomic.cassandra-values-v4	datomic.slf4j	require
datomic.cast2slf4j	clojure.string	require
datomic.cast2slf4j	cognitect.caster	require
datomic.cast2slf4j	datomic.monitor	call
datomic.cast2slf4j	datomic.monitor	reference
datomic.cast2slf4j	datomic.monitor	require
datomic.cast2slf4j	datomic.slf4j	call
datomic.cast2slf4j	datomic.slf4j	reference
datomic.cast2slf4j	datomic.slf4j	require
datomic.catalog	clojure.edn	require
datomic.catalog	clojure.set	require
datomic.catalog	datomic.cluster	call
datomic.catalog	datomic.cluster	reference
datomic.catalog	datomic.cluster	require
datomic.catalog	datomic.common	call
datomic.catalog	datomic.common	reference
datomic.catalog	datomic.common	require
datomic.catalog	datomic.io	call
datomic.catalog	datomic.io	reference
datomic.catalog	datomic.io	require
datomic.cleanup	datomic.error	call
datomic.cleanup	datomic.error	reference
datomic.cleanup	datomic.error	require
datomic.cleanup	datomic.queue	require
datomic.cli	clojure.java.io	require
datomic.cli	clojure.java.shell	require
datomic.cli	clojure.set	require
datomic.cli	clojure.string	require
datomic.cli	datomic.require	require
datomic.cloudwatch	datomic.aws	call
datomic.cloudwatch	datomic.aws	reference
datomic.cloudwatch	datomic.aws	require
datomic.cloudwatch	datomic.common	require
datomic.cloudwatch	datomic.datafy	call
datomic.cloudwatch	datomic.datafy	reference
datomic.cloudwatch	datomic.datafy	require
datomic.cluster	datomic.common	call
datomic.cluster	datomic.common	reference
datomic.cluster	datomic.common	require
datomic.cluster	datomic.config	require
datomic.cluster	datomic.monitor	call
datomic.cluster	datomic.monitor	reference
datomic.cluster	datomic.monitor	require
datomic.cluster	datomic.promise	call
datomic.cluster	datomic.promise	reference
datomic.cluster	datomic.promise	require
datomic.cluster	datomic.slf4j	call
datomic.cluster	datomic.slf4j	reference
datomic.cluster	datomic.slf4j	require
datomic.cluster-stack	clojure.core.async	require
datomic.cluster-stack	cognitect.anomalies	require
datomic.cluster-stack	datomic.cache	call
datomic.cluster-stack	datomic.cache	reference
datomic.cluster-stack	datomic.cache	require
datomic.cluster-stack	datomic.cluster	require
datomic.cluster-stack	datomic.combined-cluster	call
datomic.cluster-stack	datomic.combined-cluster	reference
datomic.cluster-stack	datomic.combined-cluster	require
datomic.cluster-stack	datomic.common	call
datomic.cluster-stack	datomic.common	reference
datomic.cluster-stack	datomic.common	require
datomic.cluster-stack	datomic.config	call
datomic.cluster-stack	datomic.config	reference
datomic.cluster-stack	datomic.config	require
datomic.cluster-stack	datomic.core2.anomalies	call
datomic.cluster-stack	datomic.core2.anomalies	reference
datomic.cluster-stack	datomic.core2.anomalies	require
datomic.cluster-stack	datomic.core2.val-store.double-store	call
datomic.cluster-stack	datomic.core2.val-store.double-store	reference
datomic.cluster-stack	datomic.core2.val-store.double-store	require
datomic.cluster-stack	datomic.core2.val-store.spi	require
datomic.cluster-stack	datomic.future	call
datomic.cluster-stack	datomic.future	reference
datomic.cluster-stack	datomic.future	require
datomic.cluster-stack	datomic.memcached	reference
datomic.cluster-stack	datomic.val-cluster	call
datomic.cluster-stack	datomic.val-cluster	reference
datomic.cluster-stack	datomic.val-cluster	require
datomic.cluster-stack	datomic.valcache-direct	reference
datomic.clusterfs	clojure.java.io	require
datomic.clusterfs	datomic.cluster	call
datomic.clusterfs	datomic.cluster	reference
datomic.clusterfs	datomic.cluster	require
datomic.clusterfs	datomic.common	call
datomic.clusterfs	datomic.common	reference
datomic.clusterfs	datomic.common	require
datomic.clusterfs	datomic.fressian	call
datomic.clusterfs	datomic.fressian	reference
datomic.clusterfs	datomic.fressian	require
datomic.clusterfs	datomic.io	call
datomic.clusterfs	datomic.io	reference
datomic.clusterfs	datomic.io	require
datomic.clusterfs	datomic.monitor	call
datomic.clusterfs	datomic.monitor	reference
datomic.clusterfs	datomic.monitor	require
datomic.clusterfs	datomic.slf4j	call
datomic.clusterfs	datomic.slf4j	reference
datomic.clusterfs	datomic.slf4j	require
datomic.combined-cluster	datomic.cluster	call
datomic.combined-cluster	datomic.cluster	reference
datomic.combined-cluster	datomic.cluster	require
datomic.common	clojure.java.io	require
datomic.common	clojure.set	require
datomic.common	clojure.string	require
datomic.common	datomic.core2.thread	reference
datomic.common	datomic.core2.thread	require
datomic.common	datomic.monitor	call
datomic.common	datomic.monitor	reference
datomic.common	datomic.monitor	require
datomic.common	datomic.slf4j	call
datomic.common	datomic.slf4j	reference
datomic.common	datomic.slf4j	require
datomic.config	clojure.edn	require
datomic.config	clojure.java.io	require
datomic.config	clojure.string	require
datomic.config	datomic.aws-monitor	reference
datomic.config	datomic.cli	reference
datomic.config	datomic.error	call
datomic.config	datomic.error	reference
datomic.config	datomic.error	require
datomic.config	datomic.memcached.folsom	require
datomic.config	datomic.require	call
datomic.config	datomic.require	reference
datomic.config	datomic.require	require
datomic.config-ext	datomic.require	require
datomic.connector	datomic.artemis-client	call
datomic.connector	datomic.artemis-client	reference
datomic.connector	datomic.artemis-client	require
datomic.connector	datomic.aws-detect	call
datomic.connector	datomic.aws-detect	reference
datomic.connector	datomic.aws-detect	require
datomic.connector	datomic.cache	call
datomic.connector	datomic.cache	reference
datomic.connector	datomic.cache	require
datomic.connector	datomic.catalog	require
datomic.connector	datomic.cleanup	call
datomic.connector	datomic.cleanup	reference
datomic.connector	datomic.cleanup	require
datomic.connector	datomic.common	call
datomic.connector	datomic.common	reference
datomic.connector	datomic.common	require
datomic.connector	datomic.config	call
datomic.connector	datomic.config	reference
datomic.connector	datomic.config	require
datomic.connector	datomic.coordination	require
datomic.connector	datomic.error	call
datomic.connector	datomic.error	reference
datomic.connector	datomic.error	require
datomic.connector	datomic.monitor	call
datomic.connector	datomic.monitor	reference
datomic.connector	datomic.promise	call
datomic.connector	datomic.promise	reference
datomic.connector	datomic.promise	require
datomic.connector	datomic.queue	require
datomic.connector	datomic.slf4j	call
datomic.connector	datomic.slf4j	reference
datomic.connector	datomic.slf4j	require
datomic.connector	datomic.transaction	call
datomic.connector	datomic.transaction	reference
datomic.connector	datomic.transaction	require
datomic.connector	datomic.uri	require
datomic.coordination	datomic.cache	call
datomic.coordination	datomic.cache	reference
datomic.coordination	datomic.cache	require
datomic.coordination	datomic.catalog	call
datomic.coordination	datomic.catalog	reference
datomic.coordination	datomic.catalog	require
datomic.coordination	datomic.cluster	require
datomic.coordination	datomic.cluster-stack	call
datomic.coordination	datomic.cluster-stack	reference
datomic.coordination	datomic.cluster-stack	require
datomic.coordination	datomic.codec	call
datomic.coordination	datomic.codec	reference
datomic.coordination	datomic.codec	require
datomic.coordination	datomic.common	require
datomic.coordination	datomic.config	call
datomic.coordination	datomic.config	reference
datomic.coordination	datomic.config	require
datomic.coordination	datomic.error	call
datomic.coordination	datomic.error	reference
datomic.coordination	datomic.error	require
datomic.coordination	datomic.h2	call
datomic.coordination	datomic.h2	reference
datomic.coordination	datomic.h2	require
datomic.coordination	datomic.io	require
datomic.coordination	datomic.kv-cluster	call
datomic.coordination	datomic.kv-cluster	reference
datomic.coordination	datomic.kv-cluster	require
datomic.coordination	datomic.kv-sql	call
datomic.coordination	datomic.kv-sql	reference
datomic.coordination	datomic.kv-sql	require
datomic.coordination	datomic.slf4j	call
datomic.coordination	datomic.slf4j	reference
datomic.coordination	datomic.slf4j	require
datomic.coordination-ext	datomic.config	require
datomic.coordination-ext	datomic.coordination	call
datomic.coordination-ext	datomic.coordination	reference
datomic.coordination-ext	datomic.coordination	require
datomic.coordination-ext	datomic.ddb-cluster	reference
datomic.coordination-ext	datomic.ddb-s3-cluster	reference
datomic.coordination-ext	datomic.kv-cassandra	reference
datomic.coordination-ext	datomic.kv-cassandra2	reference
datomic.coordination-ext	datomic.kv-cassandra3	reference
datomic.coordination-ext	datomic.kv-cluster	call
datomic.coordination-ext	datomic.kv-cluster	reference
datomic.coordination-ext	datomic.kv-cluster	require
datomic.coordination-ext	datomic.kv-hotrod	reference
datomic.coordination-ext	datomic.kv-sql-ext	reference
datomic.coordination-ext	datomic.require	call
datomic.coordination-ext	datomic.require	reference
datomic.coordination-ext	datomic.require	require
datomic.coordination-ext	datomic.simple-kv	require
datomic.core2.anomalies	cognitect.anomalies	require
datomic.core2.async	clojure.core.async	require
datomic.core2.async	cognitect.anomalies	require
datomic.core2.atom	clojure.core.async	require
datomic.core2.atom	datomic.core2.anomalies	call
datomic.core2.atom	datomic.core2.anomalies	reference
datomic.core2.atom	datomic.core2.anomalies	require
datomic.core2.atom	datomic.core2.atom.spi	require
datomic.core2.atom.logged	clojure.core.async	require
datomic.core2.atom.logged	cognitect.anomalies	require
datomic.core2.atom.logged	datomic.core2.anomalies	call
datomic.core2.atom.logged	datomic.core2.anomalies	reference
datomic.core2.atom.logged	datomic.core2.anomalies	require
datomic.core2.atom.logged	datomic.core2.atom.spi	require
datomic.core2.atom.logged	datomic.core2.log	call
datomic.core2.atom.logged	datomic.core2.log	reference
datomic.core2.atom.logged	datomic.core2.log	require
datomic.core2.aws.s3.aws-api	clojure.core.async	require
datomic.core2.aws.s3.aws-api	cognitect.aws.client.api	require
datomic.core2.aws.s3.aws-api	datomic.core2.anomalies	call
datomic.core2.aws.s3.aws-api	datomic.core2.anomalies	reference
datomic.core2.aws.s3.aws-api	datomic.core2.anomalies	require
datomic.core2.aws.s3.aws-api	datomic.core2.async	call
datomic.core2.aws.s3.aws-api	datomic.core2.async	reference
datomic.core2.aws.s3.aws-api	datomic.core2.async	require
datomic.core2.aws.s3.aws-api	datomic.java.io	require
datomic.core2.aws.s3.sdkv1	cognitect.anomalies	require
datomic.core2.aws.s3.sdkv1	datomic.java.io	require
datomic.core2.log	clojure.core.async	require
datomic.core2.log	datomic.core2.anomalies	call
datomic.core2.log	datomic.core2.anomalies	reference
datomic.core2.log	datomic.core2.anomalies	require
datomic.core2.log	datomic.core2.log.spi	call
datomic.core2.log	datomic.core2.log.spi	reference
datomic.core2.log	datomic.core2.log.spi	require
datomic.core2.log.ddb	clojure.core.async	require
datomic.core2.log.ddb	clojure.edn	require
datomic.core2.log.ddb	cognitect.aws.client.api	require
datomic.core2.log.ddb	datomic.core2.anomalies	call
datomic.core2.log.ddb	datomic.core2.anomalies	reference
datomic.core2.log.ddb	datomic.core2.anomalies	require
datomic.core2.log.ddb	datomic.core2.async	call
datomic.core2.log.ddb	datomic.core2.async	reference
datomic.core2.log.ddb	datomic.core2.async	require
datomic.core2.log.ddb	datomic.core2.aws.ddb	call
datomic.core2.log.ddb	datomic.core2.aws.ddb	reference
datomic.core2.log.ddb	datomic.core2.aws.ddb	require
datomic.core2.log.ddb	datomic.core2.log.spi	require
datomic.core2.log.ddb	datomic.java.io	require
datomic.core2.log.mem	clojure.core.async	require
datomic.core2.log.mem	cognitect.anomalies	require
datomic.core2.log.mem	datomic.core2.algo.search	call
datomic.core2.log.mem	datomic.core2.algo.search	reference
datomic.core2.log.mem	datomic.core2.algo.search	require
datomic.core2.log.mem	datomic.core2.log.spi	call
datomic.core2.log.mem	datomic.core2.log.spi	reference
datomic.core2.log.mem	datomic.core2.log.spi	require
datomic.core2.log.spi	clojure.core.async	require
datomic.core2.log.spi	cognitect.anomalies	require
datomic.core2.thread	clojure.core.async	require
datomic.core2.thread	clojure.string	require
datomic.core2.thread	cognitect.caster	require
datomic.core2.val-store	datomic.core2.val-store.spi	require
datomic.core2.val-store.double-store	clojure.core.async	require
datomic.core2.val-store.double-store	cognitect.caster	require
datomic.core2.val-store.double-store	datomic.core2.anomalies	call
datomic.core2.val-store.double-store	datomic.core2.anomalies	reference
datomic.core2.val-store.double-store	datomic.core2.anomalies	require
datomic.core2.val-store.double-store	datomic.core2.async	call
datomic.core2.val-store.double-store	datomic.core2.async	reference
datomic.core2.val-store.double-store	datomic.core2.async	require
datomic.core2.val-store.double-store	datomic.core2.val-store	call
datomic.core2.val-store.double-store	datomic.core2.val-store	reference
datomic.core2.val-store.double-store	datomic.core2.val-store	require
datomic.core2.val-store.double-store	datomic.core2.val-store.spi	require
datomic.core2.val-store.fs	clojure.core.async	require
datomic.core2.val-store.fs	clojure.java.io	require
datomic.core2.val-store.fs	cognitect.anomalies	require
datomic.core2.val-store.fs	cognitect.caster	require
datomic.core2.val-store.fs	datomic.core2.anomalies	call
datomic.core2.val-store.fs	datomic.core2.anomalies	reference
datomic.core2.val-store.fs	datomic.core2.anomalies	require
datomic.core2.val-store.fs	datomic.core2.thread	call
datomic.core2.val-store.fs	datomic.core2.thread	reference
datomic.core2.val-store.fs	datomic.core2.thread	require
datomic.core2.val-store.fs	datomic.core2.val-store.spi	call
datomic.core2.val-store.fs	datomic.core2.val-store.spi	reference
datomic.core2.val-store.fs	datomic.core2.val-store.spi	require
datomic.core2.val-store.fs	datomic.java.io.bbuf	require
datomic.core2.val-store.fs	datomic.measure.io-stats	require
datomic.core2.val-store.s3	clojure.core.async	require
datomic.core2.val-store.s3	cognitect.caster	require
datomic.core2.val-store.s3	datomic.core2.anomalies	call
datomic.core2.val-store.s3	datomic.core2.anomalies	reference
datomic.core2.val-store.s3	datomic.core2.anomalies	require
datomic.core2.val-store.s3	datomic.core2.async	call
datomic.core2.val-store.s3	datomic.core2.async	reference
datomic.core2.val-store.s3	datomic.core2.async	require
datomic.core2.val-store.s3	datomic.core2.retry	call
datomic.core2.val-store.s3	datomic.core2.retry	reference
datomic.core2.val-store.s3	datomic.core2.retry	require
datomic.core2.val-store.s3	datomic.core2.val-store.spi	call
datomic.core2.val-store.s3	datomic.core2.val-store.spi	reference
datomic.core2.val-store.s3	datomic.core2.val-store.spi	require
datomic.core2.val-store.s3	datomic.measure.io-stats	require
datomic.core2.val-store.s3.aws-api	clojure.core.async	require
datomic.core2.val-store.s3.aws-api	cognitect.aws.client.api	require
datomic.core2.val-store.s3.aws-api	cognitect.caster	require
datomic.core2.val-store.s3.aws-api	datomic.core2.anomalies	call
datomic.core2.val-store.s3.aws-api	datomic.core2.anomalies	reference
datomic.core2.val-store.s3.aws-api	datomic.core2.anomalies	require
datomic.core2.val-store.s3.aws-api	datomic.core2.async	call
datomic.core2.val-store.s3.aws-api	datomic.core2.async	reference
datomic.core2.val-store.s3.aws-api	datomic.core2.async	require
datomic.core2.val-store.s3.aws-api	datomic.core2.aws.s3.aws-api	call
datomic.core2.val-store.s3.aws-api	datomic.core2.aws.s3.aws-api	reference
datomic.core2.val-store.s3.aws-api	datomic.core2.aws.s3.aws-api	require
datomic.core2.val-store.s3.aws-api	datomic.core2.val-store.s3	call
datomic.core2.val-store.s3.aws-api	datomic.core2.val-store.s3	reference
datomic.core2.val-store.s3.aws-api	datomic.core2.val-store.s3	require
datomic.core2.val-store.s3.aws-api	datomic.core2.val-store.spi	call
datomic.core2.val-store.s3.aws-api	datomic.core2.val-store.spi	reference
datomic.core2.val-store.s3.aws-api	datomic.core2.val-store.spi	require
datomic.core2.val-store.s3.aws-api	datomic.measure.io-stats	require
datomic.core2.val-store.s3.sdkv1	cognitect.caster	require
datomic.core2.val-store.s3.sdkv1	datomic.core2.aws.s3.sdkv1	call
datomic.core2.val-store.s3.sdkv1	datomic.core2.aws.s3.sdkv1	reference
datomic.core2.val-store.s3.sdkv1	datomic.core2.aws.s3.sdkv1	require
datomic.core2.val-store.s3.sdkv1	datomic.core2.thread	call
datomic.core2.val-store.s3.sdkv1	datomic.core2.thread	reference
datomic.core2.val-store.s3.sdkv1	datomic.core2.thread	require
datomic.core2.val-store.s3.sdkv1	datomic.core2.val-store.s3	call
datomic.core2.val-store.s3.sdkv1	datomic.core2.val-store.s3	reference
datomic.core2.val-store.s3.sdkv1	datomic.core2.val-store.s3	require
datomic.core2.val-store.s3.sdkv1	datomic.core2.val-store.spi	call
datomic.core2.val-store.s3.sdkv1	datomic.core2.val-store.spi	reference
datomic.core2.val-store.s3.sdkv1	datomic.core2.val-store.spi	require
datomic.core2.val-store.s3.sdkv1	datomic.measure.io-stats	require
datomic.core2.val-store.spi	clojure.string	require
datomic.core2.val-store.spi	cognitect.anomalies	require
datomic.crypto	clojure.java.io	require
datomic.crypto	datomic.codec	call
datomic.crypto	datomic.codec	reference
datomic.crypto	datomic.codec	require
datomic.crypto	datomic.io	call
datomic.crypto	datomic.io	reference
datomic.crypto	datomic.io	require
datomic.datafy	clojure.data	require
datomic.datafy	clojure.reflect	require
datomic.datafy	clojure.string	require
datomic.datalog	clojure.data	require
datomic.datalog	clojure.set	require
datomic.datalog	clojure.string	require
datomic.datalog	datomic.cache	call
datomic.datalog	datomic.cache	reference
datomic.datalog	datomic.cache	require
datomic.datalog	datomic.common	call
datomic.datalog	datomic.common	reference
datomic.datalog	datomic.common	require
datomic.datalog	datomic.config	call
datomic.datalog	datomic.config	reference
datomic.datalog	datomic.config	require
datomic.datalog	datomic.db	call
datomic.datalog	datomic.db	reference
datomic.datalog	datomic.db	require
datomic.datalog	datomic.error	call
datomic.datalog	datomic.error	reference
datomic.datalog	datomic.error	require
datomic.datalog	datomic.extensions	reference
datomic.datalog	datomic.extensions	require
datomic.datalog	datomic.index	require
datomic.datalog	datomic.iter	require
datomic.datalog	datomic.measure.query-stats	require
datomic.db	clojure.edn	require
datomic.db	clojure.pprint	require
datomic.db	clojure.set	require
datomic.db	clojure.string	require
datomic.db	datomic.btset	call
datomic.db	datomic.btset	reference
datomic.db	datomic.builtins	require
datomic.db	datomic.common	call
datomic.db	datomic.common	reference
datomic.db	datomic.common	require
datomic.db	datomic.config	call
datomic.db	datomic.config	reference
datomic.db	datomic.config	require
datomic.db	datomic.core2.thread	call
datomic.db	datomic.core2.thread	reference
datomic.db	datomic.core2.thread	require
datomic.db	datomic.error	call
datomic.db	datomic.error	reference
datomic.db	datomic.error	require
datomic.db	datomic.fressian	call
datomic.db	datomic.fressian	reference
datomic.db	datomic.fressian	require
datomic.db	datomic.fulltext-index	call
datomic.db	datomic.fulltext-index	reference
datomic.db	datomic.fulltext-index	require
datomic.db	datomic.io	require
datomic.db	datomic.iter	call
datomic.db	datomic.iter	reference
datomic.db	datomic.iter	require
datomic.db	datomic.janino	call
datomic.db	datomic.janino	reference
datomic.db	datomic.janino	require
datomic.db	datomic.math	require
datomic.db	datomic.measure.io-stats	require
datomic.db	datomic.measure.io-trace	require
datomic.db	datomic.monitor	call
datomic.db	datomic.monitor	reference
datomic.db	datomic.monitor	require
datomic.db	datomic.slf4j	call
datomic.db	datomic.slf4j	reference
datomic.db	datomic.slf4j	require
datomic.db	datomic.validators	require
datomic.db-io	datomic.cluster	require
datomic.db-io	datomic.coordination	call
datomic.db-io	datomic.coordination	reference
datomic.db-io	datomic.coordination	require
datomic.db-io	datomic.db	call
datomic.db-io	datomic.db	reference
datomic.db-io	datomic.db	require
datomic.db-io	datomic.domain	call
datomic.db-io	datomic.domain	reference
datomic.db-io	datomic.domain	require
datomic.db-io	datomic.index	call
datomic.db-io	datomic.index	reference
datomic.db-io	datomic.index	require
datomic.db-io	datomic.log	call
datomic.db-io	datomic.log	reference
datomic.db-io	datomic.log	require
datomic.db-io	datomic.uri	call
datomic.db-io	datomic.uri	reference
datomic.db-io	datomic.uri	require
datomic.ddb	clojure.edn	require
datomic.ddb	datomic.aws	call
datomic.ddb	datomic.aws	reference
datomic.ddb	datomic.aws	require
datomic.ddb	datomic.datafy	call
datomic.ddb	datomic.datafy	reference
datomic.ddb	datomic.datafy	require
datomic.ddb	datomic.slf4j	call
datomic.ddb	datomic.slf4j	reference
datomic.ddb	datomic.slf4j	require
datomic.ddb-cluster	datomic.cluster	call
datomic.ddb-cluster	datomic.cluster	reference
datomic.ddb-cluster	datomic.cluster	require
datomic.ddb-cluster	datomic.common	require
datomic.ddb-cluster	datomic.config	call
datomic.ddb-cluster	datomic.config	reference
datomic.ddb-cluster	datomic.config	require
datomic.ddb-cluster	datomic.ddb	call
datomic.ddb-cluster	datomic.ddb	reference
datomic.ddb-cluster	datomic.ddb	require
datomic.ddb-cluster	datomic.ddb-values	require
datomic.ddb-cluster	datomic.io	require
datomic.ddb-cluster	datomic.kv-cluster	call
datomic.ddb-cluster	datomic.kv-cluster	reference
datomic.ddb-cluster	datomic.kv-cluster	require
datomic.ddb-cluster	datomic.kv-dynamo	call
datomic.ddb-cluster	datomic.kv-dynamo	reference
datomic.ddb-cluster	datomic.kv-dynamo	require
datomic.ddb-cluster	datomic.slf4j	require
datomic.ddb-s3-cluster	clojure.edn	require
datomic.ddb-s3-cluster	clojure.string	require
datomic.ddb-s3-cluster	datomic.aws	call
datomic.ddb-s3-cluster	datomic.aws	reference
datomic.ddb-s3-cluster	datomic.aws	require
datomic.ddb-s3-cluster	datomic.cli	call
datomic.ddb-s3-cluster	datomic.cli	reference
datomic.ddb-s3-cluster	datomic.cli	require
datomic.ddb-s3-cluster	datomic.cluster	require
datomic.ddb-s3-cluster	datomic.combined-cluster	call
datomic.ddb-s3-cluster	datomic.combined-cluster	reference
datomic.ddb-s3-cluster	datomic.combined-cluster	require
datomic.ddb-s3-cluster	datomic.common	call
datomic.ddb-s3-cluster	datomic.common	reference
datomic.ddb-s3-cluster	datomic.common	require
datomic.ddb-s3-cluster	datomic.config	call
datomic.ddb-s3-cluster	datomic.config	reference
datomic.ddb-s3-cluster	datomic.config	require
datomic.ddb-s3-cluster	datomic.core2.anomalies	call
datomic.ddb-s3-cluster	datomic.core2.anomalies	reference
datomic.ddb-s3-cluster	datomic.core2.anomalies	require
datomic.ddb-s3-cluster	datomic.core2.aws.s3.sdkv1	call
datomic.ddb-s3-cluster	datomic.core2.aws.s3.sdkv1	reference
datomic.ddb-s3-cluster	datomic.core2.aws.s3.sdkv1	require
datomic.ddb-s3-cluster	datomic.core2.val-store.double-store	call
datomic.ddb-s3-cluster	datomic.core2.val-store.double-store	reference
datomic.ddb-s3-cluster	datomic.core2.val-store.double-store	require
datomic.ddb-s3-cluster	datomic.core2.val-store.fs	call
datomic.ddb-s3-cluster	datomic.core2.val-store.fs	reference
datomic.ddb-s3-cluster	datomic.core2.val-store.fs	require
datomic.ddb-s3-cluster	datomic.core2.val-store.s3	call
datomic.ddb-s3-cluster	datomic.core2.val-store.s3	reference
datomic.ddb-s3-cluster	datomic.core2.val-store.s3	require
datomic.ddb-s3-cluster	datomic.core2.val-store.s3.sdkv1	call
datomic.ddb-s3-cluster	datomic.core2.val-store.s3.sdkv1	reference
datomic.ddb-s3-cluster	datomic.core2.val-store.s3.sdkv1	require
datomic.ddb-s3-cluster	datomic.ddb	call
datomic.ddb-s3-cluster	datomic.ddb	reference
datomic.ddb-s3-cluster	datomic.ddb	require
datomic.ddb-s3-cluster	datomic.error	call
datomic.ddb-s3-cluster	datomic.error	reference
datomic.ddb-s3-cluster	datomic.error	require
datomic.ddb-s3-cluster	datomic.garbage.pod	reference
datomic.ddb-s3-cluster	datomic.garbage.pod	require
datomic.ddb-s3-cluster	datomic.io	require
datomic.ddb-s3-cluster	datomic.kv-cluster	call
datomic.ddb-s3-cluster	datomic.kv-cluster	reference
datomic.ddb-s3-cluster	datomic.kv-cluster	require
datomic.ddb-s3-cluster	datomic.kv-dynamo	call
datomic.ddb-s3-cluster	datomic.kv-dynamo	reference
datomic.ddb-s3-cluster	datomic.kv-dynamo	require
datomic.ddb-s3-cluster	datomic.slf4j	call
datomic.ddb-s3-cluster	datomic.slf4j	reference
datomic.ddb-s3-cluster	datomic.slf4j	require
datomic.ddb-s3-cluster	datomic.val-cluster	call
datomic.ddb-s3-cluster	datomic.val-cluster	reference
datomic.ddb-s3-cluster	datomic.val-cluster	require
datomic.ddb-values	datomic.common	call
datomic.ddb-values	datomic.common	reference
datomic.ddb-values	datomic.common	require
datomic.ddb-values	datomic.config	call
datomic.ddb-values	datomic.config	reference
datomic.ddb-values	datomic.config	require
datomic.ddb-values	datomic.ddb	call
datomic.ddb-values	datomic.ddb	reference
datomic.ddb-values	datomic.ddb	require
datomic.ddb-values	datomic.future	call
datomic.ddb-values	datomic.future	reference
datomic.ddb-values	datomic.future	require
datomic.ddb-values	datomic.io	call
datomic.ddb-values	datomic.io	reference
datomic.ddb-values	datomic.io	require
datomic.ddb-values	datomic.monitor	call
datomic.ddb-values	datomic.monitor	reference
datomic.ddb-values	datomic.slf4j	call
datomic.ddb-values	datomic.slf4j	reference
datomic.ddb-values	datomic.slf4j	require
datomic.domain	clojure.java.io	require
datomic.domain	datomic.cache	call
datomic.domain	datomic.cache	reference
datomic.domain	datomic.cache	require
datomic.domain	datomic.cluster	call
datomic.domain	datomic.cluster	reference
datomic.domain	datomic.cluster	require
datomic.domain	datomic.clusterfs	reference
datomic.domain	datomic.clusterfs	require
datomic.domain	datomic.config	call
datomic.domain	datomic.config	reference
datomic.domain	datomic.config	require
datomic.domain	datomic.extension-resolver	call
datomic.domain	datomic.extension-resolver	reference
datomic.domain	datomic.extension-resolver	require
datomic.domain	datomic.fressian	call
datomic.domain	datomic.fressian	reference
datomic.domain	datomic.fressian	require
datomic.domain	datomic.fulltext	reference
datomic.domain	datomic.fulltext	require
datomic.domain	datomic.garbage.fressian	reference
datomic.domain	datomic.garbage.fressian	require
datomic.domain	datomic.log	reference
datomic.domain	datomic.log	require
datomic.domain	datomic.measure.io-stats	require
datomic.domain	datomic.measure.io-trace	require
datomic.domain	datomic.memory-size	require
datomic.domain	datomic.monitor	call
datomic.domain	datomic.monitor	reference
datomic.domain	datomic.monitor	require
datomic.domain	datomic.require	require
datomic.domain	datomic.slf4j	call
datomic.domain	datomic.slf4j	reference
datomic.domain	datomic.slf4j	require
datomic.domain	datomic.summary	call
datomic.domain	datomic.summary	reference
datomic.domain	datomic.summary	require
datomic.error	clojure.pprint	require
datomic.error	clojure.reflect	require
datomic.excise	clojure.set	require
datomic.excise	datomic.btset	require
datomic.excise	datomic.common	require
datomic.excise	datomic.db	call
datomic.excise	datomic.db	reference
datomic.excise	datomic.db	require
datomic.extension-resolver	clojure.edn	require
datomic.extension-resolver	clojure.java.io	require
datomic.extension-resolver	datomic.common	call
datomic.extension-resolver	datomic.common	reference
datomic.extension-resolver	datomic.common	require
datomic.extensions	datomic.common	call
datomic.extensions	datomic.common	reference
datomic.extensions	datomic.common	require
datomic.extensions	datomic.db	call
datomic.extensions	datomic.db	reference
datomic.extensions	datomic.fulltext	call
datomic.extensions	datomic.fulltext	reference
datomic.extensions	datomic.fulltext	require
datomic.extensions	datomic.stats	reference
datomic.extensions	datomic.stats	require
datomic.external-sort	clojure.java.io	require
datomic.external-sort	datomic.common	call
datomic.external-sort	datomic.common	reference
datomic.external-sort	datomic.common	require
datomic.external-sort	datomic.config	call
datomic.external-sort	datomic.config	reference
datomic.external-sort	datomic.config	require
datomic.external-sort	datomic.iter	call
datomic.external-sort	datomic.iter	reference
datomic.external-sort	datomic.iter	require
datomic.external-sort-datoms	datomic.db	call
datomic.external-sort-datoms	datomic.db	reference
datomic.external-sort-datoms	datomic.db	require
datomic.external-sort-datoms	datomic.external-sort	call
datomic.external-sort-datoms	datomic.external-sort	reference
datomic.external-sort-datoms	datomic.external-sort	require
datomic.external-sort-datoms	datomic.fressian	call
datomic.external-sort-datoms	datomic.fressian	reference
datomic.external-sort-datoms	datomic.fressian	require
datomic.external-sort-datoms	datomic.iter	require
datomic.external-sort-datoms	datomic.memory-size	require
datomic.fressian	clojure.java.io	require
datomic.fressian	datomic.common	call
datomic.fressian	datomic.common	reference
datomic.fressian	datomic.common	require
datomic.fressian	datomic.function	call
datomic.fressian	datomic.function	reference
datomic.fressian	datomic.function	require
datomic.fressian	datomic.io	call
datomic.fressian	datomic.io	reference
datomic.fressian	datomic.io	require
datomic.fressian	datomic.iter	require
datomic.fressian	datomic.java.io.stream	require
datomic.fressian	datomic.measure.io-stats	require
datomic.fressian	datomic.monitor	call
datomic.fressian	datomic.monitor	reference
datomic.fressian	datomic.monitor	require
datomic.fressian	datomic.queue	call
datomic.fressian	datomic.queue	reference
datomic.fressian	datomic.queue	require
datomic.fressian	datomic.slf4j	require
datomic.fulltext	clojure.java.io	require
datomic.fulltext	datomic.cluster	call
datomic.fulltext	datomic.cluster	reference
datomic.fulltext	datomic.cluster	require
datomic.fulltext	datomic.clusterfs	call
datomic.fulltext	datomic.clusterfs	reference
datomic.fulltext	datomic.clusterfs	require
datomic.fulltext	datomic.common	call
datomic.fulltext	datomic.common	reference
datomic.fulltext	datomic.common	require
datomic.fulltext	datomic.db	call
datomic.fulltext	datomic.db	reference
datomic.fulltext	datomic.db	require
datomic.fulltext	datomic.fressian	call
datomic.fulltext	datomic.fressian	reference
datomic.fulltext	datomic.fressian	require
datomic.fulltext	datomic.fulltext-index	call
datomic.fulltext	datomic.fulltext-index	reference
datomic.fulltext	datomic.fulltext-index	require
datomic.fulltext	datomic.iter	call
datomic.fulltext	datomic.iter	reference
datomic.fulltext	datomic.iter	require
datomic.fulltext	datomic.lucene	call
datomic.fulltext	datomic.lucene	reference
datomic.fulltext	datomic.lucene	require
datomic.fulltext	datomic.monitor	call
datomic.fulltext	datomic.monitor	reference
datomic.fulltext	datomic.monitor	require
datomic.fulltext	datomic.slf4j	call
datomic.fulltext	datomic.slf4j	reference
datomic.fulltext	datomic.slf4j	require
datomic.fulltext-index	datomic.common	require
datomic.fulltext-index	datomic.lucene	call
datomic.fulltext-index	datomic.lucene	reference
datomic.fulltext-index	datomic.lucene	require
datomic.fulltext-index	datomic.monitor	require
datomic.function	datomic.common	call
datomic.function	datomic.common	reference
datomic.function	datomic.common	require
datomic.function	datomic.error	call
datomic.function	datomic.error	reference
datomic.function	datomic.error	require
datomic.function	datomic.janino	call
datomic.function	datomic.janino	reference
datomic.function	datomic.janino	require
datomic.function	datomic.memory-size	require
datomic.future	clojure.core.async	require
datomic.future	datomic.monitor	call
datomic.future	datomic.monitor	reference
datomic.future	datomic.monitor	require
datomic.future	datomic.slf4j	call
datomic.future	datomic.slf4j	reference
datomic.future	datomic.slf4j	require
datomic.garbage	datomic.cache	call
datomic.garbage	datomic.cache	reference
datomic.garbage	datomic.cache	require
datomic.garbage	datomic.catalog	call
datomic.garbage	datomic.catalog	reference
datomic.garbage	datomic.catalog	require
datomic.garbage	datomic.cluster	call
datomic.garbage	datomic.cluster	reference
datomic.garbage	datomic.cluster	require
datomic.garbage	datomic.common	call
datomic.garbage	datomic.common	reference
datomic.garbage	datomic.common	require
datomic.garbage	datomic.config	call
datomic.garbage	datomic.config	reference
datomic.garbage	datomic.config	require
datomic.garbage	datomic.coordination	call
datomic.garbage	datomic.coordination	reference
datomic.garbage	datomic.coordination	require
datomic.garbage	datomic.domain	call
datomic.garbage	datomic.domain	reference
datomic.garbage	datomic.domain	require
datomic.garbage	datomic.fressian	call
datomic.garbage	datomic.fressian	reference
datomic.garbage	datomic.fressian	require
datomic.garbage	datomic.garbage.fressian	call
datomic.garbage	datomic.garbage.fressian	reference
datomic.garbage	datomic.garbage.fressian	require
datomic.garbage	datomic.index	call
datomic.garbage	datomic.index	reference
datomic.garbage	datomic.index	require
datomic.garbage	datomic.io	call
datomic.garbage	datomic.io	reference
datomic.garbage	datomic.io	require
datomic.garbage	datomic.kv-cluster	require
datomic.garbage	datomic.log	call
datomic.garbage	datomic.log	reference
datomic.garbage	datomic.log	require
datomic.garbage	datomic.monitor	call
datomic.garbage	datomic.monitor	reference
datomic.garbage	datomic.monitor	require
datomic.garbage	datomic.process.events	call
datomic.garbage	datomic.process.events	reference
datomic.garbage	datomic.process.events	require
datomic.garbage	datomic.slf4j	call
datomic.garbage	datomic.slf4j	reference
datomic.garbage	datomic.slf4j	require
datomic.garbage	datomic.treewalk	call
datomic.garbage	datomic.treewalk	reference
datomic.garbage	datomic.treewalk	require
datomic.garbage	datomic.uri	call
datomic.garbage	datomic.uri	reference
datomic.garbage	datomic.uri	require
datomic.garbage.fressian	datomic.fressian	reference
datomic.garbage.fressian	datomic.fressian	require
datomic.garbage.pod	clojure.core.async	require
datomic.garbage.pod	datomic.cluster	reference
datomic.garbage.pod	datomic.cluster	require
datomic.garbage.pod	datomic.config	call
datomic.garbage.pod	datomic.config	reference
datomic.garbage.pod	datomic.config	require
datomic.garbage.pod	datomic.future	require
datomic.garbage.pod	datomic.monitor	call
datomic.garbage.pod	datomic.monitor	reference
datomic.garbage.pod	datomic.monitor	require
datomic.garbage.pod	datomic.process	reference
datomic.garbage.pod	datomic.process	require
datomic.garbage.pod	datomic.slf4j	call
datomic.garbage.pod	datomic.slf4j	reference
datomic.garbage.pod	datomic.slf4j	require
datomic.h2	datomic.kv-sql	require
datomic.h2	datomic.slf4j	call
datomic.h2	datomic.slf4j	reference
datomic.h2	datomic.slf4j	require
datomic.h2	datomic.sql	call
datomic.h2	datomic.sql	reference
datomic.h2	datomic.sql	require
datomic.index	clojure.core.async	require
datomic.index	clojure.edn	require
datomic.index	datomic.btset	call
datomic.index	datomic.btset	reference
datomic.index	datomic.btset	require
datomic.index	datomic.cache	call
datomic.index	datomic.cache	reference
datomic.index	datomic.cache	require
datomic.index	datomic.cluster	call
datomic.index	datomic.cluster	reference
datomic.index	datomic.cluster	require
datomic.index	datomic.common	call
datomic.index	datomic.common	reference
datomic.index	datomic.common	require
datomic.index	datomic.config	call
datomic.index	datomic.config	reference
datomic.index	datomic.config	require
datomic.index	datomic.core2.thread	require
datomic.index	datomic.db	call
datomic.index	datomic.db	reference
datomic.index	datomic.db	require
datomic.index	datomic.error	call
datomic.index	datomic.error	reference
datomic.index	datomic.error	require
datomic.index	datomic.excise	call
datomic.index	datomic.excise	reference
datomic.index	datomic.excise	require
datomic.index	datomic.external-sort-datoms	call
datomic.index	datomic.external-sort-datoms	reference
datomic.index	datomic.external-sort-datoms	require
datomic.index	datomic.fressian	call
datomic.index	datomic.fressian	reference
datomic.index	datomic.fressian	require
datomic.index	datomic.fulltext	call
datomic.index	datomic.fulltext	reference
datomic.index	datomic.fulltext	require
datomic.index	datomic.io	call
datomic.index	datomic.io	reference
datomic.index	datomic.io	require
datomic.index	datomic.iter	call
datomic.index	datomic.iter	reference
datomic.index	datomic.iter	require
datomic.index	datomic.math	call
datomic.index	datomic.math	reference
datomic.index	datomic.math	require
datomic.index	datomic.measure.io-stats	require
datomic.index	datomic.measure.io-trace	require
datomic.index	datomic.memory-size	require
datomic.index	datomic.monitor	call
datomic.index	datomic.monitor	reference
datomic.index	datomic.monitor	require
datomic.index	datomic.process	call
datomic.index	datomic.process	reference
datomic.index	datomic.process	require
datomic.index	datomic.process.events	call
datomic.index	datomic.process.events	reference
datomic.index	datomic.process.events	require
datomic.index	datomic.slf4j	call
datomic.index	datomic.slf4j	reference
datomic.index	datomic.slf4j	require
datomic.integrity	clojure.pprint	require
datomic.integrity	datomic.api	call
datomic.integrity	datomic.api	reference
datomic.integrity	datomic.api	require
datomic.integrity	datomic.assert	call
datomic.integrity	datomic.assert	reference
datomic.integrity	datomic.assert	require
datomic.integrity	datomic.btset	call
datomic.integrity	datomic.btset	reference
datomic.integrity	datomic.btset	require
datomic.integrity	datomic.cache	require
datomic.integrity	datomic.cli	call
datomic.integrity	datomic.cli	reference
datomic.integrity	datomic.cli	require
datomic.integrity	datomic.cluster	call
datomic.integrity	datomic.cluster	reference
datomic.integrity	datomic.cluster	require
datomic.integrity	datomic.clusterfs	call
datomic.integrity	datomic.clusterfs	reference
datomic.integrity	datomic.clusterfs	require
datomic.integrity	datomic.common	call
datomic.integrity	datomic.common	reference
datomic.integrity	datomic.common	require
datomic.integrity	datomic.config	require
datomic.integrity	datomic.coordination	require
datomic.integrity	datomic.db	call
datomic.integrity	datomic.db	reference
datomic.integrity	datomic.db	require
datomic.integrity	datomic.domain	require
datomic.integrity	datomic.excise	call
datomic.integrity	datomic.excise	reference
datomic.integrity	datomic.excise	require
datomic.integrity	datomic.fressian	call
datomic.integrity	datomic.fressian	reference
datomic.integrity	datomic.fressian	require
datomic.integrity	datomic.fulltext	require
datomic.integrity	datomic.garbage	call
datomic.integrity	datomic.garbage	reference
datomic.integrity	datomic.garbage	require
datomic.integrity	datomic.index	call
datomic.integrity	datomic.index	reference
datomic.integrity	datomic.index	require
datomic.integrity	datomic.io	call
datomic.integrity	datomic.io	reference
datomic.integrity	datomic.io	require
datomic.integrity	datomic.iter	call
datomic.integrity	datomic.iter	reference
datomic.integrity	datomic.iter	require
datomic.integrity	datomic.kv-store	require
datomic.integrity	datomic.log	call
datomic.integrity	datomic.log	reference
datomic.integrity	datomic.log	require
datomic.integrity	datomic.math	require
datomic.integrity	datomic.memory-size	require
datomic.integrity	datomic.peer	require
datomic.integrity	datomic.slf4j	call
datomic.integrity	datomic.slf4j	reference
datomic.integrity	datomic.slf4j	require
datomic.integrity	datomic.stats	call
datomic.integrity	datomic.stats	reference
datomic.integrity	datomic.stats	require
datomic.integrity	datomic.tools	call
datomic.integrity	datomic.tools	reference
datomic.integrity	datomic.tools	require
datomic.integrity	datomic.tools.index-checks	call
datomic.integrity	datomic.tools.index-checks	reference
datomic.integrity	datomic.tools.index-checks	require
datomic.integrity	datomic.uri	call
datomic.integrity	datomic.uri	reference
datomic.integrity	datomic.uri	require
datomic.io	clojure.edn	require
datomic.io	clojure.java.io	require
datomic.io	datomic.java.io.stream	require
datomic.kv-cache	datomic.cache	call
datomic.kv-cache	datomic.cache	reference
datomic.kv-cache	datomic.cache	require
datomic.kv-cache	datomic.common	reference
datomic.kv-cache	datomic.common	require
datomic.kv-cache	datomic.config	call
datomic.kv-cache	datomic.config	reference
datomic.kv-cache	datomic.config	require
datomic.kv-cache	datomic.memcached	reference
datomic.kv-cache	datomic.monitor	call
datomic.kv-cache	datomic.monitor	reference
datomic.kv-cache	datomic.monitor	require
datomic.kv-cache	datomic.require	require
datomic.kv-cache	datomic.valcache-direct	reference
datomic.kv-cassandra	clojure.string	require
datomic.kv-cassandra	datomic.cassandra	call
datomic.kv-cassandra	datomic.cassandra	reference
datomic.kv-cassandra	datomic.cassandra	require
datomic.kv-cassandra	datomic.config	require
datomic.kv-cassandra	datomic.error	require
datomic.kv-cassandra	datomic.io	require
datomic.kv-cassandra	datomic.kv-store	require
datomic.kv-cassandra	datomic.require	require
datomic.kv-cassandra	datomic.slf4j	require
datomic.kv-cassandra2	datomic.callback	require
datomic.kv-cassandra2	datomic.cassandra	call
datomic.kv-cassandra2	datomic.cassandra	reference
datomic.kv-cassandra2	datomic.cassandra	require
datomic.kv-cassandra2	datomic.cassandra-values	call
datomic.kv-cassandra2	datomic.cassandra-values	reference
datomic.kv-cassandra2	datomic.cassandra-values	require
datomic.kv-cassandra2	datomic.kv-store	reference
datomic.kv-cassandra2	datomic.kv-store	require
datomic.kv-cassandra2	datomic.slf4j	require
datomic.kv-cassandra3	datomic.cassandra-v4	call
datomic.kv-cassandra3	datomic.cassandra-v4	reference
datomic.kv-cassandra3	datomic.cassandra-v4	require
datomic.kv-cassandra3	datomic.cassandra-values-v4	call
datomic.kv-cassandra3	datomic.cassandra-values-v4	reference
datomic.kv-cassandra3	datomic.cassandra-values-v4	require
datomic.kv-cassandra3	datomic.kv-store	reference
datomic.kv-cassandra3	datomic.kv-store	require
datomic.kv-cluster	datomic.cache	require
datomic.kv-cluster	datomic.cluster	call
datomic.kv-cluster	datomic.cluster	reference
datomic.kv-cluster	datomic.cluster	require
datomic.kv-cluster	datomic.common	call
datomic.kv-cluster	datomic.common	reference
datomic.kv-cluster	datomic.common	require
datomic.kv-cluster	datomic.config	call
datomic.kv-cluster	datomic.config	reference
datomic.kv-cluster	datomic.config	require
datomic.kv-cluster	datomic.future	call
datomic.kv-cluster	datomic.future	reference
datomic.kv-cluster	datomic.future	require
datomic.kv-cluster	datomic.kv-store	reference
datomic.kv-cluster	datomic.kv-store	require
datomic.kv-cluster	datomic.measure.io-stats	require
datomic.kv-cluster	datomic.monitor	call
datomic.kv-cluster	datomic.monitor	reference
datomic.kv-cluster	datomic.monitor	require
datomic.kv-cluster	datomic.process.events	call
datomic.kv-cluster	datomic.process.events	reference
datomic.kv-cluster	datomic.process.events	require
datomic.kv-cluster	datomic.require	require
datomic.kv-cluster	datomic.slf4j	call
datomic.kv-cluster	datomic.slf4j	reference
datomic.kv-cluster	datomic.slf4j	require
datomic.kv-dynamo	clojure.string	require
datomic.kv-dynamo	datomic.ddb	call
datomic.kv-dynamo	datomic.ddb	reference
datomic.kv-dynamo	datomic.ddb	require
datomic.kv-dynamo	datomic.ddb-values	call
datomic.kv-dynamo	datomic.ddb-values	reference
datomic.kv-dynamo	datomic.ddb-values	require
datomic.kv-dynamo	datomic.kv-store	reference
datomic.kv-dynamo	datomic.kv-store	require
datomic.kv-dynamo-skv	datomic.ddb	call
datomic.kv-dynamo-skv	datomic.ddb	reference
datomic.kv-dynamo-skv	datomic.ddb	require
datomic.kv-dynamo-skv	datomic.ddb-values	call
datomic.kv-dynamo-skv	datomic.ddb-values	reference
datomic.kv-dynamo-skv	datomic.ddb-values	require
datomic.kv-dynamo-skv	datomic.io	call
datomic.kv-dynamo-skv	datomic.io	reference
datomic.kv-dynamo-skv	datomic.io	require
datomic.kv-dynamo-skv	datomic.kv-store	require
datomic.kv-dynamo-skv	datomic.simple-kv	call
datomic.kv-dynamo-skv	datomic.simple-kv	reference
datomic.kv-dynamo-skv	datomic.simple-kv	require
datomic.kv-hotrod	datomic.io	call
datomic.kv-hotrod	datomic.io	reference
datomic.kv-hotrod	datomic.io	require
datomic.kv-hotrod	datomic.kv-store	require
datomic.kv-mem	datomic.kv-store	require
datomic.kv-sql	datomic.error	require
datomic.kv-sql	datomic.io	call
datomic.kv-sql	datomic.io	reference
datomic.kv-sql	datomic.io	require
datomic.kv-sql	datomic.kv-store	require
datomic.kv-sql	datomic.require	require
datomic.kv-sql	datomic.slf4j	call
datomic.kv-sql	datomic.slf4j	reference
datomic.kv-sql	datomic.slf4j	require
datomic.kv-sql	datomic.sql	call
datomic.kv-sql	datomic.sql	reference
datomic.kv-sql	datomic.sql	require
datomic.kv-sql-ext	datomic.config	call
datomic.kv-sql-ext	datomic.config	reference
datomic.kv-sql-ext	datomic.config	require
datomic.kv-sql-ext	datomic.error	call
datomic.kv-sql-ext	datomic.error	reference
datomic.kv-sql-ext	datomic.error	require
datomic.kv-sql-ext	datomic.io	require
datomic.kv-sql-ext	datomic.kv-sql	reference
datomic.kv-sql-ext	datomic.kv-store	require
datomic.kv-sql-ext	datomic.monitor	call
datomic.kv-sql-ext	datomic.monitor	reference
datomic.kv-sql-ext	datomic.monitor	require
datomic.kv-sql-ext	datomic.slf4j	call
datomic.kv-sql-ext	datomic.slf4j	reference
datomic.kv-sql-ext	datomic.slf4j	require
datomic.kv-sql-ext	datomic.sql	call
datomic.kv-sql-ext	datomic.sql	reference
datomic.kv-sql-ext	datomic.sql	require
datomic.log	datomic.cache	call
datomic.log	datomic.cache	reference
datomic.log	datomic.cache	require
datomic.log	datomic.cluster	call
datomic.log	datomic.cluster	reference
datomic.log	datomic.cluster	require
datomic.log	datomic.common	call
datomic.log	datomic.common	reference
datomic.log	datomic.common	require
datomic.log	datomic.config	call
datomic.log	datomic.config	reference
datomic.log	datomic.config	require
datomic.log	datomic.db	call
datomic.log	datomic.db	reference
datomic.log	datomic.db	require
datomic.log	datomic.error	call
datomic.log	datomic.error	reference
datomic.log	datomic.error	require
datomic.log	datomic.excise	call
datomic.log	datomic.excise	reference
datomic.log	datomic.excise	require
datomic.log	datomic.fressian	call
datomic.log	datomic.fressian	reference
datomic.log	datomic.fressian	require
datomic.log	datomic.index	call
datomic.log	datomic.index	reference
datomic.log	datomic.index	require
datomic.log	datomic.io	call
datomic.log	datomic.io	reference
datomic.log	datomic.io	require
datomic.log	datomic.iter	call
datomic.log	datomic.iter	reference
datomic.log	datomic.iter	require
datomic.log	datomic.memory-size	require
datomic.log	datomic.monitor	call
datomic.log	datomic.monitor	reference
datomic.log	datomic.monitor	require
datomic.log	datomic.process.events	require
datomic.log	datomic.promise	require
datomic.log	datomic.slf4j	call
datomic.log	datomic.slf4j	reference
datomic.log	datomic.slf4j	require
datomic.log	datomic.transaction	call
datomic.log	datomic.transaction	reference
datomic.log	datomic.transaction	require
datomic.lucene	clojure.java.io	require
datomic.memcached	datomic.cache.impl	require
datomic.memcached	datomic.common	call
datomic.memcached	datomic.common	reference
datomic.memcached	datomic.common	require
datomic.memcached	datomic.config	call
datomic.memcached	datomic.config	reference
datomic.memcached	datomic.config	require
datomic.memcached	datomic.config-ext	require
datomic.memcached	datomic.io	call
datomic.memcached	datomic.io	reference
datomic.memcached	datomic.io	require
datomic.memcached	datomic.measure.io-stats	require
datomic.memcached	datomic.monitor	reference
datomic.memcached	datomic.monitor	require
datomic.memcached	datomic.require	call
datomic.memcached	datomic.require	reference
datomic.memcached	datomic.require	require
datomic.memcached	datomic.slf4j	call
datomic.memcached	datomic.slf4j	reference
datomic.memcached	datomic.slf4j	require
datomic.memory	clojure.string	require
datomic.memory	datomic.common	call
datomic.memory	datomic.common	reference
datomic.memory	datomic.common	require
datomic.memory	datomic.config	require
datomic.memory	datomic.math	reference
datomic.memory	datomic.math	require
datomic.monitor	clojure.edn	require
datomic.monitor	datomic.math	require
datomic.peer	clojure.java.io	require
datomic.peer	clojure.pprint	require
datomic.peer	clojure.string	require
datomic.peer	datomic.adopter	call
datomic.peer	datomic.adopter	reference
datomic.peer	datomic.adopter	require
datomic.peer	datomic.aws-monitor	reference
datomic.peer	datomic.cache	call
datomic.peer	datomic.cache	reference
datomic.peer	datomic.cache	require
datomic.peer	datomic.cast2slf4j	call
datomic.peer	datomic.cast2slf4j	reference
datomic.peer	datomic.cast2slf4j	require
datomic.peer	datomic.catalog	call
datomic.peer	datomic.catalog	reference
datomic.peer	datomic.catalog	require
datomic.peer	datomic.cleanup	call
datomic.peer	datomic.cleanup	reference
datomic.peer	datomic.cleanup	require
datomic.peer	datomic.cluster	call
datomic.peer	datomic.cluster	reference
datomic.peer	datomic.cluster	require
datomic.peer	datomic.cluster-stack	call
datomic.peer	datomic.cluster-stack	reference
datomic.peer	datomic.cluster-stack	require
datomic.peer	datomic.common	call
datomic.peer	datomic.common	reference
datomic.peer	datomic.common	require
datomic.peer	datomic.config	call
datomic.peer	datomic.config	reference
datomic.peer	datomic.config	require
datomic.peer	datomic.connector	call
datomic.peer	datomic.connector	reference
datomic.peer	datomic.connector	require
datomic.peer	datomic.coordination	call
datomic.peer	datomic.coordination	reference
datomic.peer	datomic.coordination	require
datomic.peer	datomic.db	call
datomic.peer	datomic.db	reference
datomic.peer	datomic.db	require
datomic.peer	datomic.db-io	call
datomic.peer	datomic.db-io	reference
datomic.peer	datomic.db-io	require
datomic.peer	datomic.domain	call
datomic.peer	datomic.domain	reference
datomic.peer	datomic.domain	require
datomic.peer	datomic.error	call
datomic.peer	datomic.error	reference
datomic.peer	datomic.error	require
datomic.peer	datomic.fulltext-index	call
datomic.peer	datomic.fulltext-index	reference
datomic.peer	datomic.fulltext-index	require
datomic.peer	datomic.index	call
datomic.peer	datomic.index	reference
datomic.peer	datomic.index	require
datomic.peer	datomic.io	call
datomic.peer	datomic.io	reference
datomic.peer	datomic.io	require
datomic.peer	datomic.log	call
datomic.peer	datomic.log	reference
datomic.peer	datomic.log	require
datomic.peer	datomic.math	call
datomic.peer	datomic.math	reference
datomic.peer	datomic.math	require
datomic.peer	datomic.memory	require
datomic.peer	datomic.monitor	call
datomic.peer	datomic.monitor	reference
datomic.peer	datomic.monitor	require
datomic.peer	datomic.process-monitor	reference
datomic.peer	datomic.process-monitor	require
datomic.peer	datomic.promise	call
datomic.peer	datomic.promise	reference
datomic.peer	datomic.promise	require
datomic.peer	datomic.queue	call
datomic.peer	datomic.queue	reference
datomic.peer	datomic.queue	require
datomic.peer	datomic.reconnector2	call
datomic.peer	datomic.reconnector2	reference
datomic.peer	datomic.reconnector2	require
datomic.peer	datomic.require	require
datomic.peer	datomic.slf4j	call
datomic.peer	datomic.slf4j	reference
datomic.peer	datomic.slf4j	require
datomic.peer	datomic.transaction	call
datomic.peer	datomic.transaction	reference
datomic.peer	datomic.transaction	require
datomic.peer	datomic.uri	call
datomic.peer	datomic.uri	reference
datomic.peer	datomic.uri	require
datomic.process	datomic.common	require
datomic.process	datomic.config	call
datomic.process	datomic.config	reference
datomic.process	datomic.config	require
datomic.process	datomic.monitor	call
datomic.process	datomic.monitor	reference
datomic.process	datomic.slf4j	call
datomic.process	datomic.slf4j	reference
datomic.process	datomic.slf4j	require
datomic.process-monitor	clojure.string	require
datomic.process-monitor	datomic.callback	call
datomic.process-monitor	datomic.callback	reference
datomic.process-monitor	datomic.callback	require
datomic.process-monitor	datomic.common	call
datomic.process-monitor	datomic.common	reference
datomic.process-monitor	datomic.common	require
datomic.process-monitor	datomic.config	call
datomic.process-monitor	datomic.config	reference
datomic.process-monitor	datomic.config	require
datomic.process-monitor	datomic.domain	call
datomic.process-monitor	datomic.domain	reference
datomic.process-monitor	datomic.domain	require
datomic.process-monitor	datomic.monitor	call
datomic.process-monitor	datomic.monitor	reference
datomic.process-monitor	datomic.monitor	require
datomic.process-monitor	datomic.process	reference
datomic.process-monitor	datomic.process	require
datomic.process-monitor	datomic.slf4j	call
datomic.process-monitor	datomic.slf4j	reference
datomic.process-monitor	datomic.slf4j	require
datomic.pull	clojure.edn	require
datomic.pull	datomic.cache	call
datomic.pull	datomic.cache	reference
datomic.pull	datomic.cache	require
datomic.pull	datomic.common	require
datomic.pull	datomic.db	call
datomic.pull	datomic.db	reference
datomic.pull	datomic.db	require
datomic.pull	datomic.error	call
datomic.pull	datomic.error	reference
datomic.pull	datomic.error	require
datomic.pull	datomic.extension-resolver	call
datomic.pull	datomic.extension-resolver	reference
datomic.pull	datomic.extension-resolver	require
datomic.pull	datomic.iter	call
datomic.pull	datomic.iter	reference
datomic.pull	datomic.iter	require
datomic.pull	datomic.measure.io-stats	require
datomic.qtune	clojure.edn	require
datomic.qtune	clojure.set	require
datomic.qtune	datomic.api	reference
datomic.qtune	datomic.api	require
datomic.qtune	datomic.common	call
datomic.qtune	datomic.common	reference
datomic.qtune	datomic.common	require
datomic.qtune	datomic.datalog	reference
datomic.qtune	datomic.datalog	require
datomic.qtune	datomic.query	call
datomic.qtune	datomic.query	reference
datomic.qtune	datomic.query	require
datomic.query	clojure.pprint	require
datomic.query	clojure.set	require
datomic.query	datomic.aggregation	require
datomic.query	datomic.cache	call
datomic.query	datomic.cache	reference
datomic.query	datomic.cache	require
datomic.query	datomic.common	call
datomic.query	datomic.common	reference
datomic.query	datomic.common	require
datomic.query	datomic.config	require
datomic.query	datomic.datalog	call
datomic.query	datomic.datalog	reference
datomic.query	datomic.datalog	require
datomic.query	datomic.db	call
datomic.query	datomic.db	reference
datomic.query	datomic.db	require
datomic.query	datomic.error	call
datomic.query	datomic.error	reference
datomic.query	datomic.error	require
datomic.query	datomic.extensions	require
datomic.query	datomic.fulltext	require
datomic.query	datomic.index	require
datomic.query	datomic.iter	call
datomic.query	datomic.iter	reference
datomic.query	datomic.iter	require
datomic.query	datomic.measure.io-stats	require
datomic.query	datomic.measure.query-stats	require
datomic.query	datomic.pull	call
datomic.query	datomic.pull	reference
datomic.query	datomic.pull	require
datomic.query	datomic.query.support	call
datomic.query	datomic.query.support	reference
datomic.query	datomic.query.support	require
datomic.query.support	clojure.edn	require
datomic.reconnector2	datomic.common	require
datomic.reconnector2	datomic.monitor	call
datomic.reconnector2	datomic.monitor	reference
datomic.reconnector2	datomic.promise	call
datomic.reconnector2	datomic.promise	reference
datomic.reconnector2	datomic.promise	require
datomic.reconnector2	datomic.slf4j	call
datomic.reconnector2	datomic.slf4j	reference
datomic.require	s	require
datomic.s3	clojure.java.io	require
datomic.s3	clojure.string	require
datomic.s3	datomic.datafy	call
datomic.s3	datomic.datafy	reference
datomic.s3	datomic.datafy	require
datomic.s3	datomic.io	call
datomic.s3	datomic.io	reference
datomic.s3	datomic.io	require
datomic.s3	datomic.s3-api	call
datomic.s3	datomic.s3-api	reference
datomic.s3	datomic.s3-api	require
datomic.s3-api	datomic.aws	call
datomic.s3-api	datomic.aws	reference
datomic.s3-api	datomic.aws	require
datomic.s3-api	datomic.datafy	call
datomic.s3-api	datomic.datafy	reference
datomic.s3-api	datomic.datafy	require
datomic.s3-kv	datomic.io	require
datomic.s3-kv	datomic.s3	call
datomic.s3-kv	datomic.s3	reference
datomic.s3-kv	datomic.s3	require
datomic.s3-kv	datomic.simple-kv	require
datomic.simple-kv	clojure.edn	require
datomic.slf4j	clojure.edn	require
datomic.slf4j	clojure.string	require
datomic.slf4j	datomic.error	require
datomic.slf4j	datomic.math	call
datomic.slf4j	datomic.math	reference
datomic.slf4j	datomic.math	require
datomic.slf4j	datomic.monitor	reference
datomic.sql	clojure.string	require
datomic.sql	datomic.error	call
datomic.sql	datomic.error	reference
datomic.sql	datomic.error	require
datomic.stats	datomic.clusterfs	call
datomic.stats	datomic.clusterfs	reference
datomic.stats	datomic.clusterfs	require
datomic.stats	datomic.core2.algo.lazy	call
datomic.stats	datomic.core2.algo.lazy	reference
datomic.stats	datomic.core2.algo.lazy	require
datomic.stats	datomic.db	call
datomic.stats	datomic.db	reference
datomic.stats	datomic.db	require
datomic.stats	datomic.iter	call
datomic.stats	datomic.iter	reference
datomic.stats	datomic.iter	require
datomic.stats	datomic.math	call
datomic.stats	datomic.math	reference
datomic.stats	datomic.math	require
datomic.stats	datomic.memory-size	require
datomic.tools	clojure.java.io	require
datomic.tools	clojure.pprint	require
datomic.tools	datomic.api	call
datomic.tools	datomic.api	reference
datomic.tools	datomic.api	require
datomic.tools	datomic.cache	call
datomic.tools	datomic.cache	reference
datomic.tools	datomic.cache	require
datomic.tools	datomic.catalog	call
datomic.tools	datomic.catalog	reference
datomic.tools	datomic.catalog	require
datomic.tools	datomic.cluster	call
datomic.tools	datomic.cluster	reference
datomic.tools	datomic.cluster	require
datomic.tools	datomic.common	require
datomic.tools	datomic.config	reference
datomic.tools	datomic.coordination	call
datomic.tools	datomic.coordination	reference
datomic.tools	datomic.coordination	require
datomic.tools	datomic.db	call
datomic.tools	datomic.db	reference
datomic.tools	datomic.db	require
datomic.tools	datomic.db-io	reference
datomic.tools	datomic.db-io	require
datomic.tools	datomic.ddb	reference
datomic.tools	datomic.domain	call
datomic.tools	datomic.domain	reference
datomic.tools	datomic.domain	require
datomic.tools	datomic.index	call
datomic.tools	datomic.index	reference
datomic.tools	datomic.index	require
datomic.tools	datomic.iter	call
datomic.tools	datomic.iter	reference
datomic.tools	datomic.iter	require
datomic.tools	datomic.kv-cluster	reference
datomic.tools	datomic.kv-cluster	require
datomic.tools	datomic.log	call
datomic.tools	datomic.log	reference
datomic.tools	datomic.log	require
datomic.tools	datomic.math	call
datomic.tools	datomic.math	reference
datomic.tools	datomic.math	require
datomic.tools	datomic.memory-size	require
datomic.tools	datomic.monitor	call
datomic.tools	datomic.monitor	reference
datomic.tools	datomic.monitor	require
datomic.tools	datomic.peer	require
datomic.tools	datomic.require	require
datomic.tools	datomic.slf4j	call
datomic.tools	datomic.slf4j	reference
datomic.tools	datomic.slf4j	require
datomic.tools	datomic.stats	call
datomic.tools	datomic.stats	reference
datomic.tools	datomic.stats	require
datomic.tools	datomic.uri	call
datomic.tools	datomic.uri	reference
datomic.tools	datomic.uri	require
datomic.tools.index-checks	datomic.api	call
datomic.tools.index-checks	datomic.api	reference
datomic.tools.index-checks	datomic.api	require
datomic.tools.index-checks	datomic.db	call
datomic.tools.index-checks	datomic.db	reference
datomic.tools.index-checks	datomic.db	require
datomic.tools.index-checks	datomic.tools	call
datomic.tools.index-checks	datomic.tools	reference
datomic.tools.index-checks	datomic.tools	require
datomic.transaction	datomic.cache	call
datomic.transaction	datomic.cache	reference
datomic.transaction	datomic.cache	require
datomic.transaction	datomic.common	call
datomic.transaction	datomic.common	reference
datomic.transaction	datomic.common	require
datomic.transaction	datomic.config	require
datomic.transaction	datomic.db	call
datomic.transaction	datomic.db	reference
datomic.transaction	datomic.db	require
datomic.transaction	datomic.error	require
datomic.transaction	datomic.fressian	call
datomic.transaction	datomic.fressian	reference
datomic.transaction	datomic.fressian	require
datomic.transaction	datomic.index	reference
datomic.transaction	datomic.index	require
datomic.transaction	datomic.monitor	call
datomic.transaction	datomic.monitor	reference
datomic.transaction	datomic.monitor	require
datomic.transaction	datomic.slf4j	call
datomic.transaction	datomic.slf4j	reference
datomic.transaction	datomic.slf4j	require
datomic.transaction	datomic.validators	require
datomic.treewalk	datomic.clusterfs	require
datomic.treewalk	datomic.common	call
datomic.treewalk	datomic.common	reference
datomic.treewalk	datomic.common	require
datomic.treewalk	datomic.fulltext	require
datomic.treewalk	datomic.index	require
datomic.uri	clojure.edn	require
datomic.uri	clojure.string	require
datomic.uri	datomic.common	call
datomic.uri	datomic.common	reference
datomic.uri	datomic.common	require
datomic.uri	datomic.error	call
datomic.uri	datomic.error	reference
datomic.uri	datomic.error	require
datomic.val-cluster	datomic.cluster	require
datomic.val-cluster	datomic.common	call
datomic.val-cluster	datomic.common	reference
datomic.val-cluster	datomic.common	require
datomic.val-cluster	datomic.core2.anomalies	call
datomic.val-cluster	datomic.core2.anomalies	reference
datomic.val-cluster	datomic.core2.anomalies	require
datomic.val-cluster	datomic.core2.async	call
datomic.val-cluster	datomic.core2.async	reference
datomic.val-cluster	datomic.core2.async	require
datomic.val-cluster	datomic.core2.val-store	call
datomic.val-cluster	datomic.core2.val-store	reference
datomic.val-cluster	datomic.core2.val-store	require
datomic.val-cluster	datomic.future	call
datomic.val-cluster	datomic.future	reference
datomic.val-cluster	datomic.future	require
datomic.val-cluster	datomic.slf4j	call
datomic.val-cluster	datomic.slf4j	reference
datomic.val-cluster	datomic.slf4j	require
datomic.valcache	datomic.async	call
datomic.valcache	datomic.async	reference
datomic.valcache	datomic.async	require
datomic.valcache	datomic.io	call
datomic.valcache	datomic.io	reference
datomic.valcache	datomic.io	require
datomic.valcache	datomic.slf4j	call
datomic.valcache	datomic.slf4j	reference
datomic.valcache	datomic.slf4j	require
datomic.valcache-direct	datomic.async	require
datomic.valcache-direct	datomic.cache.impl	require
datomic.valcache-direct	datomic.common	call
datomic.valcache-direct	datomic.common	reference
datomic.valcache-direct	datomic.common	require
datomic.valcache-direct	datomic.config	require
datomic.valcache-direct	datomic.config-ext	require
datomic.valcache-direct	datomic.measure.io-stats	require
datomic.valcache-direct	datomic.monitor	call
datomic.valcache-direct	datomic.monitor	reference
datomic.valcache-direct	datomic.monitor	require
datomic.valcache-direct	datomic.slf4j	call
datomic.valcache-direct	datomic.slf4j	reference
datomic.valcache-direct	datomic.slf4j	require
datomic.valcache-direct	datomic.valcache	call
datomic.valcache-direct	datomic.valcache	reference
datomic.valcache-direct	datomic.valcache	require
datomic.valcache-direct	datomic.valcache.puts-pool	call
datomic.valcache-direct	datomic.valcache.puts-pool	reference
datomic.valcache-direct	datomic.valcache.puts-pool	require
datomic.valcache-direct	datomic.valcache.puts-pool-impl	reference
datomic.valcache-direct	datomic.valcache.puts-pool-impl	require
datomic.valcache.puts-pool-impl	datomic.common	call
datomic.valcache.puts-pool-impl	datomic.common	reference
datomic.valcache.puts-pool-impl	datomic.common	require
datomic.valcache.puts-pool-impl	datomic.config	call
datomic.valcache.puts-pool-impl	datomic.config	reference
datomic.valcache.puts-pool-impl	datomic.config	require
datomic.valcache.puts-pool-impl	datomic.monitor	call
datomic.valcache.puts-pool-impl	datomic.monitor	reference
datomic.valcache.puts-pool-impl	datomic.monitor	require
datomic.valcache.puts-pool-impl	datomic.valcache.puts-pool	reference
datomic.valcache.puts-pool-impl	datomic.valcache.puts-pool	require
datomic.validators	clojure.set	require
