namespace	file	lines	definitions	public	private	requires	imports
datomic.adopter	datomic/adopter.clj	22	1	1	0	datomic.db	
datomic.aggregation	datomic/aggregation.clj	81	12	12	0	datomic.common,datomic.math	
datomic.api	datomic/api.clj	410	62	62	0	datomic.common,datomic.db,datomic.fressian,datomic.pull,datomic.query	datomic.Connection,datomic.Database,datomic.Entity,datomic.Log,datomic.Peer
datomic.artemis-client	datomic/artemis_client.clj	894	32	30	2	clojure.string,datomic.cache,datomic.common,datomic.error,datomic.fressian,datomic.promise,datomic.queue,datomic.slf4j	datomic.artemis_client.RpcClient,datomic.artemis_client.RpcServer,datomic.artemis_client.SessionFactoryBundle,org.apache.activemq.artemis.api.core.TransportConfiguration,org.apache.activemq.artemis.api.core.client.ActiveMQClient,org.apache.activemq.artemis.api.core.client.ClientConsumer,org.apache.activemq.artemis.api.core.client.ClientMessage,org.apache.activemq.artemis.api.core.client.ClientProducer,org.apache.activemq.artemis.api.core.client.ClientSession,org.apache.activemq.artemis.api.core.client.ClientSessionFactory,org.apache.activemq.artemis.api.core.client.MessageHandler,org.apache.activemq.artemis.api.core.client.ServerLocator,org.apache.activemq.artemis.api.core.client.SessionFailureListener
datomic.assert	datomic/assert.clj	106	6	5	1	clojure.main	
datomic.async	datomic/async.clj	50	6	6	0	datomic.slf4j	datomic.async.DiscardPolicy
datomic.aws	datomic/aws.clj	576	10	10	0	datomic.datafy	com.amazonaws.auth.AWSCredentials,com.amazonaws.auth.AWSCredentialsProvider,com.amazonaws.auth.BasicAWSCredentials,com.amazonaws.auth.DefaultAWSCredentialsProviderChain
datomic.aws-detect	datomic/aws_detect.clj	39	5	5	0	clojure.java.io,clojure.java.shell,clojure.string	
datomic.aws-monitor	datomic/aws_monitor.clj	181	14	13	1	clojure.set,datomic.cloudwatch,datomic.config,datomic.monitor,datomic.slf4j	
datomic.backup	datomic/backup.clj	1240	70	63	7	clojure.set,clojure.string,datomic.api,datomic.cache,datomic.catalog,datomic.cluster,datomic.common,datomic.config,datomic.coordination,datomic.db,datomic.domain,datomic.error,datomic.fressian,datomic.garbage,datomic.index,datomic.io,datomic.iter,datomic.log,datomic.monitor,datomic.promise,datomic.queue,datomic.require,datomic.slf4j,datomic.treewalk,datomic.uri	datomic.backup.SegSetStorage,datomic.backup.Substorage,datomic.backup.ValueBackup,datomic.backup.ValueRestore,java.net.URI,java.nio.ByteBuffer,java.util.concurrent.Future,java.util.concurrent.Semaphore
datomic.btset	datomic/btset.clj	736	26	24	2	datomic.iter	datomic.btset.BTSet,datomic.btset.BTSetBranch,datomic.btset.BTSetIter,datomic.btset.BTSetIterLink,datomic.btset.BTSetLeaf,datomic.btset.BTSetSplit,datomic.btset.IBTSet,datomic.btset.IBTSetBranch,datomic.btset.IBTSetIterLink,datomic.btset.IBTSetLeaf,datomic.btset.IBTSetNode,datomic.btset.IDataSet,datomic.iter.Iter
datomic.builtins	datomic/builtins.clj	133	4	4	0	clojure.set,datomic.db,datomic.error,datomic.query	datomic.impl.db.IDatum
datomic.cache	datomic/cache.clj	241	26	25	1	datomic.cache.caffeine,datomic.cache.impl,datomic.common,datomic.config,datomic.io,datomic.measure.io-stats,datomic.monitor	datomic.cache.ICachedLookup,java.lang.AutoCloseable,java.nio.ByteBuffer,java.util.concurrent.ConcurrentHashMap,java.util.concurrent.ConcurrentMap,java.util.concurrent.ExecutorService
datomic.cache.caffeine	datomic/cache/caffeine.clj	163	13	11	2	datomic.cache.impl,datomic.memory-size,datomic.monitor	com.github.benmanes.caffeine.cache.Cache,com.github.benmanes.caffeine.cache.CacheLoader,com.github.benmanes.caffeine.cache.Caffeine,com.github.benmanes.caffeine.cache.LoadingCache,com.github.benmanes.caffeine.cache.Weigher,datomic.cache.caffeine.WrappedCCache,java.util.concurrent.TimeUnit
datomic.cache.impl	datomic/cache/impl.clj	33	8	8	0		java.util.concurrent.ConcurrentMap
datomic.callback	datomic/callback.clj	97	3	3	0	clojure.reflect,clojure.set,datomic.slf4j	
datomic.cassandra	datomic/cassandra.clj	274	18	18	0	clojure.string,datomic.callback,datomic.slf4j	com.datastax.driver.core.BoundStatement,com.datastax.driver.core.ConsistencyLevel,com.datastax.driver.core.PreparedStatement,com.datastax.driver.core.ResultSet,com.datastax.driver.core.Row,com.datastax.driver.core.Session
datomic.cassandra-v4	datomic/cassandra_v4.clj	297	17	17	0	clojure.string,datomic.callback,datomic.slf4j	com.datastax.oss.driver.api.core.ConsistencyLevel,com.datastax.oss.driver.api.core.DefaultConsistencyLevel,com.datastax.oss.driver.api.core.cql.BoundStatement,com.datastax.oss.driver.api.core.cql.PreparedStatement,com.datastax.oss.driver.api.core.cql.ResultSet,com.datastax.oss.driver.api.core.cql.Row,com.datastax.oss.driver.api.core.cql.SimpleStatement,com.datastax.oss.driver.api.core.cql.SimpleStatementBuilder,com.datastax.oss.driver.api.core.cql.SyncCqlSession
datomic.cassandra-values	datomic/cassandra_values.clj	554	8	8	0	datomic.cassandra,datomic.common,datomic.config,datomic.future,datomic.io,datomic.slf4j	com.datastax.driver.core.Session,java.nio.ByteBuffer
datomic.cassandra-values-v4	datomic/cassandra_values_v4.clj	555	8	8	0	datomic.cassandra-v4,datomic.common,datomic.config,datomic.future,datomic.io,datomic.slf4j	java.nio.ByteBuffer
datomic.cast2slf4j	datomic/cast2slf4j.clj	80	3	2	1	clojure.string,cognitect.caster,datomic.monitor,datomic.slf4j	
datomic.catalog	datomic/catalog.clj	272	27	26	1	clojure.edn,clojure.set,datomic.cluster,datomic.common,datomic.io	
datomic.cleanup	datomic/cleanup.clj	79	6	6	0	datomic.error,datomic.queue	datomic.cleanup.Manager,java.lang.ref.PhantomReference,java.lang.ref.ReferenceQueue,java.util.Map,java.util.concurrent.ConcurrentHashMap
datomic.cli	datomic/cli.clj	256	13	11	2	clojure.java.io,clojure.java.shell,clojure.set,clojure.string,datomic.require	
datomic.cloudwatch	datomic/cloudwatch.clj	1226	20	20	0	datomic.aws,datomic.common,datomic.datafy	com.amazonaws.services.cloudwatch.AmazonCloudWatchClient,com.amazonaws.services.cloudwatch.model.DescribeAlarmsRequest,com.amazonaws.services.cloudwatch.model.DescribeAlarmsResult,com.amazonaws.services.cloudwatch.model.Dimension,com.amazonaws.services.cloudwatch.model.DimensionFilter,com.amazonaws.services.cloudwatch.model.GetMetricStatisticsRequest,com.amazonaws.services.cloudwatch.model.ListMetricsRequest,com.amazonaws.services.cloudwatch.model.Metric,com.amazonaws.services.cloudwatch.model.MetricAlarm,com.amazonaws.services.cloudwatch.model.MetricDatum,com.amazonaws.services.cloudwatch.model.PutMetricDataRequest,com.amazonaws.services.cloudwatch.model.StandardUnit,com.amazonaws.services.cloudwatch.model.StateValue,com.amazonaws.services.cloudwatch.model.StatisticSet
datomic.cluster	datomic/cluster.clj	412	42	42	0	datomic.common,datomic.config,datomic.monitor,datomic.promise,datomic.slf4j	datomic.cluster.QueueingWriter,java.lang.AutoCloseable,java.nio.ByteBuffer,java.util.UUID,java.util.concurrent.TimeUnit,java.util.concurrent.TimeoutException
datomic.cluster-stack	datomic/cluster_stack.clj	863	14	14	0	clojure.core.async,cognitect.anomalies,datomic.cache,datomic.cluster,datomic.combined-cluster,datomic.common,datomic.config,datomic.core2.anomalies,datomic.core2.val-store.double-store,datomic.core2.val-store.spi,datomic.future,datomic.val-cluster	datomic.cluster_stack.ValStoreOnCluster,datomic.cluster_stack.ValStoreOnKvCache,datomic.cluster_stack.ValStoreWithClose
datomic.clusterfs	datomic/clusterfs.clj	353	24	24	0	clojure.java.io,datomic.cluster,datomic.common,datomic.fressian,datomic.io,datomic.monitor,datomic.slf4j	datomic.clusterfs.Chunk,datomic.clusterfs.ClusterFS,java.io.IOException,java.nio.ByteBuffer,org.fressian.handlers.ReadHandler,org.fressian.handlers.WriteHandler
datomic.codec	datomic/codec.clj	17	5	5	0		org.apache.commons.codec.binary.Base64
datomic.combined-cluster	datomic/combined_cluster.clj	50	3	3	0	datomic.cluster	datomic.combined_cluster.CombinedCluster,java.io.Closeable
datomic.common	datomic/common.clj	934	77	74	3	clojure.java.io,clojure.set,clojure.string,datomic.core2.thread,datomic.monitor,datomic.slf4j	java.io.IOException,java.io.InterruptedIOException,java.util.ArrayList,java.util.Collection,java.util.Collections,java.util.Comparator,java.util.List,java.util.Map,java.util.Map$Entry,java.util.Properties,java.util.Set,java.util.concurrent.ExecutorService
datomic.config	datomic/config.clj	423	40	32	8	clojure.edn,clojure.java.io,clojure.string,datomic.error,datomic.memcached.folsom,datomic.require	
datomic.config-ext	datomic/config_ext.clj	268	1	1	0	datomic.require	
datomic.connector	datomic/connector.clj	820	24	21	3	datomic.artemis-client,datomic.aws-detect,datomic.cache,datomic.catalog,datomic.cleanup,datomic.common,datomic.config,datomic.coordination,datomic.error,datomic.promise,datomic.queue,datomic.slf4j,datomic.transaction,datomic.uri	datomic.connector.HornetNotifier,datomic.connector.TransactorHornetConnector,datomic.db.IDbImpl,java.lang.ref.WeakReference,java.util.Map
datomic.coordination	datomic/coordination.clj	227	29	29	0	datomic.cache,datomic.catalog,datomic.cluster,datomic.cluster-stack,datomic.codec,datomic.common,datomic.config,datomic.error,datomic.h2,datomic.io,datomic.kv-cluster,datomic.kv-sql,datomic.slf4j	
datomic.coordination-ext	datomic/coordination_ext.clj	147	12	12	0	datomic.config,datomic.coordination,datomic.kv-cluster,datomic.require,datomic.simple-kv	
datomic.core2.algo.hash	datomic/core2/algo/hash.clj	59	2	2	0		java.util.TreeMap
datomic.core2.algo.lazy	datomic/core2/algo/lazy.clj	43	3	3	0		
datomic.core2.algo.search	datomic/core2/algo/search.clj	35	2	2	0		java.util.Collections,java.util.Comparator
datomic.core2.anomalies	datomic/core2/anomalies.clj	124	17	17	0	cognitect.anomalies	
datomic.core2.async	datomic/core2/async.clj	1094	7	7	0	clojure.core.async,cognitect.anomalies	
datomic.core2.atom	datomic/core2/atom.clj	42	4	4	0	clojure.core.async,datomic.core2.anomalies,datomic.core2.atom.spi	
datomic.core2.atom.logged	datomic/core2/atom/logged.clj	5296	9	6	3	clojure.core.async,cognitect.anomalies,datomic.core2.anomalies,datomic.core2.atom.spi,datomic.core2.log	datomic.core2.atom.logged.LoggedAtom
datomic.core2.atom.spi	datomic/core2/atom/spi.clj	8	2	2	0		
datomic.core2.aws.ddb	datomic/core2/aws/ddb.clj	92	6	6	0		java.nio.ByteBuffer
datomic.core2.aws.s3.aws-api	datomic/core2/aws/s3/aws_api.clj	377	4	4	0	clojure.core.async,cognitect.aws.client.api,datomic.core2.anomalies,datomic.core2.async,datomic.java.io	java.io.InputStream
datomic.core2.aws.s3.sdkv1	datomic/core2/aws/s3/sdkv1.clj	130	10	10	0	cognitect.anomalies,datomic.java.io	com.amazonaws.AmazonServiceException,com.amazonaws.ClientConfiguration,com.amazonaws.auth.DefaultAWSCredentialsProviderChain,com.amazonaws.retry.PredefinedRetryPolicies,com.amazonaws.retry.RetryPolicy,com.amazonaws.services.s3.AmazonS3Client,com.amazonaws.services.s3.model.AmazonS3Exception,com.amazonaws.services.s3.model.S3Object
datomic.core2.datafy	datomic/core2/datafy.clj	49	4	4	0		java.lang.reflect.Field,java.lang.reflect.Modifier
datomic.core2.log	datomic/core2/log.clj	488	6	6	0	clojure.core.async,datomic.core2.anomalies,datomic.core2.log.spi	
datomic.core2.log.ddb	datomic/core2/log/ddb.clj	1649	5	3	2	clojure.core.async,clojure.edn,cognitect.aws.client.api,datomic.core2.anomalies,datomic.core2.async,datomic.core2.aws.ddb,datomic.core2.log.spi,datomic.java.io	datomic.core2.log.ddb.Log,java.nio.ByteBuffer
datomic.core2.log.mem	datomic/core2/log/mem.clj	93	3	3	0	clojure.core.async,cognitect.anomalies,datomic.core2.algo.search,datomic.core2.log.spi	datomic.core2.log.mem.Log
datomic.core2.log.spi	datomic/core2/log/spi.clj	45	10	10	0	clojure.core.async,cognitect.anomalies	
datomic.core2.retry	datomic/core2/retry.clj	78	6	6	0		
datomic.core2.thread	datomic/core2/thread.clj	322	19	19	0	clojure.core.async,clojure.string,cognitect.caster	datomic.core2.thread.ObservableThreadPool,java.util.concurrent.Executor,java.util.concurrent.ExecutorService,java.util.concurrent.Executors,java.util.concurrent.Future,java.util.concurrent.RejectedExecutionException,java.util.concurrent.RejectedExecutionHandler,java.util.concurrent.SynchronousQueue,java.util.concurrent.ThreadFactory,java.util.concurrent.ThreadPoolExecutor,java.util.concurrent.TimeUnit
datomic.core2.val-store	datomic/core2/val_store.clj	26	3	3	0	datomic.core2.val-store.spi	
datomic.core2.val-store.double-store	datomic/core2/val_store/double_store.clj	1940	5	3	2	clojure.core.async,cognitect.caster,datomic.core2.anomalies,datomic.core2.async,datomic.core2.val-store,datomic.core2.val-store.spi	datomic.core2.val_store.double_store.ValStore
datomic.core2.val-store.fs	datomic/core2/val_store/fs.clj	200	12	12	0	clojure.core.async,clojure.java.io,cognitect.anomalies,cognitect.caster,datomic.core2.anomalies,datomic.core2.thread,datomic.core2.val-store.spi,datomic.java.io.bbuf,datomic.measure.io-stats	datomic.core2.val_store.fs.FS,java.io.File,java.nio.channels.FileChannel,java.nio.file.Files,java.nio.file.NoSuchFileException,java.nio.file.Path,java.nio.file.StandardOpenOption,java.nio.file.attribute.FileAttribute,java.util.concurrent.ExecutorService,java.util.concurrent.RejectedExecutionException
datomic.core2.val-store.s3	datomic/core2/val_store/s3.clj	440	8	8	0	clojure.core.async,cognitect.caster,datomic.core2.anomalies,datomic.core2.async,datomic.core2.retry,datomic.core2.val-store.spi,datomic.measure.io-stats	
datomic.core2.val-store.s3.aws-api	datomic/core2/val_store/s3/aws_api.clj	1498	3	3	0	clojure.core.async,cognitect.aws.client.api,cognitect.caster,datomic.core2.anomalies,datomic.core2.async,datomic.core2.aws.s3.aws-api,datomic.core2.val-store.s3,datomic.core2.val-store.spi,datomic.measure.io-stats	datomic.core2.val_store.s3.aws_api.ValStore,java.nio.ByteBuffer
datomic.core2.val-store.s3.sdkv1	datomic/core2/val_store/s3/sdkv1.clj	182	5	5	0	cognitect.caster,datomic.core2.aws.s3.sdkv1,datomic.core2.thread,datomic.core2.val-store.s3,datomic.core2.val-store.spi,datomic.measure.io-stats	com.amazonaws.services.s3.AmazonS3Client,com.amazonaws.services.s3.model.ObjectMetadata,datomic.core2.val_store.s3.sdkv1.ValStore,datomic.java.io.impl.ByteBufferInputStream,java.nio.ByteBuffer,java.util.concurrent.ExecutorService
datomic.core2.val-store.spi	datomic/core2/val_store/spi.clj	35	10	10	0	clojure.string,cognitect.anomalies	java.nio.ByteBuffer
datomic.crypto	datomic/crypto.clj	286	28	28	0	clojure.java.io,datomic.codec,datomic.io	java.nio.ByteBuffer,java.security.Key,java.security.KeyFactory,java.security.KeyStore,java.security.PrivateKey,java.security.PublicKey,java.security.SecureRandom,java.security.Signature,java.security.spec.X509EncodedKeySpec,java.util.Arrays,javax.crypto.Cipher,javax.crypto.KeyGenerator,javax.crypto.Mac,javax.crypto.SecretKey,javax.crypto.SecretKeyFactory,javax.crypto.spec.IvParameterSpec,javax.crypto.spec.SecretKeySpec
datomic.data	datomic/data.clj	135	1	1	0		
datomic.datafy	datomic/datafy.clj	893	48	48	0	clojure.data,clojure.reflect,clojure.string	java.beans.Introspector,java.beans.PropertyDescriptor,java.lang.reflect.Method
datomic.datalog	datomic/datalog.clj	2745	86	85	1	clojure.data,clojure.set,clojure.string,datomic.cache,datomic.common,datomic.config,datomic.db,datomic.error,datomic.extensions,datomic.index,datomic.iter,datomic.measure.query-stats	datomic.btset.IDataSet,datomic.datalog.DbRel,datomic.datalog.FnRel,datomic.datalog.PredRel,datomic.db.Attribute,datomic.db.Db,datomic.db.IDb,datomic.db.IDbImpl,datomic.impl.db.IDatum,datomic.iter.Iter,java.util.ArrayList,java.util.Arrays,java.util.Collection,java.util.HashMap,java.util.HashSet,java.util.Iterator,java.util.Map,java.util.Set,java.util.concurrent.ConcurrentMap,java.util.concurrent.Executors,java.util.concurrent.ScheduledExecutorService,java.util.concurrent.ScheduledThreadPoolExecutor,java.util.concurrent.ThreadFactory,java.util.concurrent.TimeUnit
datomic.db	datomic/db.clj	6762	400	309	91	clojure.edn,clojure.pprint,clojure.set,clojure.string,datomic.builtins,datomic.common,datomic.config,datomic.core2.thread,datomic.error,datomic.fressian,datomic.fulltext-index,datomic.io,datomic.iter,datomic.janino,datomic.math,datomic.measure.io-stats,datomic.measure.io-trace,datomic.monitor,datomic.slf4j,datomic.validators	datomic.Database,datomic.Database$Predicate,datomic.Datom,datomic.btset.IDataSet,datomic.db.AVof,datomic.db.AssignPartitions,datomic.db.AttrInfo,datomic.db.Attribute,datomic.db.Datum,datomic.db.Db,datomic.db.DbId,datomic.db.EAOpof,datomic.db.EAVof,datomic.db.Function,datomic.db.GetPartition,datomic.db.IAttributeImpl,datomic.db.IDatumImpl,datomic.db.IDb,datomic.db.IDbImpl,datomic.db.IElementImpl,datomic.db.IProcess,datomic.db.IProcessExpander,datomic.db.IndexSet,datomic.db.MemLog,datomic.db.Partition,datomic.db.PartitionRequests,datomic.db.PrefetchDispatcher,datomic.db.ProcessCollector,datomic.db.ProcessExpander,datomic.db.ProcessInpoint,datomic.db.ValueType,datomic.impl.Circular,datomic.impl.db.IDatum,datomic.iter.Iter,java.net.URI,java.util.ArrayList,java.util.Comparator,java.util.Date,java.util.HashMap,java.util.HashSet,java.util.Map,java.util.Map$Entry,java.util.UUID,java.util.concurrent.Executor,java.util.concurrent.LinkedBlockingQueue,java.util.concurrent.ThreadPoolExecutor,java.util.concurrent.TimeUnit,java.util.concurrent.atomic.AtomicBoolean,java.util.concurrent.atomic.LongAdder,org.fressian.handlers.IWriteHandlerLookup,org.fressian.handlers.WriteHandlerLookup
datomic.db-io	datomic/db_io.clj	96	7	6	1	datomic.cluster,datomic.coordination,datomic.db,datomic.domain,datomic.index,datomic.log,datomic.uri	datomic.Database
datomic.ddb	datomic/ddb.clj	2428	41	41	0	clojure.edn,datomic.aws,datomic.datafy,datomic.slf4j	com.amazonaws.services.dynamodbv2.AmazonDynamoDBClient,com.amazonaws.services.dynamodbv2.model.AttributeDefinition,com.amazonaws.services.dynamodbv2.model.AttributeValue,com.amazonaws.services.dynamodbv2.model.CreateTableRequest,com.amazonaws.services.dynamodbv2.model.CreateTableResult,com.amazonaws.services.dynamodbv2.model.DeleteItemRequest,com.amazonaws.services.dynamodbv2.model.DeleteItemResult,com.amazonaws.services.dynamodbv2.model.DeleteTableRequest,com.amazonaws.services.dynamodbv2.model.DeleteTableResult,com.amazonaws.services.dynamodbv2.model.DescribeTableRequest,com.amazonaws.services.dynamodbv2.model.DescribeTableResult,com.amazonaws.services.dynamodbv2.model.ExpectedAttributeValue,com.amazonaws.services.dynamodbv2.model.GetItemRequest,com.amazonaws.services.dynamodbv2.model.GetItemResult,com.amazonaws.services.dynamodbv2.model.KeySchemaElement,com.amazonaws.services.dynamodbv2.model.KeyType,com.amazonaws.services.dynamodbv2.model.ListTablesRequest,com.amazonaws.services.dynamodbv2.model.ListTablesResult,com.amazonaws.services.dynamodbv2.model.ProvisionedThroughput,com.amazonaws.services.dynamodbv2.model.ProvisionedThroughputDescription,com.amazonaws.services.dynamodbv2.model.PutItemRequest,com.amazonaws.services.dynamodbv2.model.PutItemResult,com.amazonaws.services.dynamodbv2.model.ReturnValue,com.amazonaws.services.dynamodbv2.model.ScalarAttributeType,com.amazonaws.services.dynamodbv2.model.TableDescription,com.amazonaws.services.dynamodbv2.model.UpdateTableRequest,com.amazonaws.services.dynamodbv2.model.UpdateTableResult
datomic.ddb-cluster	datomic/ddb_cluster.clj	59	2	1	1	datomic.cluster,datomic.common,datomic.config,datomic.ddb,datomic.ddb-values,datomic.io,datomic.kv-cluster,datomic.kv-dynamo,datomic.slf4j	java.nio.ByteBuffer
datomic.ddb-s3-cluster	datomic/ddb_s3_cluster.clj	386	15	3	12	clojure.edn,clojure.string,datomic.aws,datomic.cli,datomic.cluster,datomic.combined-cluster,datomic.common,datomic.config,datomic.core2.anomalies,datomic.core2.aws.s3.sdkv1,datomic.core2.val-store.double-store,datomic.core2.val-store.fs,datomic.core2.val-store.s3,datomic.core2.val-store.s3.sdkv1,datomic.ddb,datomic.error,datomic.garbage.pod,datomic.io,datomic.kv-cluster,datomic.kv-dynamo,datomic.slf4j,datomic.val-cluster	java.util.concurrent.Semaphore
datomic.ddb-values	datomic/ddb_values.clj	526	10	10	0	datomic.common,datomic.config,datomic.ddb,datomic.future,datomic.io,datomic.slf4j	
datomic.domain	datomic/domain.clj	256	18	17	1	clojure.java.io,datomic.cache,datomic.cluster,datomic.clusterfs,datomic.config,datomic.extension-resolver,datomic.fressian,datomic.fulltext,datomic.garbage.fressian,datomic.log,datomic.measure.io-stats,datomic.measure.io-trace,datomic.memory-size,datomic.monitor,datomic.require,datomic.slf4j,datomic.summary	datomic.domain.DeserializingRepairingLookup,datomic.domain.ValcachePoller
datomic.error	datomic/error.clj	426	21	20	1	clojure.pprint,clojure.reflect	
datomic.excise	datomic/excise.clj	342	20	10	10	clojure.set,datomic.btset,datomic.common,datomic.db	datomic.Database,datomic.db.Attribute,datomic.db.IDb,datomic.impl.db.IDatum
datomic.extension-resolver	datomic/extension_resolver.clj	193	18	8	10	clojure.edn,clojure.java.io,datomic.common	
datomic.extensions	datomic/extensions.clj	184	20	17	3	datomic.common,datomic.fulltext,datomic.stats	datomic.Database,datomic.Datom,datomic.Log,datomic.db.Attribute,datomic.db.IDb,datomic.impl.Circular,datomic.impl.db.IDatum,datomic.iter.Iter
datomic.external-sort	datomic/external_sort.clj	230	11	10	1	clojure.java.io,datomic.common,datomic.config,datomic.iter	datomic.external_sort.FileSystemSorter,datomic.iter.Iter,java.util.ArrayList
datomic.external-sort-datoms	datomic/external_sort_datoms.clj	116	4	4	0	datomic.db,datomic.external-sort,datomic.fressian,datomic.iter,datomic.memory-size	datomic.db.Datum,datomic.db.IDatumImpl,datomic.impl.db.IDatum,datomic.iter.Iter,java.io.EOFException,org.fressian.Reader,org.fressian.Writer,org.fressian.handlers.ReadHandler,org.fressian.handlers.WriteHandler
datomic.fressian	datomic/fressian.clj	331	24	23	1	clojure.java.io,datomic.common,datomic.function,datomic.io,datomic.iter,datomic.java.io.stream,datomic.measure.io-stats,datomic.monitor,datomic.queue,datomic.slf4j	datomic.fressian.FressianIter,datomic.iter.Iter,java.io.ByteArrayInputStream,java.io.ByteArrayOutputStream,java.io.EOFException,java.io.InputStream,java.io.OutputStream,java.io.PipedInputStream,java.io.PipedOutputStream,java.nio.ByteBuffer,java.util.zip.GZIPInputStream,org.fressian.FressianReader,org.fressian.FressianWriter,org.fressian.Reader,org.fressian.StreamingWriter,org.fressian.Writer,org.fressian.handlers.ILookup,org.fressian.handlers.ReadHandler,org.fressian.handlers.WriteHandler,org.fressian.handlers.WriteHandlerLookup,org.fressian.impl.ByteBufferInputStream,org.fressian.impl.BytesOutputStream
datomic.fulltext	datomic/fulltext.clj	882	39	39	0	clojure.java.io,datomic.cluster,datomic.clusterfs,datomic.common,datomic.db,datomic.fressian,datomic.fulltext-index,datomic.iter,datomic.lucene,datomic.monitor,datomic.slf4j	com.datomic.lucene.document.Document,com.datomic.lucene.document.Field,com.datomic.lucene.index.IndexReader,com.datomic.lucene.search.IndexSearcher,com.datomic.lucene.search.Query,com.datomic.lucene.search.ScoreDoc,com.datomic.lucene.store.Directory,datomic.Database,datomic.db.IDatumImpl,datomic.db.IDb,datomic.fulltext.ClusteredFulltext,datomic.fulltext.Root,datomic.fulltext.SearchIterable,datomic.fulltext.SearchIterator,datomic.impl.clusterfs.IClusterFS,datomic.impl.db.IDatum,datomic.impl.lucene.ClusterDirectory,datomic.impl.lucene.HybridDirectory,datomic.iter.Iter,java.io.Closeable,java.nio.ByteBuffer,java.util.Iterator,org.fressian.handlers.ReadHandler,org.fressian.handlers.WriteHandler
datomic.fulltext-index	datomic/fulltext_index.clj	116	9	9	0	datomic.common,datomic.lucene,datomic.monitor	datomic.fulltext_index.PersistentFulltext,datomic.impl.db.IDatum,java.util.ArrayList,java.util.Comparator
datomic.function	datomic/function.clj	199	11	9	2	datomic.common,datomic.error,datomic.janino,datomic.memory-size	datomic.function.Function,datomic.functions.Fn,datomic.functions.Fn0,datomic.functions.Fn1,datomic.functions.Fn10,datomic.functions.Fn2,datomic.functions.Fn3,datomic.functions.Fn4,datomic.functions.Fn5,datomic.functions.Fn6,datomic.functions.Fn7,datomic.functions.Fn8,datomic.functions.Fn9
datomic.future	datomic/future.clj	686	14	13	1	clojure.core.async,datomic.monitor,datomic.slf4j	clojure.lang.IBlockingDeref,clojure.lang.IDeref,clojure.lang.IPending,datomic.future.ClojureFutureWithChannel,datomic.future.JavaFutureWithChannel,java.util.concurrent.Callable,java.util.concurrent.ExecutorService,java.util.concurrent.Future,java.util.concurrent.TimeoutException
datomic.garbage	datomic/garbage.clj	712	27	26	1	datomic.cache,datomic.catalog,datomic.cluster,datomic.common,datomic.config,datomic.coordination,datomic.domain,datomic.fressian,datomic.garbage.fressian,datomic.index,datomic.io,datomic.kv-cluster,datomic.log,datomic.monitor,datomic.process.events,datomic.slf4j,datomic.treewalk,datomic.uri	
datomic.garbage.fressian	datomic/garbage/fressian.clj	117	19	17	2	datomic.fressian	datomic.garbage.fressian.GarbageDir,datomic.garbage.fressian.GarbageLeaf,datomic.garbage.fressian.GarbageRoot,org.fressian.handlers.ReadHandler,org.fressian.handlers.WriteHandler
datomic.garbage.pod	datomic/garbage/pod.clj	941	3	1	2	clojure.core.async,datomic.cluster,datomic.config,datomic.future,datomic.monitor,datomic.process,datomic.slf4j	
datomic.h2	datomic/h2.clj	293	17	16	1	datomic.kv-sql,datomic.slf4j,datomic.sql	java.lang.AutoCloseable,org.h2.tools.Server
datomic.index	datomic/index.clj	5442	113	90	23	clojure.core.async,clojure.edn,datomic.btset,datomic.cache,datomic.cluster,datomic.common,datomic.config,datomic.core2.thread,datomic.db,datomic.error,datomic.excise,datomic.external-sort-datoms,datomic.fressian,datomic.fulltext,datomic.io,datomic.iter,datomic.math,datomic.measure.io-stats,datomic.measure.io-trace,datomic.memory-size,datomic.monitor,datomic.process,datomic.process.events,datomic.slf4j	clojure.lang.ILookup,clojure.lang.Indexed,datomic.Database,datomic.Datom,datomic.btset.IDataSet,datomic.db.Attribute,datomic.db.Db,datomic.db.IDatumImpl,datomic.db.IProcess,datomic.db.IndexSet,datomic.db.ProcessInpoint,datomic.impl.db.IDatum,datomic.index.DirNode,datomic.index.IBinarySearch,datomic.index.ITransposeData,datomic.index.Index,datomic.index.IndexedComparator,datomic.index.RootNode,datomic.index.TransposedData,datomic.index.TreeIter,datomic.iter.Iter,java.io.BufferedOutputStream,java.nio.ByteBuffer,java.util.ArrayList,java.util.Comparator,java.util.zip.GZIPOutputStream,org.fressian.handlers.ReadHandler,org.fressian.handlers.WriteHandler,org.fressian.impl.BytesOutputStream
datomic.integrity	datomic/integrity.clj	2823	87	86	1	clojure.pprint,datomic.api,datomic.assert,datomic.btset,datomic.cache,datomic.cli,datomic.cluster,datomic.clusterfs,datomic.common,datomic.config,datomic.coordination,datomic.db,datomic.domain,datomic.excise,datomic.fressian,datomic.fulltext,datomic.garbage,datomic.index,datomic.io,datomic.iter,datomic.kv-store,datomic.log,datomic.math,datomic.memory-size,datomic.peer,datomic.slf4j,datomic.stats,datomic.tools,datomic.tools.index-checks,datomic.uri	datomic.Database,datomic.Datom,datomic.btset.IDataSet,datomic.clusterfs.ClusterFS,datomic.db.Attribute,datomic.db.IDb,datomic.fulltext.Root,datomic.index.DirNode,datomic.index.RootNode,datomic.iter.Iter,java.util.Comparator
datomic.io	datomic/io.clj	514	45	45	0	clojure.edn,clojure.java.io,datomic.java.io.stream	datomic.impl.JavaByteUtil,java.io.BufferedOutputStream,java.io.BufferedReader,java.io.BufferedWriter,java.io.Closeable,java.io.IOException,java.io.InputStream,java.io.InputStreamReader,java.io.OutputStream,java.io.OutputStreamWriter,java.io.PushbackReader,java.io.Reader,java.io.Writer,java.net.URI,java.net.URL,java.nio.Buffer,java.nio.ByteBuffer,java.nio.channels.ReadableByteChannel,java.nio.channels.WritableByteChannel,java.nio.charset.Charset,java.util.zip.GZIPInputStream,java.util.zip.GZIPOutputStream,org.fressian.impl.ByteBufferInputStream,org.fressian.impl.BytesOutputStream
datomic.iter	datomic/iter.clj	258	27	26	1		datomic.iter.Iter,datomic.iter.IterCat,datomic.iter.Iterator,datomic.iter.MapIter,datomic.iter.MergeIter,datomic.iter.ReversedIter,java.util.Comparator
datomic.janino	datomic/janino.clj	47	1	1	0		
datomic.kv-cache	datomic/kv_cache.clj	46	4	3	1	datomic.cache,datomic.common,datomic.config,datomic.monitor,datomic.require	
datomic.kv-cassandra	datomic/kv_cassandra.clj	119	6	6	0	clojure.string,datomic.cassandra,datomic.config,datomic.error,datomic.io,datomic.kv-store,datomic.require,datomic.slf4j	com.datastax.driver.core.Cluster,datomic.kv_cassandra.KVCassandra
datomic.kv-cassandra2	datomic/kv_cassandra2.clj	122	5	5	0	datomic.callback,datomic.cassandra,datomic.cassandra-values,datomic.kv-store,datomic.slf4j	com.datastax.driver.core.Cluster,com.datastax.driver.core.Session,datomic.kv_cassandra2.KVCassandra2
datomic.kv-cassandra3	datomic/kv_cassandra3.clj	120	5	5	0	datomic.cassandra-v4,datomic.cassandra-values-v4,datomic.kv-store	com.datastax.oss.driver.api.core.CqlSessionBuilder,com.datastax.oss.driver.api.core.cql.SyncCqlSession,datomic.kv_cassandra3.KVCassandra3,java.net.InetSocketAddress,javax.net.ssl.SSLContext
datomic.kv-cluster	datomic/kv_cluster.clj	1302	17	12	5	datomic.cache,datomic.cluster,datomic.common,datomic.config,datomic.future,datomic.kv-store,datomic.measure.io-stats,datomic.monitor,datomic.process.events,datomic.require,datomic.slf4j	datomic.kv_cluster.KVCluster,java.io.Closeable,java.nio.ByteBuffer,java.util.concurrent.ExecutorService,java.util.concurrent.Semaphore,java.util.concurrent.TimeUnit
datomic.kv-dynamo	datomic/kv_dynamo.clj	99	6	4	2	clojure.string,datomic.ddb,datomic.ddb-values,datomic.kv-store	datomic.kv_dynamo.KVDynamo
datomic.kv-dynamo-skv	datomic/kv_dynamo_skv.clj	132	5	5	0	datomic.ddb,datomic.ddb-values,datomic.io,datomic.kv-store,datomic.simple-kv	datomic.kv_dynamo_skv.KVDynamoSKV,java.nio.ByteBuffer
datomic.kv-hotrod	datomic/kv_hotrod.clj	101	6	6	0	datomic.io,datomic.kv-store	datomic.kv_hotrod.KVHotRod,java.nio.ByteBuffer
datomic.kv-mem	datomic/kv_mem.clj	49	3	3	0	datomic.kv-store	datomic.kv_mem.KVMem,java.nio.ByteBuffer,java.util.concurrent.ConcurrentHashMap,java.util.concurrent.ConcurrentMap
datomic.kv-sql	datomic/kv_sql.clj	100	5	5	0	datomic.error,datomic.io,datomic.kv-store,datomic.require,datomic.slf4j,datomic.sql	datomic.kv_sql.KVSql,java.nio.ByteBuffer,java.sql.SQLException
datomic.kv-sql-ext	datomic/kv_sql_ext.clj	152	10	9	1	datomic.config,datomic.error,datomic.io,datomic.kv-store,datomic.monitor,datomic.slf4j,datomic.sql	java.nio.ByteBuffer,java.sql.Connection,java.sql.PreparedStatement,java.sql.SQLException,org.apache.tomcat.jdbc.pool.DataSource
datomic.kv-store	datomic/kv_store.clj	19	5	5	0		
datomic.log	datomic/log.clj	1494	108	105	3	datomic.cache,datomic.cluster,datomic.common,datomic.config,datomic.db,datomic.error,datomic.excise,datomic.fressian,datomic.index,datomic.io,datomic.iter,datomic.memory-size,datomic.monitor,datomic.process.events,datomic.promise,datomic.slf4j,datomic.transaction	datomic.Database,datomic.db.IDb,datomic.db.IDbImpl,datomic.impl.db.IDatum,datomic.log.LogDir,datomic.log.LogImpl,datomic.log.LogTailValue,datomic.log.LogTxIter,datomic.log.LogValue,datomic.log.Tail,datomic.log.TailTxIter,java.io.ByteArrayOutputStream,java.nio.ByteBuffer,java.util.Collections,java.util.Comparator,java.util.UUID,org.fressian.StreamingWriter,org.fressian.handlers.ReadHandler,org.fressian.handlers.WriteHandler,org.fressian.impl.ByteBufferInputStream,org.fressian.impl.BytesOutputStream,org.fressian.impl.Codes
datomic.lucene	datomic/lucene.clj	485	29	28	1	clojure.java.io	com.datomic.lucene.analysis.Analyzer,com.datomic.lucene.analysis.TokenStream,com.datomic.lucene.analysis.standard.StandardAnalyzer,com.datomic.lucene.document.Document,com.datomic.lucene.document.Field,com.datomic.lucene.document.Field$Index,com.datomic.lucene.document.Field$Store,com.datomic.lucene.document.NumericField,com.datomic.lucene.index.IndexReader,com.datomic.lucene.index.IndexWriter,com.datomic.lucene.index.IndexWriterConfig,com.datomic.lucene.index.MultiReader,com.datomic.lucene.index.Term,com.datomic.lucene.index.TermEnum,com.datomic.lucene.index.TieredMergePolicy,com.datomic.lucene.queryParser.QueryParser,com.datomic.lucene.search.BooleanClause$Occur,com.datomic.lucene.search.BooleanQuery,com.datomic.lucene.search.IndexSearcher,com.datomic.lucene.search.NumericRangeQuery,com.datomic.lucene.search.PhraseQuery,com.datomic.lucene.search.Query,com.datomic.lucene.search.ScoreDoc,com.datomic.lucene.search.TermQuery,com.datomic.lucene.store.Directory,com.datomic.lucene.store.FSDirectory,com.datomic.lucene.store.RAMDirectory,com.datomic.lucene.util.Version,java.io.ByteArrayInputStream,java.io.File,java.io.InputStream
datomic.math	datomic/math.clj	97	17	17	0		
datomic.memcached	datomic/memcached.clj	524	24	15	9	datomic.cache.impl,datomic.common,datomic.config,datomic.config-ext,datomic.io,datomic.measure.io-stats,datomic.monitor,datomic.require,datomic.slf4j	datomic.memcached.RecoveringClient,datomic.spy.memcached.AddrUtil,datomic.spy.memcached.CachedData,datomic.spy.memcached.ConnectionFactory,datomic.spy.memcached.ConnectionFactoryBuilder,datomic.spy.memcached.ConnectionFactoryBuilder$Locator,datomic.spy.memcached.ConnectionFactoryBuilder$Protocol,datomic.spy.memcached.DefaultHashAlgorithm,datomic.spy.memcached.FailureMode,datomic.spy.memcached.KetamaConnectionFactory,datomic.spy.memcached.MemcachedClient,datomic.spy.memcached.OperationTimeoutException,datomic.spy.memcached.auth.AuthDescriptor,datomic.spy.memcached.auth.PlainCallbackHandler,datomic.spy.memcached.internal.OperationCompletionListener,datomic.spy.memcached.internal.OperationFuture,datomic.spy.memcached.transcoders.Transcoder,java.lang.AutoCloseable,java.net.InetAddress,java.net.InetSocketAddress,java.nio.ByteBuffer,java.util.concurrent.ExecutionException,java.util.concurrent.Future,java.util.concurrent.Semaphore,java.util.concurrent.TimeUnit
datomic.memory	datomic/memory.clj	134	15	15	0	clojure.string,datomic.common,datomic.config,datomic.math	
datomic.memory-size	datomic/memory_size.clj	182	10	10	0		
datomic.monitor	datomic/monitor.clj	193	15	14	1	clojure.edn,datomic.math	datomic.monitor.Statistics,datomic.monitor.StatsUpdate,java.util.concurrent.ConcurrentHashMap,java.util.concurrent.atomic.LongAccumulator,java.util.concurrent.atomic.LongAdder
datomic.peer	datomic/peer.clj	1504	63	60	3	clojure.java.io,clojure.pprint,clojure.string,datomic.adopter,datomic.cache,datomic.cast2slf4j,datomic.catalog,datomic.cleanup,datomic.cluster,datomic.cluster-stack,datomic.common,datomic.config,datomic.connector,datomic.coordination,datomic.db,datomic.db-io,datomic.domain,datomic.error,datomic.fulltext-index,datomic.index,datomic.io,datomic.log,datomic.math,datomic.memory,datomic.monitor,datomic.process-monitor,datomic.promise,datomic.queue,datomic.reconnector2,datomic.require,datomic.slf4j,datomic.transaction,datomic.uri	datomic.Database,datomic.db.IDbImpl,datomic.impl.db.IDatum,datomic.peer.Connection,datomic.peer.ConnectionState,datomic.peer.LocalConnection,datomic.peer.TWatcherImpl,java.lang.ref.WeakReference,java.net.URI,java.util.Map,java.util.Queue,java.util.concurrent.ArrayBlockingQueue,java.util.concurrent.LinkedBlockingQueue
datomic.process	datomic/process.clj	160	12	12	0	datomic.common,datomic.config,datomic.slf4j	datomic.process.SharedCriticalFailure
datomic.process.events	datomic/process/events.clj	30	4	4	0		
datomic.process-monitor	datomic/process_monitor.clj	166	7	6	1	clojure.string,datomic.callback,datomic.common,datomic.config,datomic.domain,datomic.monitor,datomic.process,datomic.slf4j	
datomic.promise	datomic/promise.clj	140	4	4	0		java.util.concurrent.CancellationException,java.util.concurrent.CountDownLatch,java.util.concurrent.ExecutionException,java.util.concurrent.Executor,java.util.concurrent.TimeUnit,java.util.concurrent.TimeoutException
datomic.pull	datomic/pull.clj	689	30	25	5	clojure.edn,datomic.cache,datomic.common,datomic.db,datomic.error,datomic.extension-resolver,datomic.iter,datomic.measure.io-stats	datomic.Database,datomic.Datom,datomic.db.Attribute,datomic.db.IDb,datomic.impl.db.IDatum,datomic.iter.Iter,datomic.pull.AIter,java.util.Iterator,java.util.NoSuchElementException
datomic.qtune	datomic/qtune.clj	213	8	8	0	clojure.edn,clojure.set,datomic.api,datomic.common,datomic.datalog,datomic.query	
datomic.query	datomic/query.clj	1332	52	42	10	clojure.pprint,clojure.set,datomic.aggregation,datomic.cache,datomic.common,datomic.config,datomic.datalog,datomic.db,datomic.error,datomic.extensions,datomic.fulltext,datomic.index,datomic.iter,datomic.measure.io-stats,datomic.measure.query-stats,datomic.pull,datomic.query.support	clojure.lang.IPersistentVector,datomic.Database,datomic.Entity,datomic.btset.IDataSet,datomic.db.Attribute,datomic.db.Db,datomic.db.IDb,datomic.db.IDbImpl,datomic.impl.db.IDatum,datomic.iter.Iter,datomic.query.EMapImpl,datomic.query.EntityMap,java.util.ArrayList,java.util.Collection,java.util.Comparator,java.util.List,java.util.Map,java.util.Set
datomic.query.support	datomic/query/support.clj	99	6	5	1	clojure.edn	
datomic.queue	datomic/queue.clj	123	16	16	0		datomic.queue.DelayingQueue,java.lang.ref.ReferenceQueue,java.util.concurrent.BlockingQueue,java.util.concurrent.LinkedBlockingQueue,java.util.concurrent.TimeUnit
datomic.reconnector2	datomic/reconnector2.clj	156	7	7	0	datomic.common,datomic.promise	datomic.reconnector2.Reconnector
datomic.require	datomic/require.clj	40	3	3	0	s	
datomic.s3	datomic/s3.clj	276	35	35	0	clojure.java.io,clojure.string,datomic.datafy,datomic.io,datomic.s3-api	com.amazonaws.HttpMethod,com.amazonaws.auth.InstanceProfileCredentialsProvider,com.amazonaws.services.s3.model.AmazonS3Exception,com.amazonaws.services.s3.model.CannedAccessControlList,com.amazonaws.services.s3.model.DeleteObjectsRequest,com.amazonaws.services.s3.model.MultiObjectDeleteException,com.amazonaws.services.s3.model.ObjectMetadata,com.amazonaws.services.s3.model.PutObjectRequest,com.amazonaws.services.s3.model.S3Object,java.io.ByteArrayInputStream,java.net.HttpURLConnection,java.net.URL,java.net.URLConnection,java.nio.ByteBuffer,java.util.Date,java.util.UUID
datomic.s3-api	datomic/s3_api.clj	1500	24	24	0	datomic.aws,datomic.datafy	com.amazonaws.services.s3.AmazonS3Client,com.amazonaws.services.s3.model.Bucket,com.amazonaws.services.s3.model.BucketPolicy,com.amazonaws.services.s3.model.DeleteObjectsRequest,com.amazonaws.services.s3.model.DeleteObjectsResult,com.amazonaws.services.s3.model.DeleteObjectsResult$DeletedObject,com.amazonaws.services.s3.model.GeneratePresignedUrlRequest,com.amazonaws.services.s3.model.ListObjectsRequest,com.amazonaws.services.s3.model.MultiObjectDeleteException$DeleteError,com.amazonaws.services.s3.model.ObjectListing,com.amazonaws.services.s3.model.ObjectMetadata,com.amazonaws.services.s3.model.Owner,com.amazonaws.services.s3.model.PutObjectResult,com.amazonaws.services.s3.model.S3ObjectSummary
datomic.s3-kv	datomic/s3_kv.clj	59	6	6	0	datomic.io,datomic.s3,datomic.simple-kv	datomic.s3_kv.S3Storage
datomic.simple-kv	datomic/simple_kv.clj	68	6	6	0	clojure.edn	java.nio.ByteBuffer
datomic.slf4j	datomic/slf4j.clj	425	27	25	2	clojure.edn,clojure.string,datomic.error,datomic.math	org.slf4j.Logger,org.slf4j.LoggerFactory
datomic.sql	datomic/sql.clj	239	8	8	0	clojure.string,datomic.error	java.sql.Connection,java.sql.PreparedStatement,java.sql.ResultSet,java.sql.Types,javax.sql.DataSource
datomic.stats	datomic/stats.clj	522	27	25	2	datomic.clusterfs,datomic.core2.algo.lazy,datomic.db,datomic.iter,datomic.math,datomic.memory-size	datomic.Database,datomic.btset.IDataSet,datomic.impl.db.IDatum,java.util.Comparator
datomic.summary	datomic/summary.clj	62	4	4	0		
datomic.tools	datomic/tools.clj	508	58	56	2	clojure.java.io,clojure.pprint,datomic.api,datomic.cache,datomic.catalog,datomic.cluster,datomic.common,datomic.coordination,datomic.db,datomic.db-io,datomic.domain,datomic.index,datomic.iter,datomic.kv-cluster,datomic.log,datomic.math,datomic.memory-size,datomic.monitor,datomic.peer,datomic.require,datomic.slf4j,datomic.stats,datomic.uri	datomic.Datom,java.nio.ByteBuffer
datomic.tools.index-checks	datomic/tools/index_checks.clj	228	12	12	0	datomic.api,datomic.db,datomic.tools	datomic.Datom,datomic.db.Attribute
datomic.transaction	datomic/transaction.clj	272	13	13	0	datomic.cache,datomic.common,datomic.config,datomic.db,datomic.error,datomic.fressian,datomic.index,datomic.monitor,datomic.slf4j,datomic.validators	datomic.db.Datum,datomic.db.DbId,datomic.db.IDatumImpl,datomic.db.IProcess,datomic.db.ProcessCollector,datomic.db.ProcessInpoint,datomic.impl.db.IDatum,java.io.InputStream,java.util.ArrayList,org.fressian.handlers.ReadHandler,org.fressian.handlers.WriteHandler
datomic.treewalk	datomic/treewalk.clj	174	17	17	0	datomic.clusterfs,datomic.common,datomic.fulltext,datomic.index	datomic.treewalk.Node
datomic.uri	datomic/uri.clj	678	49	47	2	clojure.edn,clojure.string,datomic.common,datomic.error	java.net.URI
datomic.val-cluster	datomic/val_cluster.clj	270	5	5	0	datomic.cluster,datomic.common,datomic.core2.anomalies,datomic.core2.async,datomic.core2.val-store,datomic.future,datomic.slf4j	datomic.val_cluster.ValCluster,java.nio.ByteBuffer
datomic.valcache	datomic/valcache.clj	1096	51	37	14	datomic.async,datomic.io,datomic.slf4j	datomic.valcache.Server,java.io.IOException,java.lang.AutoCloseable,java.net.InetSocketAddress,java.nio.ByteBuffer,java.nio.channels.AsynchronousCloseException,java.nio.channels.FileChannel,java.nio.channels.ServerSocketChannel,java.nio.channels.SocketChannel,java.nio.file.CopyOption,java.nio.file.FileSystems,java.nio.file.FileVisitResult,java.nio.file.FileVisitor,java.nio.file.Files,java.nio.file.LinkOption,java.nio.file.OpenOption,java.nio.file.Path,java.nio.file.StandardCopyOption,java.nio.file.StandardOpenOption,java.nio.file.attribute.FileTime,java.util.UUID,java.util.concurrent.ConcurrentHashMap,java.util.concurrent.Semaphore
datomic.valcache.puts-pool	datomic/valcache/puts_pool.clj	12	5	5	0		
datomic.valcache.puts-pool-impl	datomic/valcache/puts_pool_impl.clj	130	5	5	0	datomic.common,datomic.config,datomic.monitor,datomic.valcache.puts-pool	datomic.valcache.puts_pool_impl.ValcachePutsPoolImpl,java.nio.ByteBuffer,java.util.concurrent.ConcurrentHashMap,java.util.concurrent.ConcurrentMap,java.util.concurrent.LinkedBlockingQueue,java.util.concurrent.ThreadFactory,java.util.concurrent.ThreadPoolExecutor,java.util.concurrent.TimeUnit
datomic.valcache-direct	datomic/valcache_direct.clj	178	5	3	2	datomic.async,datomic.cache.impl,datomic.common,datomic.config,datomic.config-ext,datomic.measure.io-stats,datomic.monitor,datomic.slf4j,datomic.valcache,datomic.valcache.puts-pool,datomic.valcache.puts-pool-impl	clojure.lang.ILookup,datomic.valcache_direct.ValcacheDirect,java.lang.AutoCloseable,java.nio.ByteBuffer,java.util.concurrent.ExecutorService,java.util.concurrent.LinkedBlockingQueue,java.util.concurrent.ThreadFactory,java.util.concurrent.ThreadPoolExecutor,java.util.concurrent.ThreadPoolExecutor$DiscardPolicy,java.util.concurrent.TimeUnit
datomic.validators	datomic/validators.clj	28	2	2	0	clojure.set	
